User_ID,Calories
1,603.36
2,612.66
3,282.87
4,418.3
5,424.74
6,478.52
7,390.69
8,394.12
9,544.04
10,315.39
11,273.8
12,523.35
13,622.93
14,364.76
15,161.95
16,267.51
17,335.4
18,223.5
19,644.39
20,547.33
21,383.54
22,103.75
23,420.75
24,182.12
25,255.86
26,162.15
27,549.95
28,672.32
29,333.35
30,399.68
31,647.77
32,348.2
33,686.04
34,152.8
35,369.14
36,262.68
37,278.53
38,527.15
39,444.8
40,685.68
41,74.63
42,581.15
43,632.18
44,98.51
45,185.9
46,157.38
47,563.81
48,581.08
49,325.56
50,551.64
51,507.45
52,399.2
53,602.28
54,467.45
55,871.26
56,680.34
57,464.16
58,458.82
59,696.75
60,550.99
61,86.96
62,356.66
63,326.31
64,547.15
65,492.7
66,630.94
67,519.4
68,322.67
69,234.71
70,155.78
71,290.5
72,341.96
73,519.3
74,523.09
75,302.72
76,313.09
77,372.25
78,150.88
79,219.93
80,539.72
81,366.35
82,555.79
83,138.05
84,275.1
85,625.33
86,516.95
87,208.91
88,541.56
89,82.88
90,500.01
91,189.82
92,220.01
93,344.58
94,333.72
95,456.73
96,554.31
97,617.03
98,388.05
99,376.83
100,617.83
101,736.02
102,544.9
103,269.47
104,260.37
105,238.45
106,413.98
107,91.41
108,687.32
109,202.77
110,364.25
111,233.26
112,475.65
113,482.21
114,153.25
115,303.42
116,681.56
117,754.87
118,280.6
119,484.52
120,586.07
121,127.84
122,653.01
123,413.01
124,758.55
125,221.73
126,245.22
127,357.04
128,391.72
129,455.45
130,511.58
131,108.45
132,615.52
133,650.14
134,209.51
135,607.62
136,527.9
137,309.75
138,131.44
139,565.59
140,306.56
141,170.44
142,407.67
143,526.6
144,533.6
145,339.94
146,495.21
147,265.31
148,487.37
149,141.78
150,394.77
151,622.63
152,825.4
153,362.42
154,241.7
155,202.26
156,414.21
157,220.97
158,96.02
159,694.09
160,210.43
161,453.84
162,358.11
163,471.45
164,588.09
165,280.27
166,169.39
167,231.94
168,289.85
169,473.07
170,213.27
171,384.69
172,622.77
173,129.93
174,154.47
175,360.96
176,136.96
177,276.95
178,425.36
179,96.87
180,693.34
181,522.07
182,497.68
183,430.5
184,333.31
185,202.32
186,499.77
187,334.54
188,457.54
189,571.65
190,430.77
191,281.71
192,384.91
193,608.48
194,208.99
195,368.77
196,90.11
197,603.49
198,397.61
199,167.13
200,541.61
201,414.48
202,467.94
203,853.7
204,132.83
205,362.85
206,104.66
207,402.98
208,754.92
209,251.09
210,403.04
211,401.38
212,763.81
213,512.45
214,624.05
215,420.43
216,420.76
217,392.7
218,506.65
219,425.75
220,434.04
221,405.93
222,159.25
223,441.05
224,667.11
225,271.95
226,281.52
227,661.21
228,618.76
229,410.14
230,389.94
231,561.26
232,698.09
233,154.32
234,534.74
235,145.58
236,442.49
237,236.16
238,160.45
239,455.22
240,202.67
241,383.37
242,505.25
243,103.05
244,622.74
245,155.22
246,150.63
247,161.85
248,362.28
249,364.86
250,247.76
251,220.82
252,571.5
253,177.4
254,113.04
255,531.05
256,507.63
257,511.25
258,284.38
259,113.86
260,638.88
261,202.08
262,506.6
263,346.0
264,632.95
265,715.86
266,493.02
267,349.63
268,382.43
269,502.29
270,283.04
271,247.77
272,470.27
273,157.3
274,246.16
275,162.28
276,437.55
277,213.14
278,376.36
279,126.81
280,683.13
281,501.7
282,79.85
283,203.41
284,437.74
285,243.69
286,697.68
287,651.28
288,521.3
289,447.41
290,238.67
291,469.96
292,104.46
293,467.96
294,136.35
295,364.14
296,354.14
297,156.53
298,230.78
299,386.2
300,437.79
301,448.65
302,591.41
303,666.81
304,229.08
305,296.37
306,345.17
307,146.19
308,208.82
309,374.09
310,229.61
311,403.0
312,672.46
313,316.05
314,830.94
315,486.27
316,360.71
317,385.13
318,336.67
319,590.55
320,505.96
321,657.6
322,105.04
323,719.19
324,73.92
325,105.57
326,204.51
327,255.08
328,222.97
329,183.73
330,483.71
331,647.19
332,781.99
333,80.26
334,145.46
335,294.46
336,502.67
337,661.55
338,233.33
339,557.36
340,304.56
341,492.49
342,338.08
343,270.48
344,401.8
345,139.26
346,603.92
347,387.94
348,558.75
349,396.54
350,614.8
351,350.44
352,246.09
353,633.02
354,81.85
355,188.34
356,737.33
357,653.83
358,115.88
359,135.94
360,444.6
361,129.31
362,696.33
363,434.63
364,374.54
365,604.21
366,674.61
367,613.92
368,434.36
369,510.12
370,425.45
371,508.8
372,515.27
373,217.14
374,195.99
375,458.16
376,629.0
377,679.16
378,197.65
379,243.11
380,385.18
381,663.2
382,295.69
383,342.4
384,503.52
385,548.12
386,413.23
387,787.83
388,610.66
389,584.06
390,289.33
391,754.17
392,300.61
393,387.8
394,147.32
395,583.5
396,176.71
397,413.84
398,572.62
399,89.33
400,644.3
401,362.76
402,430.88
403,307.9
404,828.12
405,442.8
406,66.58
407,359.97
408,613.5
409,300.52
410,120.6
411,357.08
412,479.9
413,309.12
414,598.02
415,154.96
416,166.97
417,311.53
418,672.09
419,175.36
420,176.77
421,175.96
422,274.38
423,143.15
424,610.64
425,181.94
426,739.73
427,161.94
428,132.73
429,811.97
430,495.4
431,581.48
432,126.3
433,293.77
434,612.5
435,158.77
436,680.09
437,183.45
438,449.44
439,612.6
440,845.31
441,629.27
442,660.31
443,318.97
444,207.24
445,523.58
446,343.23
447,571.67
448,419.12
449,243.84
450,71.56
451,227.76
452,108.24
453,499.79
454,400.43
455,146.43
456,828.24
457,250.33
458,273.81
459,730.63
460,838.51
461,396.2
462,470.33
463,363.2
464,447.83
465,484.49
466,320.92
467,220.87
468,693.99
469,89.86
470,376.71
471,566.19
472,274.37
473,142.28
474,588.27
475,707.43
476,162.97
477,184.48
478,278.98
479,499.82
480,660.43
481,422.85
482,125.67
483,472.55
484,428.55
485,703.4
486,302.61
487,308.71
488,392.66
489,190.1
490,595.66
491,160.8
492,602.96
493,328.04
494,298.95
495,451.09
496,465.54
497,469.52
498,527.76
499,245.42
500,466.6
501,251.05
502,124.88
503,593.27
504,424.89
505,494.41
506,415.76
507,575.61
508,799.94
509,104.21
510,166.92
511,348.42
512,533.35
513,572.6
514,280.07
515,206.89
516,601.83
517,155.42
518,340.37
519,229.16
520,413.43
521,545.6
522,704.44
523,551.11
524,120.61
525,344.67
526,221.96
527,743.09
528,382.31
529,123.1
530,407.26
531,204.44
532,626.08
533,703.78
534,650.18
535,150.16
536,521.19
537,258.24
538,805.07
539,715.58
540,613.68
541,670.82
542,109.93
543,99.66
544,176.53
545,442.25
546,533.35
547,358.13
548,462.03
549,138.13
550,748.27
551,190.1
552,86.81
553,128.09
554,172.79
555,708.2
556,263.82
557,511.86
558,245.81
559,256.39
560,143.96
561,236.77
562,334.75
563,128.63
564,366.48
565,289.59
566,296.44
567,529.19
568,267.39
569,180.36
570,724.97
571,100.16
572,454.06
573,765.15
574,631.28
575,677.92
576,305.49
577,765.9
578,406.17
579,564.67
580,530.04
581,547.3
582,189.07
583,529.73
584,470.2
585,438.72
586,554.39
587,221.19
588,240.92
589,290.48
590,568.9
591,294.88
592,422.37
593,435.16
594,578.43
595,143.71
596,636.42
597,372.48
598,226.55
599,97.09
600,383.84
601,296.32
602,131.5
603,490.03
604,92.8
605,555.48
606,461.29
607,677.89
608,149.06
609,446.26
610,443.09
611,423.76
612,494.16
613,488.15
614,406.29
615,378.66
616,633.48
617,471.02
618,377.62
619,188.89
620,575.11
621,466.19
622,371.3
623,226.0
624,522.31
625,218.23
626,438.29
627,635.24
628,476.03
629,732.24
630,659.03
631,551.96
632,155.0
633,95.24
634,543.31
635,593.0
636,367.54
637,133.18
638,495.34
639,108.89
640,395.0
641,275.01
642,71.14
643,326.21
644,526.93
645,148.16
646,494.7
647,667.98
648,190.61
649,126.01
650,633.44
651,324.12
652,118.8
653,87.42
654,295.08
655,422.66
656,473.24
657,491.27
658,386.91
659,107.18
660,286.71
661,398.85
662,300.73
663,376.07
664,332.44
665,626.89
666,658.66
667,408.45
668,275.05
669,144.06
670,743.6
671,544.18
672,473.05
673,333.4
674,440.78
675,136.05
676,834.8
677,553.33
678,90.37
679,316.68
680,123.39
681,199.53
682,201.04
683,514.04
684,170.81
685,579.98
686,534.13
687,515.6
688,309.03
689,439.09
690,531.3
691,311.48
692,93.87
693,195.67
694,445.25
695,567.35
696,295.22
697,486.07
698,497.07
699,677.96
700,183.34
701,397.16
702,458.48
703,146.58
704,392.37
705,249.87
706,519.62
707,191.65
708,425.22
709,434.02
710,214.12
711,573.96
712,477.38
713,229.43
714,200.85
715,317.51
716,161.4
717,145.43
718,467.71
719,512.19
720,581.89
721,87.9
722,634.27
723,323.15
724,470.83
725,570.51
726,804.0
727,130.25
728,731.35
729,366.96
730,287.19
731,196.13
732,716.5
733,276.29
734,92.64
735,504.37
736,812.14
737,471.76
738,561.17
739,521.76
740,506.48
741,168.13
742,729.4
743,336.78
744,667.71
745,342.29
746,151.51
747,568.1
748,215.86
749,250.55
750,197.26
751,469.28
752,272.25
753,457.74
754,318.89
755,524.28
756,576.0
757,232.69
758,297.63
759,200.28
760,200.37
761,637.09
762,519.28
763,303.92
764,321.42
765,689.58
766,483.32
767,225.91
768,107.45
769,530.54
770,622.12
771,660.73
772,196.55
773,394.04
774,380.19
775,437.39
776,169.95
777,847.18
778,463.95
779,425.09
780,270.7
781,720.2
782,834.44
783,342.75
784,521.72
785,575.83
786,403.98
787,194.54
788,534.54
789,225.06
790,233.97
791,311.88
792,252.7
793,610.9
794,523.69
795,535.0
796,589.34
797,704.63
798,476.07
799,147.68
800,683.48
801,443.93
802,107.15
803,549.66
804,291.05
805,461.29
806,593.26
807,569.98
808,764.63
809,279.7
810,355.28
811,720.38
812,225.87
813,619.71
814,474.1
815,578.61
816,356.7
817,466.45
818,532.06
819,237.49
820,200.76
821,117.97
822,122.16
823,259.79
824,848.4
825,638.31
826,562.86
827,214.91
828,350.62
829,484.53
830,682.36
831,448.84
832,792.66
833,695.11
834,159.12
835,385.61
836,149.16
837,105.12
838,472.91
839,209.24
840,634.77
841,469.36
842,330.3
843,665.87
844,638.71
845,387.91
846,126.37
847,624.81
848,368.02
849,610.16
850,341.53
851,223.83
852,346.53
853,327.41
854,495.88
855,352.3
856,502.5
857,152.3
858,599.09
859,553.37
860,85.62
861,430.48
862,414.88
863,525.32
864,291.91
865,482.67
866,224.06
867,305.98
868,258.05
869,606.75
870,204.72
871,213.01
872,521.25
873,576.35
874,114.09
875,138.1
876,104.72
877,203.05
878,650.59
879,526.96
880,447.56
881,804.77
882,575.56
883,636.55
884,203.36
885,366.56
886,670.1
887,698.53
888,104.92
889,107.6
890,212.2
891,173.31
892,508.96
893,677.76
894,427.08
895,136.21
896,296.96
897,396.91
898,323.25
899,316.33
900,606.05
901,468.16
902,130.72
903,125.55
904,422.39
905,214.66
906,460.24
907,167.38
908,623.6
909,275.07
910,552.54
911,119.72
912,123.15
913,552.07
914,85.77
915,331.09
916,320.68
917,526.31
918,176.08
919,285.84
920,262.61
921,411.12
922,134.39
923,234.77
924,197.69
925,316.37
926,485.87
927,230.56
928,593.66
929,397.65
930,665.89
931,261.69
932,458.45
933,128.87
934,513.97
935,410.09
936,330.46
937,342.14
938,574.9
939,364.75
940,566.29
941,167.83
942,298.13
943,236.75
944,503.27
945,615.12
946,272.65
947,339.15
948,417.28
949,579.3
950,255.31
951,311.43
952,240.27
953,623.15
954,356.19
955,794.15
956,422.51
957,499.25
958,570.98
959,609.34
960,494.85
961,227.53
962,295.59
963,420.16
964,627.0
965,702.86
966,161.42
967,370.8
968,128.93
969,463.05
970,240.07
971,364.91
972,169.5
973,249.61
974,262.19
975,488.86
976,147.12
977,309.26
978,268.4
979,541.23
980,643.97
981,547.49
982,357.41
983,235.29
984,403.96
985,309.23
986,475.08
987,472.42
988,245.53
989,580.8
990,160.99
991,265.33
992,583.11
993,259.42
994,386.01
995,221.39
996,112.78
997,218.11
998,287.15
999,279.7
1000,419.98
1001,96.98
1002,784.93
1003,330.77
1004,473.71
1005,449.14
1006,205.72
1007,346.26
1008,159.74
1009,111.5
1010,340.74
1011,674.79
1012,226.86
1013,333.8
1014,475.26
1015,522.86
1016,125.87
1017,191.99
1018,404.55
1019,73.85
1020,194.18
1021,477.94
1022,208.31
1023,200.32
1024,497.72
1025,170.94
1026,269.77
1027,131.67
1028,505.92
1029,251.54
1030,507.34
1031,365.22
1032,384.91
1033,232.83
1034,80.77
1035,287.13
1036,158.4
1037,330.48
1038,367.06
1039,348.55
1040,374.64
1041,397.82
1042,387.54
1043,554.02
1044,489.42
1045,519.94
1046,399.96
1047,186.24
1048,637.28
1049,402.27
1050,298.88
1051,693.09
1052,688.2
1053,644.32
1054,155.88
1055,691.42
1056,848.86
1057,648.72
1058,725.59
1059,251.85
1060,557.75
1061,293.64
1062,220.5
1063,354.26
1064,176.83
1065,528.79
1066,516.28
1067,622.42
1068,870.13
1069,375.79
1070,750.86
1071,673.26
1072,69.66
1073,333.86
1074,428.98
1075,745.22
1076,524.02
1077,278.34
1078,721.67
1079,670.18
1080,595.64
1081,368.54
1082,114.23
1083,224.42
1084,381.35
1085,334.64
1086,740.73
1087,629.76
1088,650.35
1089,372.87
1090,182.08
1091,320.26
1092,188.17
1093,568.87
1094,110.89
1095,376.73
1096,293.87
1097,124.19
1098,679.39
1099,209.35
1100,314.4
1101,202.03
1102,376.16
1103,221.07
1104,209.54
1105,427.01
1106,419.74
1107,580.73
1108,144.17
1109,98.31
1110,766.15
1111,750.01
1112,122.16
1113,456.58
1114,624.15
1115,524.94
1116,426.39
1117,108.39
1118,354.27
1119,466.53
1120,107.81
1121,380.42
1122,478.6
1123,582.77
1124,771.7
1125,521.72
1126,400.49
1127,143.69
1128,429.95
1129,335.26
1130,552.42
1131,531.98
1132,306.29
1133,747.44
1134,417.94
1135,226.63
1136,448.61
1137,363.12
1138,195.43
1139,158.89
1140,663.82
1141,309.58
1142,196.06
1143,150.27
1144,282.79
1145,195.24
1146,162.63
1147,699.59
1148,213.16
1149,620.71
1150,658.76
1151,833.82
1152,576.73
1153,398.72
1154,689.95
1155,433.8
1156,687.24
1157,524.47
1158,390.01
1159,405.51
1160,669.81
1161,336.08
1162,472.78
1163,119.86
1164,235.95
1165,633.14
1166,64.1
1167,290.83
1168,264.34
1169,773.64
1170,289.1
1171,383.82
1172,196.78
1173,321.08
1174,530.75
1175,702.21
1176,538.9
1177,130.18
1178,459.05
1179,448.44
1180,758.22
1181,92.95
1182,254.36
1183,315.58
1184,553.16
1185,259.33
1186,228.67
1187,492.0
1188,403.36
1189,370.41
1190,319.67
1191,104.93
1192,423.77
1193,228.91
1194,101.14
1195,74.31
1196,711.31
1197,395.69
1198,218.8
1199,667.34
1200,468.9
1201,600.19
1202,102.59
1203,625.04
1204,397.75
1205,211.98
1206,175.77
1207,753.83
1208,494.6
1209,416.45
1210,367.98
1211,557.12
1212,379.33
1213,288.83
1214,684.26
1215,232.03
1216,591.82
1217,371.69
1218,531.15
1219,271.39
1220,536.54
1221,797.06
1222,451.18
1223,872.85
1224,553.79
1225,592.28
1226,430.71
1227,475.89
1228,179.71
1229,256.81
1230,459.69
1231,269.82
1232,361.11
1233,413.66
1234,458.77
1235,211.66
1236,416.18
1237,627.39
1238,416.41
1239,246.86
1240,361.5
1241,358.92
1242,354.05
1243,187.12
1244,266.88
1245,214.28
1246,171.46
1247,500.31
1248,583.88
1249,311.46
1250,511.36
1251,343.69
1252,130.03
1253,199.3
1254,399.31
1255,194.64
1256,256.76
1257,93.63
1258,572.05
1259,207.37
1260,362.6
1261,731.79
1262,394.1
1263,642.74
1264,510.66
1265,465.15
1266,243.59
1267,232.61
1268,486.29
1269,211.03
1270,569.15
1271,196.73
1272,220.8
1273,288.3
1274,157.27
1275,333.38
1276,625.42
1277,117.16
1278,687.89
1279,88.14
1280,562.96
1281,107.97
1282,512.16
1283,125.6
1284,502.77
1285,575.78
1286,319.08
1287,422.95
1288,515.5
1289,529.28
1290,212.23
1291,97.34
1292,345.13
1293,171.04
1294,498.89
1295,353.94
1296,474.29
1297,434.6
1298,193.36
1299,229.24
1300,607.57
1301,527.92
1302,213.22
1303,117.69
1304,231.81
1305,430.35
1306,672.17
1307,606.03
1308,348.13
1309,463.04
1310,120.78
1311,543.22
1312,551.2
1313,131.03
1314,556.99
1315,322.08
1316,339.61
1317,399.67
1318,177.25
1319,452.57
1320,591.71
1321,394.73
1322,668.08
1323,304.5
1324,505.37
1325,609.26
1326,257.79
1327,83.51
1328,506.15
1329,87.5
1330,547.62
1331,319.63
1332,100.37
1333,197.48
1334,208.95
1335,157.11
1336,385.09
1337,148.86
1338,614.03
1339,591.56
1340,426.86
1341,590.54
1342,119.8
1343,304.21
1344,422.0
1345,405.64
1346,446.14
1347,253.1
1348,731.44
1349,120.08
1350,563.57
1351,143.19
1352,462.95
1353,702.27
1354,689.58
1355,326.88
1356,632.49
1357,371.77
1358,311.21
1359,471.81
1360,677.57
1361,194.05
1362,231.64
1363,239.99
1364,277.0
1365,354.72
1366,460.81
1367,477.96
1368,265.94
1369,632.68
1370,585.52
1371,204.97
1372,270.57
1373,592.82
1374,85.02
1375,239.33
1376,517.91
1377,214.23
1378,206.01
1379,251.47
1380,80.13
1381,391.65
1382,532.47
1383,102.79
1384,195.24
1385,348.15
1386,457.94
1387,603.99
1388,286.71
1389,826.73
1390,383.02
1391,340.66
1392,249.72
1393,152.36
1394,180.47
1395,606.45
1396,638.22
1397,264.13
1398,703.9
1399,363.62
1400,617.01
1401,256.81
1402,175.1
1403,758.31
1404,642.94
1405,201.89
1406,338.99
1407,211.44
1408,135.17
1409,281.88
1410,424.41
1411,352.28
1412,419.08
1413,601.9
1414,478.02
1415,111.02
1416,540.02
1417,359.46
1418,334.82
1419,152.29
1420,341.23
1421,318.49
1422,109.54
1423,559.37
1424,426.25
1425,659.84
1426,243.46
1427,618.91
1428,696.6
1429,339.35
1430,609.84
1431,512.35
1432,368.93
1433,356.11
1434,533.5
1435,259.83
1436,527.22
1437,562.47
1438,230.76
1439,531.09
1440,738.57
1441,113.67
1442,450.23
1443,531.15
1444,641.9
1445,216.72
1446,693.22
1447,594.5
1448,567.04
1449,81.22
1450,692.44
1451,184.09
1452,377.76
1453,274.99
1454,391.08
1455,92.66
1456,463.48
1457,194.52
1458,134.91
1459,602.79
1460,669.99
1461,480.09
1462,471.49
1463,564.01
1464,528.19
1465,566.01
1466,283.51
1467,208.87
1468,507.36
1469,374.04
1470,357.65
1471,563.34
1472,588.7
1473,629.71
1474,215.52
1475,156.61
1476,429.17
1477,278.11
1478,700.33
1479,265.71
1480,109.45
1481,579.35
1482,132.59
1483,464.24
1484,124.26
1485,545.53
1486,750.27
1487,331.4
1488,325.5
1489,847.95
1490,502.56
1491,552.98
1492,104.76
1493,422.1
1494,152.36
1495,191.22
1496,740.47
1497,265.62
1498,280.96
1499,645.97
1500,440.58
1501,509.83
1502,109.84
1503,498.55
1504,717.58
1505,220.5
1506,214.44
1507,522.56
1508,178.48
1509,336.85
1510,420.08
1511,401.54
1512,443.52
1513,632.73
1514,513.43
1515,302.72
1516,500.17
1517,649.31
1518,609.03
1519,320.62
1520,466.95
1521,233.84
1522,106.03
1523,229.64
1524,271.23
1525,173.43
1526,312.06
1527,625.47
1528,346.68
1529,569.13
1530,369.27
1531,519.64
1532,669.63
1533,133.31
1534,616.2
1535,603.13
1536,330.43
1537,334.38
1538,196.19
1539,234.61
1540,119.74
1541,309.52
1542,227.52
1543,158.84
1544,201.29
1545,468.96
1546,88.34
1547,343.3
1548,496.53
1549,211.26
1550,320.48
1551,627.89
1552,289.11
1553,359.22
1554,434.46
1555,525.6
1556,465.87
1557,370.17
1558,488.68
1559,132.84
1560,526.68
1561,735.89
1562,607.52
1563,523.72
1564,257.77
1565,562.62
1566,257.58
1567,181.44
1568,136.48
1569,487.63
1570,483.56
1571,332.34
1572,213.93
1573,479.93
1574,370.56
1575,216.03
1576,550.85
1577,502.96
1578,393.92
1579,341.06
1580,118.1
1581,176.19
1582,292.61
1583,117.97
1584,240.21
1585,325.69
1586,70.66
1587,435.57
1588,508.01
1589,418.33
1590,491.08
1591,311.62
1592,620.81
1593,328.03
1594,234.11
1595,424.99
1596,275.03
1597,267.41
1598,676.89
1599,557.84
1600,841.56
1601,223.78
1602,787.17
1603,375.47
1604,625.81
1605,361.0
1606,261.35
1607,227.68
1608,613.97
1609,355.32
1610,670.08
1611,235.27
1612,276.11
1613,495.73
1614,394.49
1615,472.02
1616,144.46
1617,532.71
1618,244.06
1619,127.55
1620,125.57
1621,249.38
1622,497.95
1623,215.69
1624,164.72
1625,274.28
1626,658.23
1627,219.88
1628,300.98
1629,332.09
1630,492.77
1631,131.81
1632,491.28
1633,483.77
1634,236.72
1635,367.63
1636,485.31
1637,330.94
1638,256.33
1639,451.59
1640,118.76
1641,240.04
1642,695.61
1643,299.97
1644,592.84
1645,299.87
1646,286.78
1647,231.67
1648,466.61
1649,199.41
1650,104.54
1651,351.84
1652,423.72
1653,452.46
1654,142.09
1655,628.69
1656,100.76
1657,611.42
1658,592.94
1659,524.27
1660,429.7
1661,702.29
1662,221.99
1663,156.23
1664,498.52
1665,602.54
1666,69.35
1667,605.0
1668,788.38
1669,152.74
1670,379.54
1671,263.76
1672,119.12
1673,168.37
1674,229.75
1675,693.55
1676,353.12
1677,133.48
1678,552.56
1679,487.86
1680,336.5
1681,380.02
1682,267.41
1683,421.81
1684,138.18
1685,191.29
1686,90.18
1687,372.53
1688,264.11
1689,471.72
1690,476.94
1691,614.34
1692,406.89
1693,560.14
1694,512.55
1695,660.24
1696,250.85
1697,586.36
1698,488.46
1699,180.24
1700,207.13
1701,393.28
1702,143.79
1703,364.48
1704,488.96
1705,545.76
1706,376.99
1707,583.07
1708,127.14
1709,256.73
1710,494.92
1711,132.75
1712,364.36
1713,614.12
1714,421.15
1715,96.31
1716,421.62
1717,668.28
1718,559.2
1719,129.05
1720,390.54
1721,483.67
1722,465.51
1723,662.52
1724,624.18
1725,486.66
1726,425.29
1727,266.99
1728,204.31
1729,545.07
1730,246.88
1731,188.18
1732,158.23
1733,289.87
1734,435.18
1735,715.38
1736,464.28
1737,233.68
1738,648.12
1739,413.01
1740,287.86
1741,131.03
1742,135.96
1743,135.17
1744,447.02
1745,548.68
1746,633.45
1747,199.44
1748,376.72
1749,288.55
1750,463.83
1751,243.23
1752,211.53
1753,353.27
1754,622.15
1755,580.89
1756,202.41
1757,311.48
1758,584.29
1759,596.93
1760,673.38
1761,361.53
1762,668.12
1763,234.74
1764,160.08
1765,231.25
1766,321.66
1767,295.57
1768,412.11
1769,377.31
1770,716.89
1771,158.08
1772,114.58
1773,316.24
1774,536.54
1775,270.51
1776,384.6
1777,449.75
1778,95.3
1779,65.91
1780,198.35
1781,255.33
1782,240.86
1783,430.99
1784,345.69
1785,210.08
1786,533.16
1787,411.89
1788,294.22
1789,538.69
1790,566.27
1791,740.61
1792,224.7
1793,168.81
1794,143.45
1795,582.14
1796,511.21
1797,194.1
1798,96.63
1799,480.05
1800,378.7
1801,604.47
1802,467.84
1803,146.86
1804,581.36
1805,815.64
1806,740.4
1807,464.56
1808,440.1
1809,530.61
1810,98.4
1811,324.67
1812,504.86
1813,539.41
1814,494.21
1815,446.59
1816,738.04
1817,173.63
1818,579.44
1819,313.03
1820,653.68
1821,122.17
1822,178.78
1823,110.8
1824,126.88
1825,578.64
1826,271.37
1827,568.27
1828,526.4
1829,159.19
1830,531.84
1831,509.67
1832,278.31
1833,659.32
1834,611.98
1835,158.49
1836,117.24
1837,527.96
1838,415.59
1839,279.83
1840,453.66
1841,224.65
1842,293.65
1843,683.55
1844,185.51
1845,265.44
1846,185.74
1847,62.62
1848,308.79
1849,561.81
1850,460.41
1851,369.15
1852,440.45
1853,275.47
1854,496.43
1855,157.15
1856,313.19
1857,224.82
1858,172.57
1859,801.99
1860,463.42
1861,119.39
1862,129.01
1863,611.49
1864,677.73
1865,123.43
1866,296.63
1867,693.17
1868,136.12
1869,361.66
1870,236.36
1871,747.97
1872,156.94
1873,144.76
1874,379.9
1875,497.46
1876,413.32
1877,539.1
1878,489.3
1879,256.52
1880,227.57
1881,336.91
1882,330.7
1883,710.57
1884,275.33
1885,732.43
1886,47.13
1887,358.06
1888,301.27
1889,786.87
1890,227.57
1891,178.11
1892,222.36
1893,238.89
1894,607.6
1895,617.79
1896,665.24
1897,284.87
1898,724.98
1899,138.33
1900,492.07
1901,546.06
1902,592.4
1903,186.96
1904,358.41
1905,229.2
1906,318.77
1907,514.24
1908,612.01
1909,647.55
1910,409.23
1911,238.35
1912,162.72
1913,263.88
1914,114.88
1915,506.06
1916,556.61
1917,505.56
1918,281.42
1919,135.44
1920,623.67
1921,171.89
1922,312.71
1923,334.76
1924,132.93
1925,363.88
1926,476.26
1927,656.41
1928,534.67
1929,255.3
1930,80.85
1931,149.82
1932,479.92
1933,598.33
1934,270.98
1935,500.08
1936,494.89
1937,579.47
1938,296.16
1939,504.52
1940,97.41
1941,196.27
1942,458.01
1943,132.39
1944,211.82
1945,273.62
1946,616.61
1947,138.53
1948,78.98
1949,364.76
1950,294.22
1951,166.58
1952,216.31
1953,699.48
1954,580.62
1955,96.49
1956,274.24
1957,311.66
1958,265.94
1959,301.64
1960,334.49
1961,266.24
1962,170.7
1963,484.7
1964,92.61
1965,562.69
1966,271.14
1967,352.57
1968,501.33
1969,508.76
1970,623.93
1971,258.94
1972,562.75
1973,284.63
1974,516.67
1975,332.37
1976,290.15
1977,266.53
1978,380.54
1979,513.65
1980,508.39
1981,580.54
1982,201.48
1983,269.98
1984,698.46
1985,353.95
1986,195.17
1987,121.78
1988,400.51
1989,590.35
1990,482.74
1991,382.45
1992,554.52
1993,829.67
1994,566.95
1995,462.19
1996,143.59
1997,160.3
1998,751.14
1999,468.63
2000,462.82
2001,233.56
2002,404.37
2003,437.08
2004,501.92
2005,176.41
2006,309.06
2007,619.16
2008,206.73
2009,260.69
2010,205.73
2011,390.9
2012,527.4
2013,396.58
2014,298.5
2015,93.55
2016,385.71
2017,90.94
2018,93.96
2019,598.65
2020,741.35
2021,237.99
2022,699.85
2023,389.53
2024,153.1
2025,252.15
2026,192.14
2027,859.49
2028,438.99
2029,532.43
2030,719.63
2031,95.7
2032,475.87
2033,626.53
2034,470.94
2035,668.23
2036,203.08
2037,171.79
2038,183.26
2039,272.33
2040,343.46
2041,114.74
2042,429.09
2043,724.0
2044,642.26
2045,135.18
2046,451.82
2047,479.42
2048,422.44
2049,125.71
2050,536.57
2051,538.72
2052,415.37
2053,164.02
2054,443.43
2055,716.82
2056,628.9
2057,256.57
2058,437.86
2059,154.1
2060,366.02
2061,649.45
2062,736.24
2063,301.33
2064,689.61
2065,102.4
2066,541.72
2067,232.77
2068,142.4
2069,611.63
2070,506.54
2071,254.35
2072,391.1
2073,247.94
2074,474.84
2075,707.95
2076,666.37
2077,551.81
2078,262.21
2079,689.12
2080,181.55
2081,151.77
2082,82.66
2083,426.89
2084,352.97
2085,286.73
2086,406.44
2087,188.68
2088,259.5
2089,280.53
2090,176.15
2091,246.18
2092,311.73
2093,321.5
2094,309.57
2095,680.3
2096,795.59
2097,369.05
2098,332.21
2099,476.41
2100,125.01
2101,243.92
2102,115.27
2103,184.31
2104,661.75
2105,381.67
2106,574.69
2107,444.45
2108,272.12
2109,583.36
2110,193.91
2111,274.08
2112,673.64
2113,128.28
2114,367.59
2115,599.26
2116,634.85
2117,422.94
2118,336.99
2119,544.45
2120,426.75
2121,453.56
2122,163.95
2123,337.33
2124,209.59
2125,208.8
2126,660.59
2127,340.08
2128,312.34
2129,461.53
2130,199.72
2131,533.13
2132,160.32
2133,90.63
2134,275.34
2135,791.45
2136,562.06
2137,559.36
2138,301.37
2139,363.47
2140,116.52
2141,617.1
2142,524.78
2143,334.14
2144,143.85
2145,368.29
2146,391.51
2147,660.14
2148,615.52
2149,599.88
2150,465.88
2151,564.65
2152,722.5
2153,189.0
2154,194.51
2155,131.93
2156,325.47
2157,547.33
2158,657.09
2159,326.81
2160,304.14
2161,606.84
2162,537.71
2163,341.66
2164,521.44
2165,205.15
2166,581.21
2167,531.68
2168,576.11
2169,350.92
2170,495.42
2171,155.54
2172,455.97
2173,225.02
2174,551.07
2175,572.54
2176,608.58
2177,305.67
2178,412.42
2179,286.7
2180,101.37
2181,355.2
2182,513.39
2183,663.83
2184,218.53
2185,284.84
2186,729.31
2187,559.34
2188,571.76
2189,183.95
2190,502.4
2191,565.95
2192,132.26
2193,550.81
2194,95.22
2195,651.78
2196,174.94
2197,546.34
2198,398.28
2199,325.92
2200,351.54
2201,99.16
2202,368.92
2203,290.42
2204,498.58
2205,611.43
2206,552.94
2207,139.49
2208,591.74
2209,509.56
2210,284.25
2211,653.69
2212,264.35
2213,549.01
2214,304.75
2215,453.03
2216,625.17
2217,584.33
2218,141.02
2219,422.64
2220,639.42
2221,610.2
2222,313.1
2223,99.44
2224,777.24
2225,162.8
2226,451.56
2227,128.87
2228,408.51
2229,107.97
2230,228.66
2231,219.93
2232,221.04
2233,403.17
2234,191.9
2235,732.9
2236,533.97
2237,492.5
2238,367.97
2239,263.85
2240,143.04
2241,232.97
2242,803.24
2243,507.88
2244,600.45
2245,205.89
2246,117.38
2247,652.64
2248,516.37
2249,356.25
2250,467.72
2251,496.47
2252,654.0
2253,406.45
2254,303.28
2255,276.4
2256,269.29
2257,796.22
2258,265.11
2259,379.49
2260,337.6
2261,600.33
2262,541.32
2263,671.34
2264,265.7
2265,397.61
2266,580.42
2267,576.5
2268,55.68
2269,175.79
2270,279.52
2271,420.1
2272,388.73
2273,536.82
2274,476.7
2275,277.75
2276,841.79
2277,514.22
2278,482.54
2279,184.9
2280,834.12
2281,432.27
2282,239.06
2283,274.32
2284,136.71
2285,558.15
2286,604.54
2287,521.81
2288,193.89
2289,415.48
2290,772.39
2291,112.87
2292,296.54
2293,94.8
2294,197.04
2295,421.61
2296,129.56
2297,287.39
2298,381.04
2299,361.14
2300,216.65
2301,187.61
2302,443.27
2303,608.78
2304,422.95
2305,719.09
2306,80.48
2307,557.39
2308,85.25
2309,360.61
2310,266.52
2311,193.06
2312,360.12
2313,603.28
2314,678.64
2315,301.15
2316,513.34
2317,448.15
2318,605.7
2319,229.65
2320,791.76
2321,123.58
2322,294.72
2323,475.44
2324,411.76
2325,598.49
2326,514.19
2327,386.28
2328,459.8
2329,810.25
2330,223.91
2331,328.72
2332,240.52
2333,323.12
2334,619.53
2335,328.51
2336,385.33
2337,569.46
2338,597.07
2339,213.79
2340,512.05
2341,507.69
2342,650.55
2343,481.56
2344,329.7
2345,131.4
2346,542.82
2347,146.17
2348,640.86
2349,282.75
2350,375.0
2351,565.21
2352,100.45
2353,738.77
2354,221.06
2355,581.27
2356,595.16
2357,314.73
2358,628.47
2359,217.28
2360,267.63
2361,108.72
2362,104.95
2363,466.82
2364,508.87
2365,138.66
2366,297.48
2367,265.72
2368,102.26
2369,665.33
2370,350.41
2371,478.76
2372,225.5
2373,245.64
2374,572.74
2375,580.32
2376,553.38
2377,569.12
2378,160.95
2379,356.48
2380,579.99
2381,679.1
2382,677.38
2383,268.56
2384,377.22
2385,525.4
2386,101.28
2387,150.85
2388,128.32
2389,489.69
2390,395.35
2391,343.97
2392,567.87
2393,673.42
2394,245.38
2395,143.5
2396,159.31
2397,421.32
2398,179.47
2399,534.23
2400,367.15
2401,431.76
2402,564.48
2403,195.46
2404,184.07
2405,661.99
2406,715.01
2407,115.19
2408,448.7
2409,575.09
2410,532.3
2411,242.31
2412,152.61
2413,549.0
2414,459.37
2415,443.24
2416,82.95
2417,331.79
2418,617.4
2419,170.1
2420,319.98
2421,583.37
2422,619.34
2423,445.91
2424,405.16
2425,464.53
2426,522.58
2427,149.04
2428,89.11
2429,274.72
2430,639.4
2431,497.56
2432,619.83
2433,192.82
2434,120.21
2435,588.84
2436,152.04
2437,409.21
2438,419.84
2439,397.52
2440,617.3
2441,284.16
2442,412.99
2443,620.31
2444,275.46
2445,359.21
2446,278.39
2447,286.75
2448,597.15
2449,470.49
2450,352.71
2451,407.7
2452,81.79
2453,509.0
2454,207.77
2455,287.63
2456,311.7
2457,587.13
2458,384.83
2459,233.6
2460,333.77
2461,369.88
2462,178.41
2463,683.38
2464,687.65
2465,481.66
2466,562.53
2467,116.91
2468,496.12
2469,428.67
2470,507.85
2471,308.11
2472,163.92
2473,672.11
2474,388.72
2475,482.22
2476,534.43
2477,325.12
2478,218.87
2479,163.66
2480,405.5
2481,573.94
2482,661.74
2483,266.09
2484,174.28
2485,413.92
2486,97.54
2487,559.43
2488,283.75
2489,458.15
2490,242.89
2491,577.15
2492,353.73
2493,251.54
2494,502.99
2495,673.91
2496,253.18
2497,327.49
2498,183.92
2499,122.91
2500,280.46
2501,486.31
2502,495.35
2503,530.66
2504,159.11
2505,414.58
2506,400.7
2507,302.9
2508,145.87
2509,194.68
2510,665.83
2511,359.08
2512,191.6
2513,248.12
2514,627.17
2515,460.26
2516,369.14
2517,190.69
2518,516.15
2519,211.79
2520,368.75
2521,216.19
2522,564.5
2523,335.63
2524,255.79
2525,427.24
2526,691.65
2527,214.23
2528,726.92
2529,233.51
2530,721.46
2531,67.93
2532,163.86
2533,592.95
2534,446.87
2535,617.32
2536,155.11
2537,390.87
2538,308.28
2539,648.17
2540,236.95
2541,221.07
2542,635.73
2543,512.56
2544,172.59
2545,636.15
2546,413.2
2547,440.81
2548,652.96
2549,499.47
2550,586.94
2551,251.72
2552,423.46
2553,189.61
2554,180.36
2555,174.13
2556,658.87
2557,536.82
2558,513.08
2559,497.12
2560,161.56
2561,532.19
2562,93.53
2563,227.74
2564,287.54
2565,138.55
2566,259.39
2567,487.4
2568,461.2
2569,231.0
2570,155.76
2571,119.37
2572,325.97
2573,489.66
2574,411.4
2575,451.57
2576,159.21
2577,638.49
2578,594.23
2579,156.78
2580,555.11
2581,130.44
2582,522.38
2583,343.41
2584,448.34
2585,139.97
2586,422.89
2587,643.09
2588,158.4
2589,291.97
2590,468.51
2591,280.82
2592,285.09
2593,259.57
2594,547.08
2595,794.09
2596,520.74
2597,658.69
2598,419.71
2599,420.9
2600,344.99
2601,349.01
2602,350.61
2603,591.25
2604,306.59
2605,574.31
2606,618.67
2607,229.92
2608,116.87
2609,554.24
2610,440.79
2611,301.21
2612,379.42
2613,308.13
2614,69.63
2615,503.38
2616,163.51
2617,421.13
2618,374.93
2619,660.26
2620,761.45
2621,648.48
2622,403.31
2623,93.53
2624,141.5
2625,636.3
2626,263.93
2627,385.97
2628,684.55
2629,134.14
2630,510.1
2631,256.04
2632,409.5
2633,491.99
2634,205.55
2635,95.05
2636,415.81
2637,380.77
2638,627.65
2639,376.95
2640,254.1
2641,212.71
2642,99.37
2643,129.22
2644,576.68
2645,402.23
2646,181.72
2647,521.82
2648,158.02
2649,564.79
2650,432.48
2651,657.61
2652,209.27
2653,147.35
2654,344.14
2655,593.34
2656,625.4
2657,427.88
2658,672.76
2659,352.96
2660,537.82
2661,250.92
2662,324.35
2663,323.84
2664,245.57
2665,429.66
2666,567.6
2667,455.54
2668,147.77
2669,146.94
2670,170.42
2671,512.69
2672,223.88
2673,377.78
2674,481.11
2675,151.53
2676,337.79
2677,680.45
2678,177.9
2679,708.24
2680,398.16
2681,706.24
2682,299.18
2683,438.53
2684,334.55
2685,476.51
2686,287.6
2687,620.79
2688,169.74
2689,612.29
2690,442.3
2691,183.28
2692,711.35
2693,413.0
2694,134.17
2695,503.1
2696,502.06
2697,98.39
2698,357.6
2699,176.0
2700,371.3
2701,554.45
2702,593.01
2703,106.4
2704,574.19
2705,200.8
2706,525.87
2707,103.89
2708,361.91
2709,153.06
2710,421.73
2711,590.59
2712,661.28
2713,507.72
2714,406.99
2715,435.3
2716,748.0
2717,420.05
2718,252.94
2719,323.13
2720,628.66
2721,210.53
2722,681.76
2723,379.71
2724,480.66
2725,853.91
2726,85.9
2727,315.29
2728,629.9
2729,698.42
2730,246.43
2731,279.44
2732,296.81
2733,138.18
2734,408.32
2735,149.58
2736,534.33
2737,384.6
2738,509.21
2739,180.66
2740,538.06
2741,318.52
2742,364.42
2743,205.7
2744,709.83
2745,256.35
2746,172.76
2747,660.44
2748,538.96
2749,589.26
2750,359.8
2751,171.63
2752,814.77
2753,232.64
2754,497.18
2755,309.69
2756,549.33
2757,125.18
2758,456.48
2759,539.22
2760,372.67
2761,555.46
2762,717.35
2763,73.72
2764,181.21
2765,143.97
2766,648.48
2767,181.29
2768,101.14
2769,683.84
2770,529.99
2771,422.69
2772,234.77
2773,666.32
2774,184.73
2775,207.64
2776,295.92
2777,428.04
2778,669.94
2779,271.56
2780,231.14
2781,361.39
2782,336.33
2783,214.47
2784,505.42
2785,311.16
2786,169.94
2787,566.92
2788,306.42
2789,216.8
2790,538.08
2791,245.75
2792,156.32
2793,750.99
2794,480.75
2795,188.26
2796,622.02
2797,711.47
2798,146.14
2799,567.98
2800,173.42
2801,127.46
2802,378.41
2803,220.73
2804,529.88
2805,245.96
2806,300.99
2807,612.61
2808,272.38
2809,800.0
2810,446.34
2811,391.61
2812,99.87
2813,601.06
2814,537.21
2815,206.95
2816,578.92
2817,642.57
2818,451.5
2819,799.41
2820,579.04
2821,202.05
2822,220.2
2823,355.54
2824,507.46
2825,252.95
2826,517.51
2827,556.53
2828,140.85
2829,601.78
2830,202.05
2831,90.84
2832,332.55
2833,256.38
2834,558.19
2835,183.47
2836,308.02
2837,570.58
2838,232.21
2839,236.69
2840,395.35
2841,363.19
2842,116.6
2843,104.68
2844,462.11
2845,199.53
2846,113.14
2847,237.53
2848,476.4
2849,251.0
2850,619.74
2851,584.12
2852,183.57
2853,552.65
2854,234.74
2855,446.25
2856,719.55
2857,274.74
2858,454.43
2859,652.07
2860,872.13
2861,345.66
2862,624.4
2863,583.04
2864,275.93
2865,302.55
2866,338.56
2867,526.87
2868,407.45
2869,261.1
2870,350.8
2871,635.84
2872,129.21
2873,344.04
2874,111.26
2875,482.16
2876,70.66
2877,170.42
2878,497.54
2879,278.97
2880,398.34
2881,120.21
2882,742.14
2883,696.77
2884,843.69
2885,540.29
2886,165.7
2887,142.45
2888,241.87
2889,387.43
2890,654.73
2891,295.55
2892,183.17
2893,191.66
2894,231.62
2895,595.59
2896,294.25
2897,543.7
2898,400.12
2899,344.15
2900,584.72
2901,483.78
2902,480.52
2903,312.96
2904,328.96
2905,476.21
2906,241.75
2907,253.88
2908,235.68
2909,471.51
2910,98.75
2911,455.92
2912,563.5
2913,289.91
2914,93.38
2915,335.94
2916,137.12
2917,588.14
2918,445.86
2919,143.29
2920,125.54
2921,247.94
2922,241.06
2923,625.3
2924,561.27
2925,158.31
2926,107.65
2927,621.55
2928,97.38
2929,451.95
2930,469.56
2931,641.11
2932,349.07
2933,110.98
2934,163.48
2935,148.73
2936,179.07
2937,392.69
2938,479.19
2939,545.69
2940,406.55
2941,574.5
2942,649.36
2943,543.16
2944,449.8
2945,337.89
2946,263.23
2947,578.85
2948,580.01
2949,328.32
2950,399.22
2951,105.63
2952,185.03
2953,624.59
2954,281.32
2955,346.84
2956,289.41
2957,146.56
2958,381.59
2959,732.09
2960,199.98
2961,266.98
2962,440.7
2963,133.92
2964,576.89
2965,378.96
2966,666.31
2967,118.64
2968,89.54
2969,169.1
2970,691.45
2971,317.81
2972,415.67
2973,200.9
2974,369.62
2975,509.98
2976,555.48
2977,605.42
2978,196.64
2979,547.37
2980,444.8
2981,583.22
2982,479.77
2983,445.01
2984,389.96
2985,314.91
2986,345.13
2987,469.92
2988,777.32
2989,491.22
2990,269.56
2991,171.87
2992,131.12
2993,133.37
2994,246.22
2995,336.21
2996,613.92
2997,172.65
2998,391.93
2999,198.46
3000,564.65
3001,306.35
3002,407.12
3003,333.94
3004,536.4
3005,707.41
3006,694.08
3007,84.44
3008,597.87
3009,542.47
3010,312.97
3011,144.83
3012,448.58
3013,450.51
3014,686.32
3015,543.17
3016,299.26
3017,630.14
3018,159.76
3019,58.96
3020,721.64
3021,343.48
3022,287.38
3023,503.61
3024,336.62
3025,358.65
3026,531.06
3027,302.07
3028,507.73
3029,444.13
3030,522.25
3031,221.43
3032,327.19
3033,763.69
3034,426.73
3035,462.5
3036,302.59
3037,780.64
3038,352.32
3039,120.5
3040,408.32
3041,439.19
3042,444.75
3043,121.03
3044,402.54
3045,520.55
3046,227.7
3047,294.41
3048,154.23
3049,622.1
3050,445.15
3051,87.58
3052,391.49
3053,254.74
3054,256.41
3055,189.94
3056,595.78
3057,347.21
3058,94.84
3059,297.13
3060,314.98
3061,536.04
3062,532.35
3063,537.69
3064,355.95
3065,229.04
3066,395.07
3067,483.25
3068,195.06
3069,147.21
3070,230.37
3071,634.38
3072,552.62
3073,447.29
3074,606.44
3075,370.01
3076,534.62
3077,563.96
3078,681.41
3079,722.36
3080,482.63
3081,310.38
3082,256.19
3083,470.53
3084,264.75
3085,211.67
3086,110.94
3087,292.58
3088,532.87
3089,468.58
3090,497.17
3091,462.21
3092,100.79
3093,553.61
3094,284.17
3095,138.09
3096,570.45
3097,522.62
3098,366.31
3099,258.57
3100,734.63
3101,523.59
3102,365.31
3103,497.08
3104,74.05
3105,280.05
3106,193.51
3107,549.81
3108,447.28
3109,229.4
3110,479.15
3111,412.93
3112,356.76
3113,466.6
3114,469.49
3115,222.49
3116,146.82
3117,171.38
3118,583.8
3119,547.86
3120,495.58
3121,85.22
3122,163.85
3123,698.05
3124,133.11
3125,253.74
3126,409.27
3127,91.71
3128,229.88
3129,391.43
3130,478.41
3131,588.06
3132,161.19
3133,79.39
3134,180.5
3135,521.8
3136,771.06
3137,208.59
3138,273.42
3139,489.8
3140,240.35
3141,392.18
3142,314.49
3143,268.81
3144,320.44
3145,647.49
3146,443.1
3147,231.39
3148,159.03
3149,539.27
3150,218.07
3151,182.56
3152,94.87
3153,176.21
3154,486.64
3155,153.77
3156,528.63
3157,621.56
3158,584.31
3159,102.89
3160,634.18
3161,62.13
3162,271.83
3163,474.29
3164,301.9
3165,275.08
3166,855.25
3167,472.91
3168,252.44
3169,351.8
3170,442.62
3171,464.37
3172,552.97
3173,455.51
3174,208.65
3175,423.05
3176,323.71
3177,235.81
3178,508.73
3179,402.63
3180,416.19
3181,221.72
3182,614.96
3183,307.26
3184,402.03
3185,167.65
3186,573.17
3187,403.47
3188,350.92
3189,300.56
3190,83.47
3191,95.26
3192,550.08
3193,658.41
3194,421.06
3195,386.88
3196,255.47
3197,507.51
3198,729.51
3199,216.54
3200,355.35
3201,448.73
3202,746.54
3203,427.48
3204,337.03
3205,414.81
3206,398.46
3207,256.56
3208,392.98
3209,403.0
3210,441.23
3211,364.72
3212,464.97
3213,337.04
3214,476.95
3215,401.71
3216,317.39
3217,463.06
3218,438.92
3219,406.23
3220,290.62
3221,107.27
3222,362.76
3223,87.83
3224,402.87
3225,356.98
3226,462.19
3227,133.22
3228,121.43
3229,699.8
3230,458.41
3231,703.38
3232,521.28
3233,640.11
3234,179.07
3235,439.82
3236,122.81
3237,702.04
3238,207.29
3239,203.65
3240,279.75
3241,212.42
3242,581.13
3243,499.39
3244,145.43
3245,128.66
3246,473.83
3247,85.14
3248,434.84
3249,462.43
3250,514.91
3251,486.15
3252,760.97
3253,192.74
3254,558.28
3255,623.46
3256,92.61
3257,508.12
3258,527.18
3259,303.97
3260,239.01
3261,519.8
3262,75.29
3263,159.65
3264,77.73
3265,448.07
3266,197.95
3267,479.37
3268,208.87
3269,613.02
3270,579.97
3271,386.63
3272,225.97
3273,348.46
3274,188.81
3275,503.87
3276,588.9
3277,142.53
3278,444.81
3279,418.72
3280,266.61
3281,167.92
3282,268.31
3283,633.83
3284,326.43
3285,624.65
3286,452.97
3287,394.38
3288,247.45
3289,470.96
3290,256.05
3291,627.57
3292,569.45
3293,371.97
3294,680.03
3295,208.97
3296,328.56
3297,274.74
3298,384.57
3299,587.1
3300,422.74
3301,594.67
3302,507.96
3303,323.9
3304,612.18
3305,292.43
3306,281.96
3307,472.72
3308,703.96
3309,694.36
3310,212.09
3311,645.73
3312,644.99
3313,567.2
3314,568.51
3315,302.34
3316,668.27
3317,246.23
3318,255.11
3319,475.04
3320,279.96
3321,352.93
3322,420.71
3323,459.03
3324,109.57
3325,145.61
3326,703.45
3327,406.49
3328,275.95
3329,644.58
3330,398.42
3331,518.97
3332,295.73
3333,490.78
3334,523.31
3335,452.66
3336,731.53
3337,357.76
3338,394.16
3339,382.38
3340,551.29
3341,141.09
3342,67.05
3343,567.26
3344,254.42
3345,706.49
3346,131.7
3347,596.96
3348,158.13
3349,572.07
3350,703.4
3351,476.96
3352,671.57
3353,686.84
3354,631.54
3355,272.21
3356,292.3
3357,424.49
3358,765.62
3359,682.78
3360,413.94
3361,368.01
3362,170.67
3363,348.01
3364,411.57
3365,126.89
3366,157.69
3367,643.21
3368,248.09
3369,215.87
3370,115.56
3371,252.66
3372,800.81
3373,228.57
3374,536.48
3375,287.73
3376,482.62
3377,135.53
3378,497.43
3379,198.01
3380,546.94
3381,242.73
3382,417.73
3383,298.98
3384,220.48
3385,353.32
3386,174.55
3387,237.09
3388,541.51
3389,600.29
3390,270.16
3391,377.41
3392,350.43
3393,468.8
3394,326.05
3395,725.31
3396,504.5
3397,323.4
3398,252.17
3399,595.76
3400,307.2
3401,218.08
3402,261.37
3403,148.17
3404,191.45
3405,197.6
3406,650.16
3407,472.57
3408,378.72
3409,204.57
3410,618.94
3411,268.7
3412,323.97
3413,290.63
3414,559.32
3415,555.97
3416,731.55
3417,536.72
3418,576.16
3419,119.22
3420,620.9
3421,369.63
3422,399.07
3423,179.14
3424,189.7
3425,646.9
3426,698.19
3427,131.1
3428,526.07
3429,118.33
3430,575.78
3431,519.51
3432,240.32
3433,683.76
3434,548.09
3435,258.95
3436,637.1
3437,516.85
3438,576.77
3439,490.66
3440,566.79
3441,155.4
3442,530.38
3443,418.39
3444,330.69
3445,495.06
3446,537.61
3447,705.68
3448,317.65
3449,201.61
3450,132.66
3451,597.09
3452,821.15
3453,499.26
3454,297.22
3455,644.62
3456,479.83
3457,471.83
3458,549.57
3459,576.66
3460,210.77
3461,262.72
3462,843.25
3463,178.11
3464,622.78
3465,225.01
3466,94.61
3467,511.45
3468,637.22
3469,205.99
3470,547.88
3471,351.53
3472,656.36
3473,318.81
3474,682.03
3475,347.07
3476,827.16
3477,564.77
3478,154.86
3479,135.22
3480,314.72
3481,403.87
3482,220.91
3483,723.9
3484,269.87
3485,460.8
3486,526.51
3487,532.95
3488,581.15
3489,318.17
3490,419.93
3491,622.01
3492,445.04
3493,521.43
3494,68.23
3495,358.62
3496,625.92
3497,481.49
3498,340.15
3499,628.11
3500,571.28
3501,589.51
3502,226.85
3503,467.18
3504,604.84
3505,724.9
3506,189.59
3507,337.25
3508,813.3
3509,320.14
3510,653.61
3511,150.66
3512,780.5
3513,566.5
3514,378.55
3515,526.06
3516,111.0
3517,405.49
3518,379.32
3519,75.65
3520,341.4
3521,377.45
3522,438.11
3523,94.75
3524,147.99
3525,305.81
3526,485.93
3527,601.41
3528,480.29
3529,262.21
3530,212.92
3531,508.55
3532,648.73
3533,132.89
3534,385.91
3535,617.1
3536,233.08
3537,542.69
3538,89.2
3539,205.35
3540,409.51
3541,401.2
3542,501.71
3543,169.53
3544,296.1
3545,381.22
3546,131.11
3547,317.13
3548,461.42
3549,89.17
3550,322.33
3551,698.93
3552,566.51
3553,106.44
3554,542.16
3555,147.79
3556,413.75
3557,593.66
3558,253.48
3559,338.87
3560,108.19
3561,647.92
3562,233.42
3563,532.68
3564,629.48
3565,375.1
3566,621.02
3567,722.75
3568,247.1
3569,348.97
3570,212.62
3571,525.92
3572,433.35
3573,580.63
3574,545.82
3575,627.9
3576,652.86
3577,628.03
3578,166.43
3579,464.12
3580,242.34
3581,461.76
3582,469.24
3583,566.03
3584,513.42
3585,576.62
3586,347.01
3587,131.47
3588,746.63
3589,643.15
3590,192.81
3591,710.79
3592,353.63
3593,686.65
3594,511.49
3595,714.63
3596,403.82
3597,172.5
3598,669.13
3599,66.53
3600,518.27
3601,688.28
3602,590.5
3603,119.03
3604,463.97
3605,393.2
3606,149.77
3607,297.42
3608,254.66
3609,182.93
3610,717.44
3611,205.16
3612,416.48
3613,396.44
3614,819.33
3615,520.42
3616,247.38
3617,599.23
3618,239.6
3619,758.55
3620,346.03
3621,293.82
3622,601.16
3623,295.33
3624,63.36
3625,199.0
3626,213.41
3627,398.29
3628,160.58
3629,520.12
3630,311.64
3631,405.89
3632,706.3
3633,283.15
3634,73.23
3635,397.55
3636,493.44
3637,526.08
3638,379.96
3639,159.69
3640,430.89
3641,249.19
3642,808.83
3643,405.3
3644,150.81
3645,450.51
3646,93.44
3647,199.05
3648,155.87
3649,152.2
3650,584.34
3651,359.47
3652,493.69
3653,393.48
3654,520.81
3655,109.22
3656,403.27
3657,635.33
3658,235.96
3659,171.9
3660,206.15
3661,141.25
3662,394.07
3663,132.8
3664,441.78
3665,579.72
3666,173.55
3667,725.36
3668,615.23
3669,501.89
3670,455.83
3671,314.69
3672,433.32
3673,431.06
3674,578.32
3675,362.32
3676,256.65
3677,340.17
3678,193.91
3679,494.87
3680,761.98
3681,114.79
3682,534.52
3683,456.86
3684,280.3
3685,720.71
3686,65.65
3687,150.11
3688,295.9
3689,150.94
3690,252.84
3691,523.0
3692,642.31
3693,456.88
3694,501.23
3695,496.58
3696,401.94
3697,368.44
3698,138.58
3699,203.06
3700,325.22
3701,399.19
3702,666.91
3703,409.66
3704,494.98
3705,241.13
3706,207.05
3707,755.05
3708,123.69
3709,91.02
3710,350.56
3711,563.46
3712,582.88
3713,221.05
3714,310.39
3715,399.85
3716,594.15
3717,438.84
3718,542.42
3719,492.8
3720,319.95
3721,508.6
3722,460.33
3723,264.75
3724,539.14
3725,616.61
3726,217.76
3727,320.36
3728,106.42
3729,334.0
3730,187.74
3731,339.41
3732,226.52
3733,721.77
3734,468.73
3735,199.11
3736,291.91
3737,509.19
3738,164.73
3739,472.57
3740,567.73
3741,813.5
3742,176.76
3743,277.81
3744,156.09
3745,146.47
3746,515.95
3747,341.27
3748,512.76
3749,821.05
3750,519.16
3751,405.2
3752,680.99
3753,620.9
3754,320.01
3755,394.08
3756,164.42
3757,199.79
3758,471.18
3759,548.95
3760,82.83
3761,636.16
3762,559.35
3763,196.29
3764,174.4
3765,159.26
3766,404.44
3767,425.31
3768,451.5
3769,626.1
3770,324.83
3771,107.96
3772,213.84
3773,258.12
3774,105.96
3775,193.34
3776,564.68
3777,84.42
3778,528.72
3779,800.25
3780,653.92
3781,206.84
3782,163.56
3783,110.83
3784,127.71
3785,613.2
3786,286.59
3787,773.32
3788,153.75
3789,93.24
3790,94.79
3791,144.97
3792,610.64
3793,561.97
3794,422.56
3795,519.01
3796,100.85
3797,184.17
3798,233.12
3799,553.84
3800,258.16
3801,561.14
3802,618.55
3803,481.07
3804,321.9
3805,293.1
3806,194.12
3807,139.29
3808,288.65
3809,208.76
3810,549.21
3811,166.94
3812,142.43
3813,667.61
3814,396.7
3815,198.11
3816,231.8
3817,512.14
3818,224.67
3819,164.16
3820,439.85
3821,760.6
3822,418.27
3823,412.54
3824,781.7
3825,685.84
3826,574.32
3827,511.7
3828,582.4
3829,497.48
3830,549.06
3831,376.24
3832,427.49
3833,660.77
3834,152.75
3835,152.86
3836,616.44
3837,578.19
3838,457.83
3839,237.14
3840,551.4
3841,286.87
3842,621.85
3843,365.46
3844,222.48
3845,339.55
3846,518.3
3847,361.64
3848,463.36
3849,681.55
3850,548.87
3851,305.95
3852,395.92
3853,509.54
3854,756.12
3855,624.18
3856,758.5
3857,425.56
3858,690.09
3859,123.1
3860,169.04
3861,335.56
3862,408.17
3863,558.62
3864,341.01
3865,411.43
3866,145.24
3867,290.89
3868,189.66
3869,373.62
3870,176.58
3871,599.7
3872,758.03
3873,664.51
3874,560.14
3875,271.57
3876,299.25
3877,534.18
3878,233.85
3879,649.04
3880,428.37
3881,448.25
3882,649.05
3883,359.9
3884,312.08
3885,492.47
3886,271.04
3887,508.73
3888,641.21
3889,345.26
3890,357.24
3891,314.56
3892,407.6
3893,487.81
3894,333.36
3895,666.21
3896,364.16
3897,308.55
3898,836.13
3899,251.34
3900,444.06
3901,533.59
3902,383.83
3903,250.61
3904,545.9
3905,323.43
3906,128.1
3907,333.14
3908,744.97
3909,601.71
3910,71.94
3911,403.2
3912,80.97
3913,321.18
3914,374.59
3915,664.53
3916,414.52
3917,101.25
3918,141.64
3919,286.31
3920,411.73
3921,405.96
3922,548.46
3923,480.28
3924,112.17
3925,160.56
3926,664.7
3927,136.75
3928,643.78
3929,693.46
3930,198.53
3931,436.44
3932,455.69
3933,669.82
3934,102.42
3935,666.73
3936,516.84
3937,607.35
3938,481.34
3939,569.56
3940,421.92
3941,156.62
3942,443.96
3943,649.08
3944,95.94
3945,481.98
3946,76.55
3947,286.41
3948,485.06
3949,137.02
3950,473.27
3951,343.3
3952,509.59
3953,209.15
3954,312.57
3955,281.35
3956,139.69
3957,452.16
3958,205.05
3959,560.98
3960,357.78
3961,261.6
3962,116.75
3963,179.44
3964,360.1
3965,500.06
3966,143.28
3967,168.95
3968,433.47
3969,197.16
3970,541.34
3971,144.49
3972,428.93
3973,397.94
3974,180.79
3975,302.43
3976,145.67
3977,553.74
3978,187.48
3979,161.12
3980,494.22
3981,208.79
3982,487.96
3983,570.03
3984,218.42
3985,644.85
3986,481.86
3987,157.64
3988,546.15
3989,125.39
3990,488.37
3991,526.28
3992,262.88
3993,138.26
3994,280.49
3995,543.27
3996,425.64
3997,322.27
3998,491.13
3999,89.3
4000,162.77
4001,476.82
4002,571.33
4003,715.68
4004,256.81
4005,500.62
4006,228.11
4007,551.94
4008,272.19
4009,266.13
4010,537.55
4011,69.8
4012,827.09
4013,490.63
4014,415.26
4015,154.06
4016,449.61
4017,708.39
4018,559.27
4019,197.31
4020,428.02
4021,87.72
4022,498.89
4023,436.63
4024,488.04
4025,437.21
4026,400.32
4027,312.06
4028,533.5
4029,424.49
4030,394.14
4031,369.05
4032,226.35
4033,187.53
4034,276.67
4035,336.3
4036,381.9
4037,438.91
4038,246.91
4039,338.19
4040,406.55
4041,519.17
4042,321.04
4043,437.17
4044,442.95
4045,339.1
4046,277.41
4047,563.76
4048,436.81
4049,223.18
4050,297.13
4051,489.65
4052,273.54
4053,227.26
4054,89.49
4055,188.96
4056,610.49
4057,483.65
4058,114.04
4059,125.36
4060,381.71
4061,81.27
4062,474.51
4063,158.5
4064,669.4
4065,159.49
4066,75.97
4067,681.51
4068,210.25
4069,484.48
4070,616.34
4071,551.35
4072,425.4
4073,544.61
4074,467.91
4075,115.71
4076,127.28
4077,261.23
4078,426.02
4079,577.83
4080,389.9
4081,660.86
4082,152.17
4083,654.99
4084,496.74
4085,690.43
4086,655.43
4087,250.96
4088,521.15
4089,654.74
4090,161.9
4091,357.48
4092,491.46
4093,751.34
4094,554.17
4095,285.27
4096,564.47
4097,375.29
4098,422.44
4099,267.06
4100,171.3
4101,287.63
4102,247.96
4103,171.85
4104,103.74
4105,202.47
4106,393.23
4107,114.5
4108,537.72
4109,261.75
4110,122.29
4111,430.74
4112,199.95
4113,736.77
4114,467.07
4115,230.58
4116,769.86
4117,613.47
4118,362.46
4119,453.78
4120,248.61
4121,588.34
4122,340.92
4123,349.98
4124,299.01
4125,84.32
4126,115.52
4127,657.93
4128,562.8
4129,501.65
4130,411.58
4131,297.43
4132,144.09
4133,559.34
4134,370.48
4135,465.51
4136,368.19
4137,559.79
4138,423.39
4139,148.49
4140,438.93
4141,359.3
4142,221.66
4143,422.32
4144,224.01
4145,185.58
4146,363.55
4147,423.16
4148,463.23
4149,306.64
4150,450.06
4151,463.76
4152,147.79
4153,529.82
4154,156.47
4155,436.72
4156,487.38
4157,488.03
4158,301.38
4159,526.85
4160,239.43
4161,352.18
4162,191.64
4163,306.98
4164,480.87
4165,190.12
4166,157.93
4167,161.11
4168,241.19
4169,672.26
4170,709.98
4171,153.9
4172,441.74
4173,311.72
4174,512.31
4175,202.75
4176,386.39
4177,219.44
4178,606.47
4179,645.47
4180,634.2
4181,572.02
4182,749.31
4183,253.49
4184,577.84
4185,413.89
4186,362.44
4187,311.99
4188,385.55
4189,502.77
4190,184.54
4191,135.2
4192,206.63
4193,427.6
4194,227.17
4195,649.09
4196,520.17
4197,316.8
4198,529.98
4199,124.52
4200,457.78
4201,299.99
4202,603.42
4203,181.74
4204,665.47
4205,408.45
4206,382.29
4207,250.2
4208,220.89
4209,432.94
4210,309.17
4211,661.76
4212,401.65
4213,627.2
4214,665.55
4215,682.77
4216,151.27
4217,538.62
4218,105.18
4219,291.5
4220,465.03
4221,873.46
4222,269.54
4223,147.97
4224,396.19
4225,222.93
4226,260.75
4227,213.53
4228,436.02
4229,328.27
4230,606.75
4231,596.97
4232,204.2
4233,350.18
4234,430.59
4235,342.32
4236,514.93
4237,410.19
4238,520.35
4239,372.72
4240,670.85
4241,514.28
4242,528.38
4243,437.23
4244,572.02
4245,209.89
4246,185.22
4247,719.6
4248,671.3
4249,631.55
4250,629.86
4251,792.66
4252,77.39
4253,496.25
4254,116.9
4255,317.77
4256,224.82
4257,558.01
4258,406.33
4259,180.76
4260,442.68
4261,695.34
4262,455.79
4263,193.66
4264,337.42
4265,779.82
4266,360.52
4267,363.76
4268,106.26
4269,434.98
4270,415.2
4271,532.52
4272,416.37
4273,282.75
4274,132.54
4275,425.86
4276,586.46
4277,228.82
4278,216.93
4279,253.87
4280,731.91
4281,663.07
4282,193.6
4283,289.91
4284,386.41
4285,206.9
4286,359.12
4287,272.85
4288,432.19
4289,294.28
4290,612.55
4291,694.26
4292,122.15
4293,414.35
4294,451.15
4295,421.5
4296,380.77
4297,300.6
4298,154.56
4299,421.87
4300,420.42
4301,111.57
4302,132.99
4303,497.16
4304,547.22
4305,278.09
4306,612.97
4307,402.28
4308,279.81
4309,530.32
4310,515.96
4311,719.43
4312,294.24
4313,168.0
4314,272.72
4315,311.73
4316,339.38
4317,134.94
4318,462.21
4319,141.04
4320,266.76
4321,124.42
4322,542.97
4323,218.51
4324,386.82
4325,499.29
4326,344.91
4327,368.79
4328,511.5
4329,354.15
4330,433.33
4331,399.65
4332,710.03
4333,495.37
4334,223.7
4335,279.04
4336,343.44
4337,419.68
4338,212.45
4339,132.79
4340,241.19
4341,337.52
4342,389.7
4343,87.66
4344,441.88
4345,558.2
4346,507.17
4347,151.94
4348,192.18
4349,381.09
4350,517.14
4351,69.6
4352,659.82
4353,225.23
4354,306.76
4355,418.64
4356,733.71
4357,268.45
4358,137.13
4359,620.3
4360,632.93
4361,524.2
4362,585.76
4363,365.31
4364,382.15
4365,650.74
4366,475.15
4367,368.26
4368,491.21
4369,512.47
4370,189.93
4371,471.09
4372,80.2
4373,474.14
4374,572.71
4375,279.7
4376,210.81
4377,613.77
4378,408.98
4379,633.52
4380,456.64
4381,276.0
4382,356.07
4383,120.24
4384,218.54
4385,252.58
4386,466.85
4387,660.36
4388,418.99
4389,333.54
4390,317.05
4391,392.48
4392,344.48
4393,103.76
4394,711.8
4395,156.04
4396,533.27
4397,207.78
4398,235.41
4399,610.73
4400,702.76
4401,88.59
4402,344.12
4403,248.01
4404,766.32
4405,562.34
4406,466.62
4407,646.15
4408,387.73
4409,200.56
4410,546.34
4411,589.25
4412,696.45
4413,262.8
4414,617.56
4415,370.37
4416,156.9
4417,669.19
4418,360.2
4419,498.7
4420,466.16
4421,211.41
4422,220.24
4423,723.97
4424,547.09
4425,489.08
4426,106.88
4427,129.23
4428,288.33
4429,593.08
4430,656.05
4431,354.17
4432,214.47
4433,537.13
4434,848.83
4435,610.16
4436,368.49
4437,330.6
4438,659.99
4439,345.03
4440,523.61
4441,148.32
4442,183.39
4443,555.15
4444,620.46
4445,540.08
4446,121.11
4447,461.53
4448,567.03
4449,260.76
4450,121.27
4451,157.18
4452,598.07
4453,464.31
4454,628.48
4455,108.33
4456,627.01
4457,309.02
4458,657.65
4459,580.51
4460,485.13
4461,509.7
4462,599.34
4463,325.73
4464,255.74
4465,296.56
4466,140.13
4467,669.7
4468,308.93
4469,351.75
4470,467.33
4471,68.58
4472,273.92
4473,620.4
4474,541.15
4475,233.16
4476,106.93
4477,170.53
4478,510.4
4479,619.09
4480,256.74
4481,369.82
4482,713.15
4483,497.01
4484,461.1
4485,317.12
4486,258.1
4487,401.29
4488,329.15
4489,366.1
4490,191.78
4491,311.31
4492,692.37
4493,119.76
4494,466.25
4495,206.5
4496,753.43
4497,493.51
4498,119.41
4499,312.66
4500,370.59
4501,330.59
4502,507.82
4503,580.72
4504,392.02
4505,316.65
4506,356.24
4507,137.45
4508,594.74
4509,750.55
4510,81.67
4511,211.66
4512,539.39
4513,608.11
4514,528.13
4515,230.93
4516,284.31
4517,505.53
4518,70.87
4519,404.76
4520,585.52
4521,392.3
4522,267.09
4523,215.58
4524,484.9
4525,510.07
4526,107.31
4527,513.47
4528,186.17
4529,676.88
4530,227.21
4531,350.98
4532,100.76
4533,640.98
4534,610.03
4535,197.74
4536,620.65
4537,183.87
4538,738.2
4539,116.25
4540,429.62
4541,76.27
4542,145.62
4543,255.52
4544,391.73
4545,620.87
4546,145.82
4547,439.92
4548,454.8
4549,182.61
4550,236.07
4551,553.06
4552,375.93
4553,339.75
4554,705.79
4555,564.53
4556,459.84
4557,370.16
4558,283.73
4559,447.62
4560,368.11
4561,580.77
4562,508.29
4563,233.98
4564,876.23
4565,206.04
4566,493.38
4567,216.65
4568,120.54
4569,356.61
4570,263.01
4571,490.38
4572,395.76
4573,687.72
4574,616.26
4575,539.99
4576,194.21
4577,176.03
4578,125.64
4579,465.02
4580,398.76
4581,238.58
4582,426.53
4583,575.79
4584,168.07
4585,567.24
4586,99.67
4587,175.56
4588,366.9
4589,482.65
4590,358.48
4591,131.63
4592,117.89
4593,585.74
4594,507.53
4595,206.33
4596,119.52
4597,418.33
4598,439.52
4599,603.61
4600,133.05
4601,590.61
4602,332.38
4603,365.5
4604,533.69
4605,395.02
4606,342.61
4607,141.86
4608,159.81
4609,75.21
4610,669.44
4611,249.92
4612,425.19
4613,460.68
4614,454.85
4615,473.24
4616,390.1
4617,200.5
4618,507.43
4619,462.63
4620,433.05
4621,497.73
4622,635.28
4623,583.92
4624,484.26
4625,308.12
4626,193.33
4627,209.67
4628,482.74
4629,512.68
4630,172.59
4631,439.32
4632,814.44
4633,224.67
4634,671.58
4635,693.53
4636,490.52
4637,539.7
4638,682.54
4639,297.33
4640,188.79
4641,133.33
4642,606.66
4643,631.04
4644,437.41
4645,161.16
4646,846.13
4647,355.59
4648,493.61
4649,230.81
4650,134.56
4651,849.24
4652,351.16
4653,154.26
4654,348.48
4655,373.64
4656,126.15
4657,339.38
4658,354.29
4659,428.44
4660,343.83
4661,612.48
4662,449.52
4663,309.59
4664,538.64
4665,116.47
4666,708.17
4667,244.34
4668,253.13
4669,212.14
4670,157.64
4671,545.4
4672,585.78
4673,322.45
4674,469.81
4675,166.24
4676,187.7
4677,551.46
4678,746.53
4679,481.02
4680,652.97
4681,316.42
4682,118.1
4683,735.95
4684,632.23
4685,739.99
4686,594.7
4687,478.93
4688,150.64
4689,629.04
4690,189.54
4691,737.88
4692,118.08
4693,174.16
4694,616.18
4695,99.11
4696,699.42
4697,99.27
4698,416.73
4699,291.38
4700,439.45
4701,137.39
4702,509.24
4703,467.72
4704,403.68
4705,358.32
4706,505.51
4707,222.27
4708,429.86
4709,533.97
4710,212.47
4711,85.97
4712,252.38
4713,256.74
4714,645.61
4715,128.9
4716,367.87
4717,82.84
4718,165.55
4719,117.4
4720,461.47
4721,412.75
4722,135.31
4723,279.71
4724,381.38
4725,588.41
4726,179.81
4727,450.66
4728,537.23
4729,700.12
4730,196.84
4731,553.67
4732,121.66
4733,364.83
4734,624.5
4735,290.38
4736,449.75
4737,493.23
4738,406.95
4739,506.42
4740,433.91
4741,507.74
4742,600.05
4743,198.13
4744,463.51
4745,539.12
4746,715.61
4747,127.77
4748,242.71
4749,360.21
4750,670.26
4751,244.19
4752,466.57
4753,426.64
4754,172.98
4755,550.96
4756,563.18
4757,521.98
4758,145.68
4759,603.38
4760,157.9
4761,678.35
4762,355.01
4763,253.01
4764,119.96
4765,215.05
4766,394.93
4767,427.17
4768,439.56
4769,230.35
4770,732.48
4771,82.59
4772,389.52
4773,294.73
4774,227.87
4775,251.15
4776,346.72
4777,348.34
4778,161.15
4779,204.34
4780,369.28
4781,829.81
4782,135.81
4783,524.18
4784,310.58
4785,558.1
4786,370.01
4787,478.51
4788,98.09
4789,135.55
4790,382.04
4791,291.42
4792,203.2
4793,200.2
4794,568.83
4795,595.37
4796,147.14
4797,436.99
4798,84.5
4799,247.24
4800,194.56
4801,363.82
4802,123.38
4803,653.16
4804,700.65
4805,182.23
4806,386.63
4807,740.43
4808,740.53
4809,392.9
4810,593.91
4811,99.84
4812,687.62
4813,450.61
4814,183.34
4815,150.89
4816,165.13
4817,283.69
4818,657.12
4819,569.02
4820,151.72
4821,213.03
4822,447.32
4823,331.11
4824,634.29
4825,128.0
4826,531.56
4827,530.39
4828,382.42
4829,782.1
4830,200.85
4831,196.55
4832,264.03
4833,233.23
4834,256.98
4835,604.35
4836,195.35
4837,405.78
4838,170.23
4839,311.49
4840,414.41
4841,549.12
4842,543.66
4843,543.8
4844,313.05
4845,569.57
4846,523.26
4847,292.3
4848,303.92
4849,174.22
4850,538.46
4851,419.15
4852,225.09
4853,243.32
4854,703.08
4855,408.15
4856,703.45
4857,649.24
4858,443.26
4859,518.03
4860,497.4
4861,629.74
4862,147.06
4863,76.74
4864,111.66
4865,474.16
4866,256.54
4867,237.8
4868,204.5
4869,478.02
4870,80.38
4871,449.21
4872,302.18
4873,142.08
4874,199.74
4875,463.26
4876,585.6
4877,259.29
4878,159.32
4879,138.48
4880,364.63
4881,752.38
4882,648.81
4883,215.06
4884,616.97
4885,314.54
4886,334.37
4887,145.92
4888,251.25
4889,454.29
4890,140.86
4891,505.6
4892,466.31
4893,290.38
4894,434.78
4895,194.82
4896,180.61
4897,167.7
4898,386.97
4899,115.32
4900,179.66
4901,164.6
4902,794.47
4903,152.08
4904,332.42
4905,148.71
4906,622.83
4907,162.0
4908,562.44
4909,94.25
4910,563.25
4911,361.75
4912,751.19
4913,846.91
4914,358.27
4915,159.69
4916,512.17
4917,302.97
4918,311.58
4919,380.48
4920,529.52
4921,551.47
4922,664.8
4923,402.96
4924,266.74
4925,385.46
4926,382.97
4927,142.25
4928,110.02
4929,122.06
4930,580.05
4931,372.97
4932,537.95
4933,456.6
4934,600.91
4935,517.55
4936,156.79
4937,587.24
4938,681.42
4939,246.73
4940,371.26
4941,726.09
4942,143.33
4943,576.47
4944,297.05
4945,358.85
4946,335.05
4947,303.82
4948,372.73
4949,577.42
4950,646.1
4951,321.15
4952,81.6
4953,119.93
4954,615.48
4955,570.16
4956,625.59
4957,279.42
4958,427.01
4959,505.12
4960,229.77
4961,218.2
4962,349.98
4963,164.16
4964,488.5
4965,100.92
4966,232.13
4967,158.44
4968,301.76
4969,213.87
4970,623.85
4971,267.69
4972,379.25
4973,612.19
4974,135.38
4975,606.52
4976,738.47
4977,420.55
4978,329.25
4979,400.19
4980,291.44
4981,410.57
4982,626.75
4983,386.23
4984,421.66
4985,391.27
4986,393.81
4987,275.37
4988,514.31
4989,501.56
4990,500.78
4991,518.67
4992,267.21
4993,384.87
4994,171.82
4995,369.0
4996,766.48
4997,497.41
4998,354.02
4999,230.34
5000,209.81
5001,283.52
5002,199.37
5003,645.68
5004,206.53
5005,747.17
5006,866.97
5007,166.69
5008,457.78
5009,517.18
5010,493.62
5011,200.23
5012,593.86
5013,126.36
5014,146.17
5015,389.05
5016,638.77
5017,566.42
5018,749.48
5019,277.56
5020,507.11
5021,540.63
5022,639.06
5023,420.0
5024,600.76
5025,256.55
5026,551.71
5027,293.67
5028,820.86
5029,79.82
5030,303.15
5031,541.03
5032,628.23
5033,418.63
5034,358.6
5035,348.61
5036,118.99
5037,240.23
5038,363.3
5039,240.79
5040,420.8
5041,441.07
5042,121.79
5043,606.04
5044,181.17
5045,690.55
5046,162.24
5047,302.44
5048,111.05
5049,159.56
5050,225.43
5051,527.8
5052,274.78
5053,98.23
5054,595.88
5055,518.85
5056,407.64
5057,208.52
5058,841.37
5059,797.98
5060,282.58
5061,516.74
5062,128.21
5063,461.5
5064,658.59
5065,636.35
5066,293.53
5067,150.15
5068,690.49
5069,547.15
5070,467.82
5071,425.11
5072,482.65
5073,692.72
5074,617.61
5075,460.45
5076,617.29
5077,503.59
5078,156.68
5079,662.24
5080,265.75
5081,625.31
5082,185.91
5083,104.28
5084,470.09
5085,237.53
5086,520.94
5087,301.22
5088,845.35
5089,497.48
5090,423.2
5091,466.73
5092,455.17
5093,425.51
5094,186.62
5095,213.9
5096,290.64
5097,361.19
5098,534.07
5099,164.7
5100,771.81
5101,516.59
5102,533.86
5103,401.43
5104,186.55
5105,320.52
5106,796.29
5107,416.72
5108,545.19
5109,567.31
5110,355.57
5111,626.67
5112,567.95
5113,757.94
5114,137.86
5115,320.97
5116,561.27
5117,582.3
5118,355.44
5119,274.81
5120,350.35
5121,352.68
5122,424.47
5123,286.11
5124,689.48
5125,579.39
5126,173.35
5127,207.85
5128,364.85
5129,567.21
5130,113.74
5131,229.9
5132,313.03
5133,188.49
5134,424.97
5135,636.35
5136,481.6
5137,164.48
5138,316.63
5139,630.92
5140,584.59
5141,151.35
5142,532.99
5143,598.82
5144,283.67
5145,641.27
5146,653.03
5147,234.4
5148,715.34
5149,345.06
5150,458.49
5151,152.42
5152,675.63
5153,240.51
5154,769.77
5155,694.07
5156,652.06
5157,203.15
5158,681.62
5159,749.5
5160,570.07
5161,174.49
5162,129.54
5163,541.16
5164,635.83
5165,627.73
5166,220.4
5167,349.33
5168,472.49
5169,476.38
5170,671.64
5171,456.8
5172,260.31
5173,555.17
5174,318.89
5175,197.78
5176,494.47
5177,248.65
5178,524.05
5179,210.72
5180,295.68
5181,447.34
5182,614.85
5183,145.52
5184,389.08
5185,542.69
5186,161.6
5187,296.46
5188,91.06
5189,336.76
5190,747.08
5191,81.87
5192,592.01
5193,671.03
5194,457.88
5195,343.78
5196,729.38
5197,227.51
5198,280.78
5199,224.18
5200,233.74
5201,188.64
5202,498.61
5203,719.99
5204,422.47
5205,604.96
5206,123.57
5207,712.15
5208,535.4
5209,188.61
5210,593.6
5211,210.45
5212,657.76
5213,342.12
5214,309.46
5215,434.92
5216,56.79
5217,75.09
5218,736.13
5219,643.02
5220,326.11
5221,110.24
5222,232.87
5223,183.07
5224,454.09
5225,663.0
5226,637.06
5227,538.4
5228,257.01
5229,335.8
5230,489.25
5231,788.16
5232,556.22
5233,682.61
5234,252.89
5235,414.46
5236,741.28
5237,253.3
5238,638.94
5239,532.9
5240,359.77
5241,374.63
5242,552.79
5243,474.03
5244,336.13
5245,482.04
5246,154.0
5247,671.72
5248,480.54
5249,502.93
5250,418.79
5251,161.55
5252,713.3
5253,192.65
5254,459.3
5255,301.82
5256,345.63
5257,478.58
5258,587.06
5259,492.33
5260,704.67
5261,508.49
5262,432.84
5263,206.87
5264,87.31
5265,134.92
5266,852.18
5267,364.13
5268,374.53
5269,527.58
5270,777.68
5271,758.62
5272,271.85
5273,101.87
5274,248.22
5275,538.49
5276,578.52
5277,219.5
5278,617.91
5279,425.32
5280,314.26
5281,228.54
5282,732.3
5283,212.48
5284,89.83
5285,658.74
5286,557.04
5287,619.87
5288,693.66
5289,373.69
5290,258.65
5291,128.91
5292,363.9
5293,628.65
5294,558.31
5295,190.39
5296,158.92
5297,662.86
5298,607.56
5299,627.04
5300,546.24
5301,374.08
5302,241.63
5303,524.2
5304,501.28
5305,170.71
5306,296.15
5307,448.42
5308,305.18
5309,369.47
5310,403.76
5311,201.67
5312,661.47
5313,138.2
5314,68.98
5315,502.85
5316,626.35
5317,580.78
5318,508.14
5319,232.37
5320,419.27
5321,359.98
5322,311.97
5323,630.01
5324,648.57
5325,92.23
5326,208.06
5327,167.33
5328,252.06
5329,506.62
5330,166.98
5331,335.53
5332,528.27
5333,375.18
5334,456.37
5335,740.27
5336,286.77
5337,511.85
5338,213.14
5339,150.3
5340,360.16
5341,186.08
5342,711.82
5343,262.67
5344,313.28
5345,166.62
5346,260.61
5347,465.39
5348,231.18
5349,486.29
5350,575.72
5351,208.49
5352,690.67
5353,595.01
5354,511.4
5355,304.28
5356,655.84
5357,101.62
5358,414.65
5359,462.44
5360,722.26
5361,531.97
5362,579.11
5363,308.2
5364,222.81
5365,194.81
5366,421.67
5367,496.64
5368,420.04
5369,303.2
5370,408.07
5371,408.14
5372,185.66
5373,631.53
5374,92.25
5375,124.68
5376,507.47
5377,364.62
5378,819.87
5379,828.26
5380,387.2
5381,487.86
5382,242.67
5383,283.76
5384,210.11
5385,98.75
5386,293.35
5387,188.27
5388,329.17
5389,496.78
5390,636.82
5391,292.64
5392,306.45
5393,258.09
5394,112.88
5395,313.74
5396,631.6
5397,297.34
5398,481.18
5399,384.14
5400,246.37
5401,68.3
5402,402.36
5403,485.39
5404,241.25
5405,320.96
5406,742.45
5407,869.46
5408,451.8
5409,186.0
5410,130.08
5411,201.8
5412,94.41
5413,260.27
5414,467.06
5415,397.22
5416,751.72
5417,384.31
5418,304.57
5419,426.83
5420,236.72
5421,410.33
5422,626.23
5423,282.3
5424,551.95
5425,213.42
5426,601.91
5427,366.08
5428,593.35
5429,284.89
5430,349.72
5431,199.55
5432,396.45
5433,642.28
5434,188.2
5435,857.06
5436,386.24
5437,506.88
5438,222.97
5439,149.0
5440,156.05
5441,691.54
5442,569.59
5443,742.71
5444,615.0
5445,749.76
5446,387.51
5447,311.06
5448,477.85
5449,598.1
5450,624.99
5451,215.35
5452,432.22
5453,376.4
5454,241.42
5455,408.64
5456,601.77
5457,669.68
5458,370.69
5459,479.42
5460,536.89
5461,274.82
5462,269.46
5463,644.14
5464,312.27
5465,212.44
5466,364.34
5467,351.02
5468,366.11
5469,677.55
5470,629.83
5471,401.08
5472,626.92
5473,336.13
5474,111.75
5475,245.76
5476,641.54
5477,584.79
5478,440.81
5479,225.75
5480,295.91
5481,158.03
5482,370.24
5483,115.48
5484,560.19
5485,241.27
5486,600.38
5487,165.28
5488,471.14
5489,198.08
5490,248.41
5491,436.87
5492,382.28
5493,395.1
5494,199.42
5495,122.94
5496,674.37
5497,461.12
5498,396.84
5499,589.91
5500,324.22
5501,180.94
5502,629.28
5503,495.95
5504,597.37
5505,422.57
5506,404.95
5507,750.97
5508,142.08
5509,584.3
5510,516.88
5511,139.23
5512,264.38
5513,415.42
5514,378.16
5515,504.53
5516,445.56
5517,238.38
5518,471.0
5519,133.88
5520,151.54
5521,308.51
5522,568.24
5523,438.01
5524,376.14
5525,277.03
5526,553.55
5527,299.51
5528,89.69
5529,551.62
5530,248.31
5531,144.09
5532,129.25
5533,656.33
5534,418.65
5535,650.95
5536,134.34
5537,337.13
5538,596.15
5539,410.72
5540,299.63
5541,507.56
5542,226.19
5543,713.72
5544,135.24
5545,525.0
5546,584.0
5547,106.69
5548,580.04
5549,274.99
5550,292.47
5551,434.23
5552,801.13
5553,264.16
5554,639.44
5555,377.98
5556,212.57
5557,645.12
5558,610.62
5559,77.33
5560,448.84
5561,264.47
5562,677.28
5563,588.44
5564,638.46
5565,289.72
5566,317.53
5567,732.21
5568,313.38
5569,252.38
5570,313.79
5571,389.82
5572,98.77
5573,398.94
5574,684.57
5575,224.24
5576,471.99
5577,151.03
5578,81.07
5579,132.81
5580,197.8
5581,166.3
5582,455.74
5583,449.38
5584,542.63
5585,449.34
5586,470.22
5587,403.78
5588,604.81
5589,280.3
5590,146.09
5591,383.03
5592,399.86
5593,646.84
5594,699.36
5595,302.77
5596,525.48
5597,558.38
5598,204.04
5599,522.06
5600,109.74
5601,629.24
5602,700.47
5603,494.65
5604,519.88
5605,390.6
5606,143.6
5607,860.69
5608,742.84
5609,169.13
5610,476.5
5611,574.99
5612,247.14
5613,677.11
5614,213.55
5615,399.82
5616,100.87
5617,482.31
5618,392.3
5619,552.16
5620,151.26
5621,636.23
5622,236.93
5623,453.84
5624,583.34
5625,639.15
5626,243.55
5627,676.59
5628,202.16
5629,483.1
5630,277.99
5631,206.73
5632,231.32
5633,504.98
5634,648.21
5635,219.61
5636,400.31
5637,670.95
5638,184.08
5639,434.3
5640,230.59
5641,556.33
5642,385.14
5643,622.79
5644,147.16
5645,666.69
5646,272.36
5647,388.86
5648,270.6
5649,316.42
5650,226.17
5651,134.63
5652,210.59
5653,331.47
5654,125.5
5655,273.52
5656,137.56
5657,411.19
5658,124.4
5659,224.91
5660,716.2
5661,545.81
5662,530.58
5663,748.81
5664,718.66
5665,106.0
5666,434.67
5667,130.2
5668,325.37
5669,108.88
5670,510.11
5671,686.68
5672,180.09
5673,348.39
5674,286.26
5675,266.91
5676,332.38
5677,98.72
5678,568.56
5679,830.85
5680,100.22
5681,390.55
5682,303.89
5683,192.64
5684,569.24
5685,670.17
5686,140.23
5687,426.5
5688,335.4
5689,293.2
5690,352.59
5691,340.15
5692,451.99
5693,480.71
5694,101.27
5695,248.99
5696,698.55
5697,616.55
5698,177.4
5699,425.22
5700,267.46
5701,481.07
5702,531.71
5703,276.24
5704,787.79
5705,226.55
5706,322.53
5707,750.18
5708,110.12
5709,505.74
5710,290.42
5711,447.64
5712,471.89
5713,156.48
5714,511.81
5715,803.45
5716,615.99
5717,477.85
5718,89.56
5719,640.68
5720,538.89
5721,157.54
5722,655.75
5723,251.02
5724,500.95
5725,331.58
5726,369.03
5727,115.47
5728,536.86
5729,191.06
5730,495.5
5731,660.87
5732,449.4
5733,260.76
5734,649.53
5735,485.84
5736,564.29
5737,187.19
5738,291.11
5739,139.5
5740,820.29
5741,580.69
5742,229.87
5743,229.05
5744,308.47
5745,350.89
5746,684.45
5747,499.81
5748,647.34
5749,433.65
5750,397.89
5751,459.42
5752,295.01
5753,733.88
5754,353.66
5755,305.31
5756,120.86
5757,138.68
5758,160.83
5759,203.34
5760,477.66
5761,268.62
5762,119.41
5763,344.18
5764,253.89
5765,195.87
5766,453.66
5767,583.08
5768,740.16
5769,527.83
5770,599.82
5771,503.96
5772,602.88
5773,121.7
5774,251.16
5775,552.06
5776,346.01
5777,321.78
5778,718.9
5779,419.16
5780,198.18
5781,516.67
5782,100.24
5783,359.71
5784,523.26
5785,103.13
5786,170.08
5787,536.81
5788,591.88
5789,462.69
5790,224.06
5791,344.81
5792,734.6
5793,665.12
5794,492.16
5795,188.95
5796,520.73
5797,563.17
5798,762.44
5799,622.51
5800,537.54
5801,500.54
5802,535.71
5803,119.23
5804,365.24
5805,200.9
5806,362.27
5807,466.19
5808,437.83
5809,538.78
5810,460.09
5811,274.85
5812,433.67
5813,511.12
5814,321.31
5815,334.85
5816,470.73
5817,311.43
5818,515.09
5819,246.75
5820,217.62
5821,577.0
5822,203.69
5823,453.65
5824,416.33
5825,776.02
5826,539.06
5827,509.88
5828,181.37
5829,125.97
5830,175.16
5831,95.8
5832,342.93
5833,238.44
5834,502.7
5835,336.56
5836,123.56
5837,199.63
5838,478.16
5839,607.6
5840,192.39
5841,641.71
5842,291.2
5843,423.1
5844,332.86
5845,166.43
5846,300.85
5847,704.91
5848,510.79
5849,439.9
5850,412.73
5851,104.95
5852,502.87
5853,221.69
5854,76.06
5855,266.98
5856,401.11
5857,490.17
5858,465.52
5859,277.08
5860,108.16
5861,399.98
5862,200.41
5863,217.77
5864,251.43
5865,213.54
5866,212.77
5867,416.06
5868,651.42
5869,348.41
5870,470.09
5871,731.38
5872,221.81
5873,503.08
5874,90.02
5875,220.29
5876,562.38
5877,455.3
5878,557.6
5879,391.72
5880,244.1
5881,255.32
5882,308.26
5883,673.77
5884,400.94
5885,606.6
5886,439.63
5887,620.49
5888,485.12
5889,98.4
5890,129.11
5891,467.1
5892,340.13
5893,539.46
5894,173.51
5895,223.8
5896,630.82
5897,176.4
5898,543.02
5899,684.67
5900,226.78
5901,241.66
5902,241.51
5903,387.77
5904,572.53
5905,245.72
5906,105.5
5907,335.23
5908,543.08
5909,853.16
5910,243.86
5911,718.34
5912,109.75
5913,660.35
5914,186.8
5915,702.5
5916,719.74
5917,489.74
5918,390.13
5919,525.15
5920,366.06
5921,632.68
5922,211.67
5923,476.44
5924,371.07
5925,351.99
5926,410.84
5927,475.18
5928,145.33
5929,291.89
5930,553.9
5931,362.24
5932,620.0
5933,448.8
5934,470.97
5935,508.03
5936,402.77
5937,469.96
5938,331.61
5939,194.96
5940,618.77
5941,358.09
5942,393.72
5943,362.6
5944,329.86
5945,462.66
5946,343.88
5947,273.36
5948,371.59
5949,520.1
5950,143.85
5951,619.42
5952,749.79
5953,391.32
5954,413.29
5955,534.29
5956,475.59
5957,424.16
5958,667.2
5959,261.65
5960,236.77
5961,204.03
5962,605.15
5963,585.73
5964,445.56
5965,840.08
5966,481.02
5967,529.01
5968,436.98
5969,138.52
5970,648.56
5971,190.31
5972,548.8
5973,820.21
5974,500.19
5975,491.71
5976,709.54
5977,302.14
5978,370.73
5979,396.19
5980,218.05
5981,216.66
5982,293.95
5983,140.83
5984,305.25
5985,163.84
5986,127.76
5987,498.5
5988,313.07
5989,245.53
5990,329.71
5991,85.84
5992,274.49
5993,125.73
5994,667.24
5995,116.81
5996,581.84
5997,357.91
5998,586.89
5999,292.99
6000,329.27
6001,806.56
6002,158.53
6003,241.7
6004,139.32
6005,172.49
6006,127.84
6007,473.38
6008,331.25
6009,157.26
6010,135.23
6011,524.51
6012,241.32
6013,402.61
6014,269.58
6015,575.75
6016,271.9
6017,547.44
6018,144.29
6019,378.57
6020,265.77
6021,97.65
6022,361.49
6023,655.3
6024,186.79
6025,247.23
6026,367.47
6027,315.54
6028,327.82
6029,298.76
6030,302.38
6031,618.32
6032,860.0
6033,583.03
6034,159.98
6035,365.87
6036,543.79
6037,678.29
6038,253.75
6039,470.92
6040,696.79
6041,550.41
6042,568.44
6043,320.02
6044,565.59
6045,433.41
6046,378.3
6047,363.15
6048,608.01
6049,427.92
6050,148.04
6051,713.58
6052,627.08
6053,621.1
6054,480.71
6055,218.16
6056,184.81
6057,341.68
6058,154.06
6059,763.83
6060,774.69
6061,400.05
6062,413.51
6063,117.51
6064,94.75
6065,192.83
6066,179.13
6067,82.99
6068,532.3
6069,239.61
6070,276.26
6071,646.57
6072,217.95
6073,480.99
6074,590.53
6075,686.7
6076,164.31
6077,102.3
6078,155.6
6079,363.08
6080,408.55
6081,821.98
6082,218.76
6083,88.79
6084,169.96
6085,283.56
6086,575.8
6087,439.88
6088,213.19
6089,474.88
6090,224.81
6091,123.22
6092,175.88
6093,436.55
6094,80.13
6095,429.27
6096,403.81
6097,555.33
6098,342.25
6099,112.07
6100,223.03
6101,355.04
6102,358.31
6103,283.45
6104,695.61
6105,465.78
6106,312.58
6107,429.09
6108,510.3
6109,523.89
6110,168.71
6111,132.44
6112,91.12
6113,619.07
6114,157.06
6115,615.73
6116,586.87
6117,632.17
6118,713.7
6119,562.47
6120,520.48
6121,276.32
6122,470.83
6123,477.8
6124,477.01
6125,600.56
6126,407.85
6127,195.38
6128,113.32
6129,317.72
6130,447.08
6131,571.27
6132,402.45
6133,415.15
6134,491.51
6135,507.98
6136,226.96
6137,369.22
6138,225.36
6139,383.59
6140,147.86
6141,662.84
6142,136.41
6143,140.53
6144,501.24
6145,216.98
6146,509.85
6147,289.87
6148,643.94
6149,97.16
6150,492.61
6151,303.5
6152,430.89
6153,358.09
6154,609.03
6155,593.86
6156,190.03
6157,107.74
6158,509.25
6159,285.55
6160,469.94
6161,613.88
6162,796.81
6163,523.34
6164,106.84
6165,462.07
6166,602.28
6167,364.82
6168,196.09
6169,339.47
6170,503.84
6171,585.14
6172,316.61
6173,217.82
6174,231.7
6175,484.51
6176,268.37
6177,627.56
6178,757.17
6179,502.05
6180,687.0
6181,517.09
6182,428.27
6183,728.79
6184,102.8
6185,147.38
6186,218.88
6187,568.52
6188,230.82
6189,480.7
6190,290.26
6191,296.38
6192,358.91
6193,92.57
6194,75.0
6195,208.68
6196,161.96
6197,238.97
6198,569.49
6199,395.53
6200,563.26
6201,166.15
6202,430.38
6203,448.06
6204,348.93
6205,716.27
6206,334.53
6207,165.15
6208,97.96
6209,744.61
6210,238.31
6211,390.26
6212,205.97
6213,619.01
6214,548.84
6215,469.62
6216,166.58
6217,481.44
6218,159.71
6219,524.61
6220,673.04
6221,507.17
6222,480.79
6223,228.9
6224,349.59
6225,497.7
6226,286.15
6227,103.02
6228,740.61
6229,730.06
6230,96.64
6231,526.09
6232,307.39
6233,616.72
6234,482.63
6235,100.15
6236,203.85
6237,121.11
6238,147.15
6239,524.66
6240,303.06
6241,744.06
6242,218.4
6243,183.34
6244,159.34
6245,80.06
6246,145.75
6247,610.13
6248,547.32
6249,655.18
6250,372.08
6251,592.43
6252,447.47
6253,217.69
6254,258.71
6255,100.56
6256,328.85
6257,214.38
6258,511.3
6259,172.66
6260,476.24
6261,263.65
6262,121.83
6263,253.8
6264,355.89
6265,729.25
6266,140.7
6267,644.73
6268,134.49
6269,391.58
6270,177.8
6271,155.84
6272,465.94
6273,703.83
6274,498.55
6275,188.67
6276,179.36
6277,321.21
6278,550.43
6279,508.53
6280,269.2
6281,539.64
6282,192.49
6283,158.53
6284,616.33
6285,327.24
6286,188.74
6287,518.98
6288,612.62
6289,386.42
6290,442.27
6291,195.85
6292,568.74
6293,698.11
6294,122.96
6295,666.11
6296,310.28
6297,197.84
6298,241.88
6299,104.73
6300,624.3
6301,559.98
6302,622.62
6303,362.58
6304,103.39
6305,481.95
6306,523.99
6307,630.73
6308,301.73
6309,643.18
6310,644.12
6311,247.75
6312,320.63
6313,374.25
6314,515.62
6315,533.2
6316,620.34
6317,494.56
6318,344.57
6319,601.02
6320,568.67
6321,179.28
6322,174.39
6323,577.09
6324,618.36
6325,150.49
6326,182.73
6327,594.76
6328,588.99
6329,193.3
6330,195.17
6331,106.4
6332,116.52
6333,595.81
6334,188.21
6335,404.84
6336,528.42
6337,161.25
6338,633.53
6339,272.49
6340,396.04
6341,539.75
6342,560.11
6343,276.33
6344,162.79
6345,462.42
6346,124.81
6347,259.06
6348,626.27
6349,346.6
6350,325.88
6351,338.06
6352,500.72
6353,423.57
6354,137.44
6355,758.78
6356,324.56
6357,611.1
6358,687.85
6359,453.78
6360,421.77
6361,407.9
6362,583.44
6363,315.73
6364,218.91
6365,375.96
6366,299.34
6367,236.52
6368,233.2
6369,487.69
6370,548.48
6371,359.44
6372,822.53
6373,542.54
6374,279.97
6375,656.47
6376,314.26
6377,560.47
6378,299.11
6379,615.4
6380,129.34
6381,348.96
6382,353.51
6383,603.73
6384,114.19
6385,301.9
6386,416.56
6387,321.65
6388,101.9
6389,357.6
6390,649.62
6391,451.23
6392,229.39
6393,416.43
6394,487.34
6395,487.13
6396,694.89
6397,655.33
6398,203.79
6399,467.92
6400,372.09
6401,271.68
6402,657.1
6403,163.09
6404,509.18
6405,502.14
6406,638.46
6407,458.5
6408,276.8
6409,98.09
6410,696.7
6411,460.35
6412,571.57
6413,518.5
6414,169.74
6415,545.09
6416,440.43
6417,380.57
6418,702.06
6419,649.67
6420,367.62
6421,797.36
6422,636.4
6423,621.39
6424,352.88
6425,271.82
6426,79.29
6427,228.66
6428,399.13
6429,308.43
6430,460.42
6431,295.39
6432,748.3
6433,272.24
6434,742.01
6435,137.14
6436,360.02
6437,375.82
6438,698.54
6439,488.98
6440,81.84
6441,603.26
6442,535.28
6443,111.19
6444,367.69
6445,352.58
6446,234.94
6447,778.03
6448,456.26
6449,106.07
6450,171.88
6451,276.21
6452,499.49
6453,429.58
6454,467.75
6455,84.27
6456,655.46
6457,137.95
6458,482.2
6459,175.48
6460,495.8
6461,433.38
6462,646.55
6463,599.88
6464,561.63
6465,630.19
6466,130.71
6467,174.18
6468,795.53
6469,97.22
6470,458.31
6471,402.77
6472,128.36
6473,742.58
6474,377.24
6475,426.88
6476,174.87
6477,252.01
6478,195.83
6479,242.54
6480,218.25
6481,232.79
6482,215.32
6483,148.99
6484,499.09
6485,104.91
6486,425.28
6487,395.83
6488,287.68
6489,611.42
6490,575.85
6491,252.75
6492,688.6
6493,151.01
6494,524.67
6495,476.01
6496,522.61
6497,322.6
6498,471.18
6499,259.41
6500,683.79
6501,314.34
6502,634.76
6503,199.97
6504,573.23
6505,136.41
6506,706.08
6507,630.3
6508,623.93
6509,182.67
6510,414.87
6511,513.49
6512,494.5
6513,606.62
6514,539.94
6515,433.28
6516,149.4
6517,749.6
6518,543.06
6519,458.7
6520,219.35
6521,685.19
6522,389.77
6523,145.03
6524,577.09
6525,300.84
6526,323.96
6527,200.51
6528,339.42
6529,490.26
6530,627.3
6531,572.35
6532,411.43
6533,721.94
6534,834.26
6535,285.6
6536,396.42
6537,169.98
6538,669.91
6539,90.07
6540,698.2
6541,301.72
6542,386.08
6543,552.84
6544,217.09
6545,159.94
6546,686.12
6547,633.28
6548,321.38
6549,695.98
6550,542.96
6551,393.96
6552,126.32
6553,76.83
6554,225.76
6555,341.83
6556,595.16
6557,550.41
6558,642.6
6559,563.81
6560,572.14
6561,279.76
6562,654.49
6563,175.98
6564,99.26
6565,487.07
6566,741.15
6567,676.25
6568,500.35
6569,527.32
6570,675.24
6571,362.5
6572,603.44
6573,518.22
6574,236.48
6575,102.2
6576,449.58
6577,568.34
6578,358.65
6579,497.59
6580,348.56
6581,287.94
6582,155.96
6583,404.51
6584,640.57
6585,439.9
6586,203.85
6587,675.73
6588,277.35
6589,374.33
6590,494.45
6591,338.05
6592,261.65
6593,142.48
6594,368.44
6595,476.83
6596,530.11
6597,461.18
6598,552.74
6599,231.18
6600,245.56
6601,261.85
6602,226.3
6603,90.85
6604,157.18
6605,761.86
6606,292.28
6607,633.49
6608,456.3
6609,326.95
6610,555.51
6611,260.74
6612,564.14
6613,406.7
6614,520.85
6615,789.48
6616,470.34
6617,470.5
6618,570.7
6619,139.42
6620,428.74
6621,377.34
6622,520.03
6623,585.16
6624,393.57
6625,382.79
6626,469.6
6627,592.79
6628,531.66
6629,345.35
6630,395.53
6631,513.3
6632,454.37
6633,259.29
6634,195.71
6635,56.57
6636,176.12
6637,423.34
6638,135.76
6639,621.11
6640,148.92
6641,652.08
6642,172.44
6643,276.81
6644,134.81
6645,629.2
6646,425.27
6647,326.62
6648,206.4
6649,710.29
6650,190.22
6651,515.85
6652,229.1
6653,284.88
6654,413.4
6655,201.35
6656,407.81
6657,86.05
6658,161.96
6659,170.69
6660,674.8
6661,95.89
6662,615.2
6663,618.18
6664,603.04
6665,117.07
6666,571.27
6667,450.79
6668,293.63
6669,290.64
6670,297.87
6671,545.67
6672,587.24
6673,539.87
6674,490.91
6675,202.62
6676,541.46
6677,717.2
6678,455.31
6679,432.53
6680,537.77
6681,615.15
6682,623.77
6683,371.98
6684,236.83
6685,408.56
6686,174.98
6687,97.79
6688,276.71
6689,243.77
6690,95.55
6691,191.86
6692,303.22
6693,241.01
6694,450.76
6695,377.01
6696,199.21
6697,716.58
6698,834.61
6699,655.37
6700,348.7
6701,601.48
6702,357.95
6703,98.44
6704,398.45
6705,219.65
6706,538.78
6707,397.39
6708,421.36
6709,449.82
6710,290.27
6711,314.97
6712,348.12
6713,253.34
6714,377.24
6715,93.37
6716,144.2
6717,223.0
6718,286.25
6719,531.35
6720,265.04
6721,481.79
6722,139.66
6723,669.24
6724,701.84
6725,136.09
6726,685.5
6727,260.98
6728,615.44
6729,638.06
6730,395.29
6731,236.41
6732,518.25
6733,603.92
6734,468.92
6735,598.5
6736,390.61
6737,319.05
6738,580.83
6739,365.45
6740,169.1
6741,707.69
6742,319.74
6743,299.3
6744,184.13
6745,291.27
6746,602.36
6747,126.32
6748,624.59
6749,649.35
6750,467.75
6751,468.23
6752,95.49
6753,489.09
6754,529.74
6755,649.95
6756,501.07
6757,609.1
6758,654.49
6759,321.6
6760,495.01
6761,320.22
6762,321.59
6763,659.65
6764,509.37
6765,306.82
6766,238.89
6767,215.47
6768,561.49
6769,243.61
6770,198.41
6771,604.14
6772,654.42
6773,459.1
6774,743.31
6775,128.21
6776,560.37
6777,229.52
6778,69.43
6779,148.13
6780,263.23
6781,346.5
6782,633.13
6783,635.47
6784,339.79
6785,525.47
6786,483.39
6787,344.3
6788,309.28
6789,133.71
6790,569.47
6791,499.04
6792,265.0
6793,165.94
6794,134.22
6795,578.97
6796,147.23
6797,409.2
6798,306.41
6799,482.1
6800,633.27
6801,194.55
6802,248.15
6803,291.66
6804,176.45
6805,202.14
6806,182.46
6807,563.82
6808,630.0
6809,703.42
6810,548.79
6811,199.34
6812,210.14
6813,663.42
6814,142.5
6815,488.81
6816,623.9
6817,142.64
6818,363.51
6819,456.88
6820,232.16
6821,685.79
6822,751.19
6823,295.34
6824,118.07
6825,271.97
6826,686.14
6827,849.72
6828,617.29
6829,259.94
6830,538.67
6831,137.61
6832,508.64
6833,730.38
6834,201.64
6835,252.63
6836,649.79
6837,360.98
6838,114.99
6839,546.13
6840,452.02
6841,90.73
6842,81.18
6843,466.63
6844,67.6
6845,242.67
6846,443.71
6847,467.93
6848,343.18
6849,821.23
6850,650.14
6851,453.64
6852,234.1
6853,434.56
6854,755.39
6855,579.36
6856,519.21
6857,140.9
6858,532.47
6859,71.3
6860,408.91
6861,163.04
6862,80.8
6863,348.66
6864,490.88
6865,306.08
6866,468.2
6867,364.8
6868,502.78
6869,547.35
6870,295.45
6871,823.24
6872,306.58
6873,418.74
6874,580.86
6875,143.78
6876,792.06
6877,520.76
6878,465.24
6879,572.27
6880,701.3
6881,664.19
6882,307.57
6883,315.73
6884,111.42
6885,158.38
6886,775.39
6887,328.69
6888,232.82
6889,734.82
6890,522.71
6891,249.05
6892,231.25
6893,502.99
6894,454.22
6895,481.14
6896,355.6
6897,207.46
6898,300.36
6899,429.87
6900,564.3
6901,564.57
6902,805.69
6903,233.12
6904,242.25
6905,791.67
6906,382.63
6907,113.33
6908,575.21
6909,849.37
6910,591.62
6911,643.14
6912,135.08
6913,438.68
6914,560.46
6915,288.47
6916,218.84
6917,134.55
6918,449.52
6919,277.67
6920,165.74
6921,154.01
6922,145.1
6923,241.02
6924,745.95
6925,130.92
6926,142.7
6927,659.96
6928,686.02
6929,723.38
6930,540.62
6931,115.47
6932,189.06
6933,144.14
6934,279.55
6935,789.97
6936,555.82
6937,638.96
6938,421.68
6939,385.02
6940,662.66
6941,540.04
6942,439.34
6943,657.92
6944,416.85
6945,540.09
6946,579.11
6947,171.72
6948,783.14
6949,577.34
6950,495.15
6951,505.42
6952,461.93
6953,311.16
6954,627.47
6955,407.55
6956,217.2
6957,239.67
6958,323.22
6959,145.06
6960,619.02
6961,546.01
6962,294.69
6963,131.22
6964,644.94
6965,374.32
6966,544.56
6967,81.66
6968,525.23
6969,285.75
6970,340.41
6971,117.93
6972,470.8
6973,375.89
6974,715.64
6975,383.09
6976,116.63
6977,309.25
6978,387.57
6979,90.83
6980,248.49
6981,210.37
6982,628.8
6983,177.1
6984,261.8
6985,637.55
6986,138.3
6987,191.89
6988,306.84
6989,432.92
6990,463.55
6991,571.03
6992,370.48
6993,606.26
6994,121.3
6995,683.63
6996,389.78
6997,91.09
6998,438.54
6999,409.17
7000,373.73
7001,106.36
7002,344.29
7003,388.1
7004,244.82
7005,559.75
7006,486.86
7007,168.54
7008,796.26
7009,141.36
7010,249.11
7011,494.0
7012,413.03
7013,97.43
7014,266.56
7015,85.61
7016,366.83
7017,449.28
7018,482.56
7019,68.05
7020,384.32
7021,133.93
7022,172.01
7023,462.59
7024,632.62
7025,149.83
7026,484.97
7027,275.45
7028,313.32
7029,282.81
7030,329.23
7031,287.43
7032,783.93
7033,551.34
7034,82.93
7035,664.3
7036,523.69
7037,359.04
7038,280.5
7039,343.99
7040,383.43
7041,291.76
7042,600.54
7043,192.8
7044,272.69
7045,448.1
7046,595.27
7047,684.49
7048,316.18
7049,137.89
7050,531.19
7051,286.44
7052,214.91
7053,453.46
7054,456.52
7055,442.97
7056,419.23
7057,668.44
7058,370.62
7059,389.23
7060,159.08
7061,344.41
7062,760.94
7063,314.19
7064,403.14
7065,571.73
7066,147.89
7067,135.87
7068,269.45
7069,415.6
7070,548.0
7071,572.1
7072,119.92
7073,285.4
7074,220.1
7075,256.6
7076,457.2
7077,745.73
7078,174.7
7079,371.89
7080,89.94
7081,601.8
7082,297.71
7083,127.15
7084,290.22
7085,380.51
7086,342.58
7087,546.99
7088,365.77
7089,748.28
7090,170.92
7091,174.71
7092,187.88
7093,395.17
7094,511.35
7095,282.81
7096,139.63
7097,567.55
7098,391.41
7099,580.91
7100,423.44
7101,359.65
7102,479.8
7103,450.88
7104,537.39
7105,482.94
7106,475.43
7107,267.07
7108,242.84
7109,482.48
7110,216.67
7111,193.86
7112,224.62
7113,281.87
7114,350.54
7115,139.88
7116,211.85
7117,786.77
7118,555.89
7119,432.22
7120,453.42
7121,844.99
7122,200.77
7123,535.98
7124,306.38
7125,324.16
7126,693.23
7127,325.87
7128,607.08
7129,218.98
7130,438.35
7131,181.1
7132,634.72
7133,479.9
7134,301.29
7135,678.3
7136,318.78
7137,473.43
7138,546.31
7139,289.06
7140,571.41
7141,628.54
7142,188.07
7143,287.48
7144,320.46
7145,368.79
7146,423.84
7147,127.15
7148,379.34
7149,460.99
7150,297.05
7151,549.55
7152,451.44
7153,674.11
7154,107.76
7155,180.72
7156,497.86
7157,712.52
7158,852.74
7159,575.95
7160,573.39
7161,207.66
7162,619.92
7163,642.13
7164,194.95
7165,400.07
7166,321.08
7167,374.15
7168,431.79
7169,387.72
7170,381.34
7171,671.95
7172,762.22
7173,322.62
7174,347.94
7175,384.26
7176,493.62
7177,316.11
7178,269.08
7179,305.25
7180,225.66
7181,356.47
7182,462.93
7183,349.94
7184,352.93
7185,310.25
7186,128.9
7187,481.48
7188,243.05
7189,332.41
7190,281.48
7191,325.86
7192,191.51
7193,669.97
7194,681.39
7195,426.15
7196,190.42
7197,388.74
7198,795.97
7199,308.95
7200,110.81
7201,196.03
7202,408.95
7203,209.54
7204,192.63
7205,531.52
7206,124.46
7207,468.95
7208,674.69
7209,111.5
7210,809.84
7211,165.59
7212,443.07
7213,134.07
7214,369.48
7215,445.39
7216,379.01
7217,317.23
7218,575.1
7219,692.91
7220,218.75
7221,479.09
7222,329.71
7223,847.86
7224,72.29
7225,494.35
7226,203.91
7227,485.34
7228,192.14
7229,343.55
7230,411.03
7231,591.26
7232,139.87
7233,576.85
7234,686.0
7235,592.35
7236,479.39
7237,546.54
7238,600.61
7239,470.73
7240,455.59
7241,794.38
7242,609.03
7243,652.67
7244,788.93
7245,193.96
7246,498.35
7247,167.18
7248,430.28
7249,466.27
7250,397.74
7251,370.84
7252,682.13
7253,489.42
7254,526.7
7255,683.39
7256,443.83
7257,492.78
7258,715.43
7259,120.44
7260,531.13
7261,112.24
7262,166.68
7263,701.3
7264,278.02
7265,171.74
7266,177.68
7267,172.16
7268,407.41
7269,316.93
7270,327.63
7271,458.0
7272,141.33
7273,625.21
7274,766.51
7275,547.78
7276,545.96
7277,628.83
7278,147.61
7279,140.17
7280,274.22
7281,355.82
7282,375.28
7283,458.64
7284,457.75
7285,235.72
7286,559.8
7287,333.07
7288,301.37
7289,658.02
7290,536.73
7291,384.99
7292,612.51
7293,535.08
7294,85.46
7295,296.82
7296,600.98
7297,422.64
7298,204.49
7299,563.45
7300,395.24
7301,523.09
7302,540.69
7303,489.33
7304,183.73
7305,156.29
7306,505.53
7307,320.84
7308,842.33
7309,598.58
7310,460.61
7311,279.58
7312,251.54
7313,246.96
7314,622.98
7315,543.56
7316,588.2
7317,130.99
7318,103.75
7319,451.43
7320,547.09
7321,395.84
7322,646.84
7323,811.63
7324,405.58
7325,183.63
7326,451.71
7327,516.3
7328,419.35
7329,77.98
7330,319.38
7331,536.63
7332,488.56
7333,313.49
7334,211.92
7335,395.14
7336,383.0
7337,533.61
7338,377.92
7339,176.39
7340,176.81
7341,449.16
7342,725.36
7343,310.96
7344,548.82
7345,759.97
7346,295.63
7347,369.78
7348,428.76
7349,417.69
7350,325.3
7351,476.95
7352,494.99
7353,131.33
7354,620.23
7355,237.88
7356,324.62
7357,174.54
7358,248.28
7359,428.54
7360,662.04
7361,422.6
7362,560.46
7363,203.79
7364,594.61
7365,400.79
7366,686.92
7367,509.67
7368,553.51
7369,698.93
7370,481.33
7371,114.1
7372,308.11
7373,234.76
7374,312.39
7375,662.98
7376,252.12
7377,480.32
7378,447.21
7379,414.02
7380,438.38
7381,104.64
7382,418.79
7383,272.47
7384,403.01
7385,431.16
7386,570.03
7387,352.94
7388,826.04
7389,690.9
7390,252.63
7391,499.77
7392,781.2
7393,760.09
7394,398.2
7395,502.1
7396,301.9
7397,105.1
7398,293.48
7399,431.1
7400,407.43
7401,501.22
7402,218.53
7403,493.06
7404,224.88
7405,327.62
7406,437.93
7407,446.94
7408,149.09
7409,96.68
7410,753.24
7411,556.25
7412,186.43
7413,456.38
7414,325.13
7415,360.89
7416,200.48
7417,286.48
7418,190.29
7419,570.9
7420,588.57
7421,326.61
7422,506.62
7423,186.01
7424,492.59
7425,384.15
7426,180.8
7427,455.76
7428,291.72
7429,257.19
7430,534.5
7431,224.37
7432,195.0
7433,592.12
7434,193.48
7435,419.32
7436,114.95
7437,363.64
7438,429.56
7439,322.73
7440,456.45
7441,328.68
7442,402.93
7443,473.06
7444,165.3
7445,320.54
7446,412.64
7447,488.04
7448,351.86
7449,103.77
7450,545.02
7451,300.27
7452,686.73
7453,526.9
7454,167.77
7455,741.06
7456,222.88
7457,333.61
7458,439.69
7459,638.74
7460,471.89
7461,540.73
7462,454.05
7463,124.64
7464,210.55
7465,554.76
7466,433.56
7467,402.37
7468,476.66
7469,630.72
7470,246.01
7471,567.93
7472,129.42
7473,600.71
7474,465.21
7475,175.11
7476,639.31
7477,346.06
7478,275.99
7479,293.64
7480,622.53
7481,586.52
7482,442.39
7483,633.32
7484,679.85
7485,247.26
7486,110.89
7487,182.67
7488,395.8
7489,723.45
7490,182.53
7491,390.46
7492,681.63
7493,434.6
7494,464.17
7495,218.24
7496,614.28
7497,291.73
7498,689.93
7499,545.16
7500,282.5
7501,379.38
7502,250.05
7503,229.74
7504,574.24
7505,374.32
7506,250.91
7507,312.55
7508,248.04
7509,477.61
7510,228.47
7511,834.34
7512,404.93
7513,267.8
7514,775.95
7515,252.79
7516,556.33
7517,252.02
7518,181.44
7519,310.04
7520,381.23
7521,664.91
7522,275.81
7523,686.75
7524,571.3
7525,137.36
7526,627.54
7527,532.31
7528,538.69
7529,208.9
7530,320.18
7531,178.16
7532,142.85
7533,133.55
7534,765.26
7535,230.86
7536,222.21
7537,172.17
7538,485.34
7539,754.27
7540,264.29
7541,275.39
7542,634.99
7543,149.82
7544,472.12
7545,190.19
7546,322.03
7547,646.18
7548,497.37
7549,245.91
7550,223.06
7551,236.01
7552,392.03
7553,539.93
7554,369.05
7555,231.34
7556,157.93
7557,650.73
7558,642.99
7559,189.89
7560,461.87
7561,519.98
7562,119.52
7563,424.81
7564,515.61
7565,689.25
7566,243.91
7567,491.23
7568,368.75
7569,546.36
7570,219.22
7571,261.29
7572,352.82
7573,689.68
7574,640.71
7575,150.68
7576,185.61
7577,218.44
7578,474.35
7579,333.59
7580,587.57
7581,437.21
7582,727.09
7583,615.65
7584,596.59
7585,467.71
7586,669.03
7587,417.83
7588,194.92
7589,417.74
7590,180.45
7591,162.32
7592,205.78
7593,234.11
7594,137.38
7595,507.95
7596,346.28
7597,398.03
7598,653.52
7599,211.05
7600,154.24
7601,372.52
7602,375.07
7603,770.92
7604,810.02
7605,605.36
7606,125.15
7607,163.72
7608,220.9
7609,455.94
7610,253.1
7611,790.18
7612,644.51
7613,365.72
7614,452.63
7615,741.63
7616,142.82
7617,610.81
7618,451.84
7619,722.09
7620,459.68
7621,473.33
7622,106.05
7623,148.14
7624,687.66
7625,357.06
7626,266.52
7627,151.42
7628,565.87
7629,467.28
7630,328.56
7631,148.07
7632,357.98
7633,331.76
7634,437.34
7635,278.33
7636,484.58
7637,180.54
7638,243.0
7639,282.57
7640,281.65
7641,166.72
7642,341.11
7643,652.82
7644,380.01
7645,464.33
7646,645.43
7647,514.85
7648,480.75
7649,116.85
7650,664.54
7651,443.94
7652,269.13
7653,774.22
7654,266.71
7655,282.87
7656,114.01
7657,311.9
7658,230.01
7659,232.41
7660,343.98
7661,657.99
7662,420.89
7663,312.24
7664,260.16
7665,332.48
7666,447.81
7667,698.78
7668,720.55
7669,544.83
7670,548.32
7671,304.49
7672,435.8
7673,246.02
7674,515.78
7675,278.66
7676,651.48
7677,227.31
7678,457.7
7679,724.31
7680,153.94
7681,175.56
7682,239.25
7683,632.53
7684,512.27
7685,513.66
7686,502.59
7687,269.45
7688,341.6
7689,504.03
7690,684.74
7691,246.04
7692,573.9
7693,424.24
7694,113.9
7695,145.32
7696,574.49
7697,84.89
7698,429.15
7699,753.44
7700,494.76
7701,337.87
7702,252.0
7703,585.16
7704,417.25
7705,789.22
7706,271.63
7707,370.1
7708,159.16
7709,143.47
7710,333.85
7711,165.47
7712,169.51
7713,722.07
7714,356.04
7715,294.57
7716,289.11
7717,556.0
7718,191.97
7719,276.57
7720,77.98
7721,517.35
7722,363.96
7723,359.65
7724,277.12
7725,558.92
7726,125.61
7727,449.63
7728,583.08
7729,698.28
7730,347.2
7731,478.44
7732,486.35
7733,373.76
7734,175.39
7735,706.42
7736,288.37
7737,561.11
7738,233.44
7739,170.84
7740,472.58
7741,148.26
7742,236.66
7743,193.32
7744,469.86
7745,356.45
7746,366.23
7747,312.44
7748,338.99
7749,230.95
7750,159.25
7751,489.1
7752,378.77
7753,568.98
7754,351.64
7755,417.16
7756,193.44
7757,448.99
7758,518.99
7759,304.88
7760,503.16
7761,99.2
7762,316.58
7763,126.37
7764,403.97
7765,588.66
7766,744.75
7767,298.11
7768,299.57
7769,282.23
7770,150.22
7771,214.21
7772,252.93
7773,609.11
7774,757.55
7775,69.58
7776,665.4
7777,515.27
7778,133.44
7779,229.76
7780,75.9
7781,528.3
7782,589.93
7783,185.01
7784,261.17
7785,95.61
7786,315.1
7787,714.42
7788,458.53
7789,212.49
7790,214.32
7791,299.75
7792,162.72
7793,98.35
7794,128.04
7795,650.88
7796,184.1
7797,284.31
7798,73.61
7799,261.55
7800,431.81
7801,92.59
7802,390.15
7803,280.18
7804,434.53
7805,495.61
7806,428.24
7807,338.29
7808,353.08
7809,262.78
7810,173.25
7811,478.62
7812,397.91
7813,229.78
7814,307.76
7815,251.47
7816,527.06
7817,278.36
7818,235.28
7819,378.21
7820,465.87
7821,584.14
7822,776.72
7823,619.05
7824,703.9
7825,214.87
7826,617.09
7827,155.07
7828,247.56
7829,638.36
7830,623.74
7831,305.58
7832,617.42
7833,230.06
7834,284.32
7835,392.28
7836,157.89
7837,232.05
7838,562.5
7839,401.74
7840,432.61
7841,77.35
7842,109.89
7843,509.52
7844,254.5
7845,438.73
7846,447.87
7847,226.88
7848,414.06
7849,566.13
7850,260.82
7851,256.54
7852,576.21
7853,368.51
7854,477.11
7855,650.77
7856,260.87
7857,237.11
7858,327.75
7859,545.3
7860,667.27
7861,685.36
7862,170.61
7863,377.77
7864,544.98
7865,273.03
7866,118.96
7867,405.98
7868,415.2
7869,734.54
7870,273.51
7871,600.99
7872,252.32
7873,613.04
7874,609.57
7875,252.03
7876,76.21
7877,234.32
7878,541.37
7879,593.22
7880,188.81
7881,172.49
7882,135.91
7883,595.88
7884,390.48
7885,414.83
7886,357.48
7887,460.8
7888,486.96
7889,247.83
7890,706.21
7891,567.64
7892,611.14
7893,231.42
7894,459.47
7895,466.23
7896,213.74
7897,448.8
7898,614.48
7899,197.15
7900,642.5
7901,326.12
7902,268.69
7903,144.33
7904,339.9
7905,505.44
7906,406.84
7907,588.23
7908,122.04
7909,82.13
7910,145.59
7911,579.44
7912,147.13
7913,466.76
7914,337.17
7915,244.92
7916,92.67
7917,331.09
7918,403.71
7919,505.85
7920,285.95
7921,508.22
7922,209.78
7923,359.4
7924,211.86
7925,698.03
7926,206.14
7927,252.14
7928,442.5
7929,605.11
7930,442.27
7931,313.74
7932,407.6
7933,406.65
7934,174.97
7935,196.02
7936,526.24
7937,296.41
7938,170.8
7939,375.69
7940,612.3
7941,441.4
7942,620.18
7943,586.28
7944,148.6
7945,690.3
7946,452.63
7947,462.02
7948,168.76
7949,717.49
7950,371.76
7951,765.95
7952,379.09
7953,571.41
7954,387.51
7955,270.4
7956,229.61
7957,502.03
7958,156.99
7959,573.56
7960,795.38
7961,166.31
7962,674.82
7963,418.61
7964,392.21
7965,579.73
7966,175.84
7967,274.91
7968,376.67
7969,573.24
7970,671.66
7971,565.37
7972,548.84
7973,615.89
7974,224.98
7975,400.6
7976,149.02
7977,685.62
7978,380.4
7979,287.84
7980,469.52
7981,260.47
7982,667.14
7983,162.75
7984,190.84
7985,406.33
7986,553.81
7987,657.74
7988,497.8
7989,600.75
7990,163.54
7991,370.62
7992,404.35
7993,155.04
7994,165.95
7995,652.48
7996,273.92
7997,407.09
7998,655.91
7999,678.81
8000,546.12
8001,212.69
8002,238.91
8003,557.04
8004,709.41
8005,266.05
8006,262.33
8007,139.12
8008,271.79
8009,510.79
8010,233.2
8011,143.34
8012,574.94
8013,454.21
8014,556.32
8015,192.12
8016,566.05
8017,190.73
8018,521.37
8019,421.59
8020,550.63
8021,371.0
8022,396.53
8023,176.67
8024,353.34
8025,212.71
8026,442.23
8027,101.24
8028,509.34
8029,372.9
8030,381.31
8031,753.63
8032,600.7
8033,685.62
8034,489.26
8035,321.12
8036,478.15
8037,143.59
8038,87.46
8039,328.07
8040,761.44
8041,152.96
8042,157.1
8043,259.58
8044,332.06
8045,304.97
8046,652.44
8047,434.13
8048,251.93
8049,441.76
8050,677.99
8051,370.53
8052,374.22
8053,595.26
8054,158.47
8055,498.49
8056,302.85
8057,691.6
8058,736.41
8059,148.84
8060,91.68
8061,435.6
8062,614.6
8063,693.8
8064,461.09
8065,92.12
8066,227.38
8067,311.78
8068,359.33
8069,132.12
8070,410.73
8071,174.45
8072,338.04
8073,594.99
8074,305.16
8075,322.93
8076,321.69
8077,635.16
8078,360.16
8079,474.73
8080,472.62
8081,408.95
8082,245.4
8083,516.7
8084,835.97
8085,488.46
8086,309.72
8087,405.62
8088,517.22
8089,290.6
8090,616.96
8091,116.38
8092,83.48
8093,296.95
8094,231.21
8095,305.42
8096,145.21
8097,503.84
8098,541.77
8099,667.11
8100,648.34
8101,606.68
8102,300.78
8103,212.39
8104,266.42
8105,508.1
8106,266.38
8107,270.33
8108,307.06
8109,173.7
8110,341.76
8111,347.25
8112,159.58
8113,618.09
8114,140.49
8115,169.0
8116,203.27
8117,185.78
8118,153.33
8119,386.89
8120,105.67
8121,718.32
8122,313.7
8123,176.58
8124,772.45
8125,485.26
8126,765.88
8127,439.66
8128,196.58
8129,583.95
8130,613.53
8131,505.54
8132,378.54
8133,213.4
8134,403.09
8135,286.11
8136,132.37
8137,304.55
8138,557.44
8139,247.77
8140,118.89
8141,82.54
8142,274.42
8143,152.73
8144,557.04
8145,579.15
8146,628.04
8147,323.7
8148,306.81
8149,140.6
8150,191.52
8151,302.1
8152,186.69
8153,467.23
8154,291.13
8155,204.13
8156,216.68
8157,262.28
8158,124.55
8159,577.24
8160,206.17
8161,362.39
8162,164.68
8163,712.21
8164,601.94
8165,657.4
8166,99.11
8167,514.47
8168,103.7
8169,482.72
8170,547.55
8171,280.62
8172,99.81
8173,87.49
8174,427.07
8175,227.89
8176,536.85
8177,286.19
8178,387.07
8179,362.82
8180,94.08
8181,529.19
8182,661.59
8183,165.49
8184,416.76
8185,84.24
8186,581.93
8187,500.54
8188,81.16
8189,83.64
8190,560.18
8191,527.14
8192,132.19
8193,677.29
8194,560.84
8195,453.48
8196,558.81
8197,161.73
8198,596.32
8199,101.05
8200,266.64
8201,314.99
8202,177.58
8203,580.15
8204,368.32
8205,667.79
8206,95.1
8207,365.24
8208,480.51
8209,87.29
8210,317.68
8211,260.07
8212,623.4
8213,359.76
8214,140.86
8215,554.2
8216,569.26
8217,467.69
8218,553.53
8219,173.29
8220,748.86
8221,137.11
8222,403.37
8223,531.46
8224,775.01
8225,449.07
8226,562.37
8227,568.45
8228,381.13
8229,602.71
8230,528.56
8231,485.51
8232,415.71
8233,272.65
8234,743.06
8235,634.32
8236,352.79
8237,192.33
8238,548.78
8239,235.88
8240,187.73
8241,115.5
8242,192.09
8243,147.66
8244,207.74
8245,554.6
8246,516.83
8247,336.59
8248,152.85
8249,517.52
8250,419.36
8251,186.7
8252,416.45
8253,125.57
8254,66.01
8255,533.31
8256,349.13
8257,435.63
8258,179.76
8259,367.38
8260,717.41
8261,132.03
8262,524.54
8263,582.91
8264,395.91
8265,564.93
8266,499.15
8267,68.55
8268,766.18
8269,440.02
8270,546.43
8271,225.31
8272,693.95
8273,528.02
8274,170.51
8275,317.63
8276,198.79
8277,222.01
8278,353.73
8279,590.68
8280,241.45
8281,132.76
8282,438.02
8283,272.43
8284,464.53
8285,323.5
8286,527.86
8287,718.85
8288,401.57
8289,99.61
8290,596.1
8291,351.45
8292,386.58
8293,167.13
8294,96.65
8295,514.98
8296,718.7
8297,525.11
8298,282.42
8299,607.27
8300,421.36
8301,411.44
8302,595.75
8303,122.4
8304,351.31
8305,192.84
8306,487.91
8307,381.62
8308,302.0
8309,799.54
8310,590.77
8311,367.96
8312,564.59
8313,667.11
8314,540.79
8315,407.69
8316,215.62
8317,248.59
8318,443.34
8319,359.75
8320,495.51
8321,200.8
8322,355.28
8323,415.6
8324,185.17
8325,734.44
8326,350.36
8327,580.75
8328,132.95
8329,622.15
8330,595.41
8331,203.95
8332,195.34
8333,541.56
8334,630.41
8335,372.1
8336,326.55
8337,530.92
8338,478.89
8339,236.31
8340,184.9
8341,430.9
8342,186.04
8343,491.89
8344,239.03
8345,125.73
8346,469.18
8347,381.78
8348,456.52
8349,262.27
8350,107.3
8351,448.41
8352,153.3
8353,578.09
8354,737.58
8355,155.41
8356,321.14
8357,310.14
8358,337.52
8359,418.61
8360,821.03
8361,452.29
8362,532.76
8363,119.79
8364,628.57
8365,421.24
8366,464.82
8367,555.43
8368,347.53
8369,653.59
8370,672.34
8371,583.3
8372,93.3
8373,185.33
8374,787.49
8375,621.36
8376,323.45
8377,385.8
8378,461.09
8379,433.34
8380,140.37
8381,728.91
8382,559.59
8383,663.51
8384,296.37
8385,446.55
8386,495.98
8387,132.96
8388,196.27
8389,561.71
8390,363.02
8391,378.63
8392,449.92
8393,570.29
8394,411.15
8395,102.87
8396,577.12
8397,462.23
8398,771.39
8399,470.2
8400,539.73
8401,373.27
8402,189.83
8403,355.34
8404,560.16
8405,397.85
8406,494.72
8407,149.2
8408,337.23
8409,568.08
8410,445.62
8411,332.78
8412,468.73
8413,163.21
8414,499.53
8415,572.62
8416,184.45
8417,221.21
8418,651.6
8419,94.74
8420,330.42
8421,356.86
8422,151.46
8423,521.75
8424,709.92
8425,465.23
8426,404.58
8427,252.3
8428,607.99
8429,363.57
8430,307.36
8431,101.44
8432,209.93
8433,165.96
8434,234.06
8435,481.87
8436,578.81
8437,653.8
8438,659.08
8439,333.66
8440,311.19
8441,327.18
8442,294.15
8443,333.03
8444,123.01
8445,746.42
8446,380.41
8447,163.36
8448,253.4
8449,302.2
8450,332.0
8451,217.23
8452,387.42
8453,522.62
8454,369.1
8455,539.95
8456,469.84
8457,395.12
8458,209.66
8459,651.89
8460,576.12
8461,392.03
8462,480.6
8463,470.61
8464,512.1
8465,332.4
8466,445.83
8467,224.94
8468,708.93
8469,383.77
8470,187.55
8471,405.8
8472,410.13
8473,638.28
8474,600.53
8475,403.61
8476,116.8
8477,155.03
8478,330.77
8479,621.2
8480,543.77
8481,225.99
8482,261.57
8483,596.73
8484,374.02
8485,431.24
8486,551.35
8487,354.99
8488,522.38
8489,230.26
8490,374.12
8491,436.27
8492,164.86
8493,347.51
8494,545.17
8495,740.93
8496,119.31
8497,377.56
8498,296.17
8499,511.92
8500,550.3
8501,403.44
8502,255.81
8503,237.52
8504,288.62
8505,753.62
8506,167.92
8507,240.16
8508,485.82
8509,494.45
8510,737.96
8511,329.22
8512,346.99
8513,666.58
8514,498.69
8515,419.6
8516,651.91
8517,96.96
8518,555.08
8519,240.29
8520,241.17
8521,717.65
8522,627.4
8523,652.78
8524,442.2
8525,244.46
8526,174.25
8527,587.4
8528,285.72
8529,90.02
8530,262.87
8531,651.16
8532,494.03
8533,343.68
8534,411.8
8535,107.66
8536,430.79
8537,552.19
8538,377.13
8539,284.7
8540,690.92
8541,393.85
8542,185.47
8543,482.59
8544,752.34
8545,612.64
8546,329.02
8547,513.64
8548,433.17
8549,443.3
8550,288.65
8551,266.57
8552,390.81
8553,614.96
8554,264.94
8555,288.98
8556,422.73
8557,714.5
8558,126.81
8559,306.2
8560,552.86
8561,90.19
8562,84.73
8563,686.2
8564,119.17
8565,314.1
8566,538.0
8567,588.52
8568,245.4
8569,224.36
8570,452.38
8571,321.65
8572,57.59
8573,816.86
8574,489.08
8575,361.07
8576,570.35
8577,558.26
8578,182.05
8579,314.97
8580,412.18
8581,564.77
8582,574.04
8583,536.3
8584,366.0
8585,144.13
8586,265.55
8587,164.68
8588,607.63
8589,504.14
8590,556.18
8591,361.1
8592,386.6
8593,156.83
8594,87.43
8595,279.85
8596,159.58
8597,471.74
8598,316.1
8599,704.18
8600,583.24
8601,528.27
8602,240.76
8603,688.2
8604,499.48
8605,148.99
8606,131.75
8607,650.31
8608,688.0
8609,215.89
8610,154.0
8611,556.34
8612,252.37
8613,527.35
8614,210.06
8615,406.55
8616,137.45
8617,166.48
8618,606.29
8619,196.99
8620,410.91
8621,116.74
8622,571.31
8623,456.18
8624,510.77
8625,449.08
8626,117.74
8627,300.48
8628,661.37
8629,130.98
8630,549.3
8631,654.84
8632,153.34
8633,227.67
8634,400.73
8635,672.92
8636,635.96
8637,255.82
8638,798.05
8639,99.65
8640,194.57
8641,759.17
8642,209.9
8643,471.94
8644,338.5
8645,319.69
8646,670.61
8647,543.38
8648,100.56
8649,650.12
8650,78.43
8651,528.1
8652,478.6
8653,722.15
8654,473.79
8655,399.58
8656,583.73
8657,358.7
8658,344.0
8659,401.97
8660,747.11
8661,206.79
8662,740.46
8663,410.24
8664,413.56
8665,457.04
8666,609.52
8667,372.4
8668,258.77
8669,117.48
8670,493.28
8671,369.75
8672,381.58
8673,560.89
8674,126.62
8675,578.24
8676,358.58
8677,111.38
8678,238.33
8679,608.48
8680,144.74
8681,193.3
8682,186.3
8683,417.15
8684,489.41
8685,640.39
8686,149.96
8687,619.98
8688,557.45
8689,301.25
8690,590.72
8691,648.34
8692,191.74
8693,342.51
8694,620.48
8695,122.86
8696,584.08
8697,438.28
8698,430.44
8699,330.39
8700,361.98
8701,579.06
8702,527.26
8703,137.46
8704,685.18
8705,656.46
8706,230.25
8707,187.61
8708,345.16
8709,369.25
8710,279.17
8711,347.95
8712,575.04
8713,422.3
8714,431.27
8715,603.21
8716,628.4
8717,294.07
8718,483.68
8719,751.5
8720,409.26
8721,268.03
8722,220.45
8723,626.14
8724,147.39
8725,490.05
8726,271.84
8727,470.51
8728,591.21
8729,283.63
8730,441.16
8731,145.54
8732,422.13
8733,667.6
8734,482.25
8735,516.3
8736,102.08
8737,129.53
8738,409.51
8739,395.93
8740,217.77
8741,462.85
8742,466.1
8743,538.24
8744,596.99
8745,352.32
8746,460.11
8747,599.66
8748,254.05
8749,438.73
8750,484.1
8751,737.76
8752,796.44
8753,576.53
8754,674.96
8755,499.11
8756,199.54
8757,303.99
8758,632.96
8759,144.83
8760,292.42
8761,341.87
8762,506.46
8763,384.88
8764,197.25
8765,354.57
8766,78.28
8767,533.62
8768,134.72
8769,502.44
8770,416.6
8771,496.01
8772,288.64
8773,414.5
8774,423.23
8775,790.53
8776,408.37
8777,307.86
8778,394.11
8779,442.67
8780,418.04
8781,281.15
8782,297.58
8783,488.92
8784,395.03
8785,738.58
8786,317.2
8787,597.43
8788,371.69
8789,303.67
8790,373.36
8791,121.25
8792,368.57
8793,431.42
8794,193.18
8795,362.4
8796,264.68
8797,400.93
8798,683.84
8799,549.93
8800,569.53
8801,407.83
8802,283.41
8803,299.75
8804,637.37
8805,555.82
8806,93.13
8807,482.65
8808,179.09
8809,143.03
8810,176.98
8811,418.28
8812,453.29
8813,410.05
8814,669.44
8815,376.07
8816,634.29
8817,110.95
8818,785.91
8819,164.77
8820,563.98
8821,267.22
8822,650.16
8823,501.0
8824,626.31
8825,194.37
8826,632.09
8827,625.6
8828,100.32
8829,396.57
8830,169.8
8831,423.47
8832,694.0
8833,586.99
8834,294.96
8835,291.69
8836,615.69
8837,458.91
8838,718.55
8839,558.05
8840,345.66
8841,593.25
8842,596.61
8843,350.77
8844,95.85
8845,313.28
8846,370.29
8847,273.57
8848,604.32
8849,582.99
8850,636.72
8851,664.66
8852,201.7
8853,624.75
8854,182.34
8855,631.89
8856,566.72
8857,246.42
8858,327.25
8859,614.27
8860,476.9
8861,467.72
8862,326.29
8863,167.42
8864,470.24
8865,318.92
8866,687.1
8867,504.59
8868,456.88
8869,303.17
8870,306.85
8871,568.7
8872,89.84
8873,163.03
8874,778.65
8875,553.25
8876,510.53
8877,166.23
8878,91.33
8879,279.87
8880,558.29
8881,659.94
8882,251.05
8883,698.88
8884,378.16
8885,620.09
8886,195.86
8887,132.02
8888,138.76
8889,350.16
8890,266.66
8891,624.26
8892,563.46
8893,663.35
8894,350.36
8895,572.77
8896,494.71
8897,241.67
8898,635.27
8899,300.68
8900,386.31
8901,140.45
8902,278.34
8903,487.79
8904,234.25
8905,551.38
8906,521.76
8907,170.88
8908,485.56
8909,377.54
8910,83.98
8911,271.31
8912,169.21
8913,601.11
8914,594.2
8915,388.06
8916,828.33
8917,736.33
8918,206.47
8919,81.07
8920,376.36
8921,432.64
8922,546.97
8923,691.73
8924,308.92
8925,239.26
8926,210.56
8927,488.05
8928,495.13
8929,331.72
8930,771.31
8931,432.2
8932,640.98
8933,580.24
8934,567.97
8935,322.21
8936,245.84
8937,259.88
8938,495.98
8939,560.43
8940,470.58
8941,198.32
8942,98.55
8943,522.87
8944,557.4
8945,388.81
8946,351.59
8947,544.43
8948,278.37
8949,148.88
8950,558.97
8951,421.27
8952,119.74
8953,200.91
8954,104.38
8955,391.0
8956,636.37
8957,489.34
8958,405.82
8959,538.34
8960,223.01
8961,609.91
8962,184.17
8963,207.92
8964,543.86
8965,217.26
8966,392.94
8967,471.0
8968,230.61
8969,485.7
8970,530.05
8971,511.92
8972,165.09
8973,628.14
8974,845.81
8975,535.75
8976,239.32
8977,373.69
8978,374.87
8979,597.55
8980,460.88
8981,270.77
8982,167.13
8983,432.84
8984,142.11
8985,307.72
8986,593.57
8987,404.43
8988,349.3
8989,490.12
8990,513.34
8991,420.35
8992,761.72
8993,353.37
8994,156.41
8995,132.58
8996,499.56
8997,565.77
8998,176.38
8999,280.24
9000,99.66
9001,604.52
9002,429.66
9003,154.53
9004,110.15
9005,343.71
9006,453.53
9007,534.31
9008,422.77
9009,305.29
9010,600.42
9011,670.58
9012,477.45
9013,114.44
9014,418.75
9015,550.55
9016,711.06
9017,537.51
9018,209.68
9019,250.16
9020,362.16
9021,132.62
9022,348.12
9023,594.67
9024,734.2
9025,387.53
9026,504.35
9027,547.21
9028,392.31
9029,376.24
9030,433.37
9031,152.91
9032,420.5
9033,585.66
9034,524.42
9035,119.24
9036,114.73
9037,180.94
9038,273.87
9039,475.85
9040,165.27
9041,105.27
9042,348.31
9043,435.9
9044,136.62
9045,729.99
9046,411.48
9047,275.59
9048,444.72
9049,368.34
9050,217.94
9051,345.41
9052,417.68
9053,618.06
9054,717.54
9055,383.33
9056,522.3
9057,596.22
9058,359.67
9059,746.55
9060,712.94
9061,215.77
9062,130.16
9063,489.86
9064,179.95
9065,781.49
9066,254.64
9067,285.23
9068,132.7
9069,219.68
9070,685.41
9071,294.84
9072,597.9
9073,523.08
9074,278.98
9075,259.53
9076,665.02
9077,461.67
9078,532.22
9079,124.04
9080,659.67
9081,390.96
9082,504.31
9083,666.39
9084,435.97
9085,250.64
9086,198.94
9087,244.77
9088,458.0
9089,556.34
9090,522.71
9091,322.29
9092,592.32
9093,578.62
9094,155.41
9095,751.08
9096,549.36
9097,155.69
9098,102.67
9099,251.33
9100,151.61
9101,61.83
9102,627.75
9103,246.4
9104,118.26
9105,658.26
9106,612.69
9107,529.6
9108,344.69
9109,325.16
9110,570.82
9111,583.2
9112,587.04
9113,222.72
9114,710.29
9115,482.25
9116,122.6
9117,413.38
9118,165.43
9119,244.84
9120,311.0
9121,198.69
9122,462.17
9123,378.67
9124,217.85
9125,378.63
9126,608.07
9127,102.12
9128,641.06
9129,115.62
9130,412.65
9131,446.26
9132,397.41
9133,178.55
9134,188.78
9135,479.05
9136,161.55
9137,131.45
9138,625.25
9139,404.64
9140,88.43
9141,675.04
9142,308.6
9143,383.97
9144,227.54
9145,100.06
9146,205.82
9147,215.79
9148,696.95
9149,379.8
9150,333.52
9151,148.06
9152,75.82
9153,607.82
9154,152.79
9155,176.41
9156,552.96
9157,567.67
9158,391.14
9159,640.78
9160,483.87
9161,743.27
9162,809.85
9163,401.95
9164,362.81
9165,318.63
9166,196.36
9167,725.22
9168,699.66
9169,712.5
9170,588.11
9171,171.56
9172,468.36
9173,552.88
9174,530.8
9175,818.46
9176,163.94
9177,710.5
9178,149.45
9179,773.03
9180,103.53
9181,346.71
9182,216.15
9183,107.74
9184,430.47
9185,193.45
9186,291.19
9187,485.95
9188,587.63
9189,449.14
9190,570.72
9191,104.31
9192,289.12
9193,341.67
9194,722.63
9195,479.84
9196,155.84
9197,331.78
9198,351.1
9199,360.75
9200,554.68
9201,477.5
9202,337.37
9203,443.37
9204,596.5
9205,574.31
9206,377.32
9207,199.24
9208,229.35
9209,424.06
9210,464.63
9211,304.42
9212,604.16
9213,204.0
9214,134.5
9215,744.2
9216,529.15
9217,172.67
9218,468.81
9219,250.53
9220,120.29
9221,386.09
9222,361.03
9223,150.52
9224,127.8
9225,353.76
9226,302.78
9227,190.32
9228,565.57
9229,331.89
9230,522.91
9231,449.88
9232,263.07
9233,114.34
9234,277.77
9235,507.93
9236,497.66
9237,750.37
9238,371.25
9239,531.82
9240,237.6
9241,149.59
9242,302.46
9243,355.2
9244,314.34
9245,630.75
9246,526.18
9247,459.97
9248,428.75
9249,672.76
9250,185.68
9251,243.91
9252,545.94
9253,537.43
9254,397.98
9255,191.83
9256,157.09
9257,571.87
9258,539.69
9259,287.99
9260,307.65
9261,279.49
9262,311.42
9263,379.65
9264,360.59
9265,451.86
9266,576.11
9267,301.53
9268,423.53
9269,253.22
9270,617.07
9271,346.41
9272,358.83
9273,274.89
9274,300.84
9275,428.96
9276,153.61
9277,194.51
9278,684.85
9279,493.32
9280,385.34
9281,158.77
9282,528.02
9283,216.26
9284,302.43
9285,159.17
9286,679.02
9287,805.22
9288,271.88
9289,129.99
9290,603.52
9291,586.93
9292,184.61
9293,576.27
9294,304.41
9295,427.04
9296,751.42
9297,671.28
9298,358.62
9299,729.87
9300,617.28
9301,454.52
9302,447.35
9303,721.61
9304,457.47
9305,213.64
9306,484.6
9307,615.49
9308,361.12
9309,441.24
9310,174.02
9311,418.84
9312,240.22
9313,767.71
9314,344.25
9315,581.31
9316,202.51
9317,100.72
9318,623.75
9319,89.74
9320,155.55
9321,734.76
9322,165.21
9323,156.05
9324,517.41
9325,236.08
9326,94.55
9327,607.31
9328,263.86
9329,314.56
9330,799.97
9331,104.66
9332,577.0
9333,385.55
9334,467.99
9335,236.61
9336,511.16
9337,199.43
9338,376.38
9339,215.32
9340,206.59
9341,444.21
9342,805.63
9343,632.36
9344,621.21
9345,182.0
9346,514.36
9347,587.35
9348,97.97
9349,223.25
9350,450.99
9351,529.5
9352,172.01
9353,416.89
9354,797.7
9355,441.87
9356,515.24
9357,269.83
9358,280.47
9359,159.46
9360,750.61
9361,362.03
9362,401.79
9363,105.77
9364,321.4
9365,533.34
9366,475.86
9367,707.58
9368,619.06
9369,479.27
9370,301.4
9371,417.07
9372,328.44
9373,690.15
9374,159.85
9375,448.58
9376,166.74
9377,286.75
9378,581.51
9379,279.41
9380,408.81
9381,460.74
9382,479.42
9383,66.93
9384,631.93
9385,441.77
9386,567.17
9387,290.74
9388,592.2
9389,398.07
9390,280.97
9391,349.27
9392,514.34
9393,170.58
9394,478.85
9395,847.08
9396,269.38
9397,389.92
9398,104.05
9399,355.37
9400,559.91
9401,382.1
9402,383.76
9403,661.36
9404,495.73
9405,491.17
9406,189.1
9407,429.91
9408,106.75
9409,401.78
9410,174.51
9411,470.63
9412,231.3
9413,445.88
9414,356.2
9415,156.7
9416,131.42
9417,375.83
9418,700.83
9419,96.15
9420,507.34
9421,770.61
9422,360.57
9423,785.77
9424,93.46
9425,309.67
9426,553.08
9427,723.75
9428,255.77
9429,515.9
9430,372.84
9431,545.29
9432,389.45
9433,317.11
9434,391.48
9435,313.26
9436,366.1
9437,529.77
9438,224.39
9439,529.23
9440,407.9
9441,711.26
9442,519.0
9443,364.19
9444,556.08
9445,294.16
9446,128.81
9447,140.13
9448,358.91
9449,718.15
9450,90.89
9451,501.63
9452,507.87
9453,699.53
9454,96.82
9455,241.46
9456,568.59
9457,549.51
9458,420.9
9459,686.1
9460,246.94
9461,305.29
9462,150.82
9463,557.23
9464,323.68
9465,498.3
9466,208.76
9467,554.47
9468,308.47
9469,371.11
9470,365.06
9471,144.83
9472,342.33
9473,397.26
9474,240.22
9475,460.72
9476,303.45
9477,365.11
9478,348.69
9479,690.55
9480,226.6
9481,432.35
9482,642.41
9483,442.81
9484,197.19
9485,362.37
9486,100.4
9487,363.08
9488,207.55
9489,669.73
9490,445.77
9491,437.86
9492,131.83
9493,390.81
9494,492.03
9495,234.53
9496,769.79
9497,662.83
9498,233.92
9499,457.32
9500,215.31
9501,482.1
9502,126.4
9503,609.18
9504,165.97
9505,127.13
9506,752.4
9507,166.19
9508,191.18
9509,726.23
9510,295.09
9511,178.07
9512,143.12
9513,579.88
9514,286.8
9515,307.19
9516,160.25
9517,178.3
9518,225.62
9519,808.91
9520,389.25
9521,509.34
9522,353.01
9523,121.11
9524,266.0
9525,118.15
9526,239.64
9527,564.18
9528,423.09
9529,330.44
9530,548.4
9531,358.82
9532,420.3
9533,497.56
9534,546.5
9535,209.76
9536,208.33
9537,569.16
9538,426.23
9539,165.99
9540,243.05
9541,358.14
9542,181.38
9543,300.39
9544,194.96
9545,700.86
9546,243.83
9547,613.03
9548,517.3
9549,140.65
9550,195.28
9551,595.48
9552,129.99
9553,517.19
9554,503.24
9555,364.88
9556,394.61
9557,596.98
9558,326.26
9559,425.37
9560,512.87
9561,307.91
9562,716.44
9563,631.87
9564,211.95
9565,649.63
9566,375.59
9567,152.41
9568,585.7
9569,466.93
9570,401.92
9571,398.61
9572,306.81
9573,366.74
9574,464.05
9575,272.22
9576,248.85
9577,762.23
9578,349.49
9579,408.55
9580,453.05
9581,278.59
9582,239.39
9583,324.8
9584,465.61
9585,518.48
9586,422.74
9587,244.44
9588,359.05
9589,784.05
9590,127.81
9591,311.36
9592,91.33
9593,134.4
9594,243.29
9595,579.91
9596,162.62
9597,514.13
9598,400.28
9599,577.16
9600,224.04
9601,255.4
9602,560.13
9603,462.25
9604,214.55
9605,432.41
9606,182.01
9607,654.13
9608,275.21
9609,436.5
9610,581.52
9611,261.1
9612,661.99
9613,721.11
9614,461.32
9615,769.34
9616,297.97
9617,133.34
9618,499.7
9619,652.84
9620,544.34
9621,715.42
9622,550.67
9623,420.37
9624,575.71
9625,392.92
9626,50.26
9627,94.25
9628,401.85
9629,272.59
9630,461.95
9631,306.3
9632,128.84
9633,411.87
9634,225.92
9635,523.43
9636,661.98
9637,673.23
9638,725.18
9639,112.01
9640,453.78
9641,290.85
9642,284.89
9643,660.4
9644,546.26
9645,513.06
9646,386.59
9647,391.48
9648,477.72
9649,156.02
9650,128.55
9651,105.7
9652,523.85
9653,383.9
9654,367.63
9655,427.51
9656,344.05
9657,574.34
9658,604.51
9659,701.95
9660,232.47
9661,484.4
9662,627.48
9663,616.05
9664,241.74
9665,181.46
9666,569.93
9667,289.25
9668,422.88
9669,203.59
9670,223.54
9671,93.28
9672,492.58
9673,218.92
9674,261.73
9675,582.07
9676,347.6
9677,126.61
9678,351.76
9679,305.76
9680,313.9
9681,385.18
9682,746.86
9683,376.56
9684,106.88
9685,264.59
9686,354.19
9687,128.28
9688,363.27
9689,233.5
9690,366.87
9691,281.37
9692,156.92
9693,612.18
9694,590.1
9695,402.26
9696,153.87
9697,444.88
9698,530.07
9699,690.24
9700,260.51
9701,676.02
9702,285.73
9703,509.67
9704,545.66
9705,494.45
9706,343.85
9707,368.2
9708,616.94
9709,162.58
9710,543.02
9711,276.84
9712,333.1
9713,511.19
9714,584.02
9715,622.74
9716,615.05
9717,606.9
9718,705.14
9719,87.9
9720,433.95
9721,482.71
9722,126.32
9723,377.15
9724,172.68
9725,254.55
9726,474.83
9727,343.77
9728,443.26
9729,127.99
9730,558.84
9731,127.65
9732,202.49
9733,468.78
9734,298.1
9735,360.07
9736,381.45
9737,473.32
9738,472.4
9739,309.91
9740,162.64
9741,674.5
9742,346.94
9743,186.11
9744,216.44
9745,346.53
9746,365.19
9747,797.24
9748,234.17
9749,134.23
9750,583.93
9751,192.07
9752,597.92
9753,464.72
9754,92.16
9755,527.25
9756,335.0
9757,364.15
9758,154.47
9759,153.69
9760,336.28
9761,808.79
9762,67.41
9763,186.64
9764,320.34
9765,418.0
9766,241.97
9767,107.94
9768,548.47
9769,123.4
9770,421.31
9771,223.4
9772,379.68
9773,618.9
9774,87.59
9775,466.07
9776,571.08
9777,352.01
9778,431.82
9779,172.16
9780,91.24
9781,582.61
9782,137.84
9783,267.87
9784,192.28
9785,504.88
9786,324.87
9787,453.77
9788,213.31
9789,568.38
9790,105.71
9791,280.75
9792,530.35
9793,419.9
9794,207.19
9795,275.12
9796,733.55
9797,615.56
9798,437.89
9799,743.33
9800,617.87
9801,397.87
9802,255.16
9803,256.91
9804,91.52
9805,576.62
9806,275.35
9807,309.98
9808,287.31
9809,415.79
9810,329.51
9811,170.03
9812,98.24
9813,231.36
9814,432.9
9815,257.09
9816,138.15
9817,122.98
9818,216.14
9819,388.63
9820,290.37
9821,417.8
9822,394.69
9823,445.76
9824,438.28
9825,216.6
9826,497.79
9827,280.54
9828,327.13
9829,221.41
9830,297.79
9831,711.43
9832,332.19
9833,499.27
9834,256.66
9835,257.57
9836,656.41
9837,179.63
9838,384.14
9839,380.8
9840,143.04
9841,412.65
9842,464.96
9843,195.32
9844,126.63
9845,480.78
9846,479.42
9847,390.23
9848,331.05
9849,407.34
9850,653.09
9851,325.49
9852,206.86
9853,251.94
9854,187.27
9855,746.87
9856,581.11
9857,508.02
9858,200.43
9859,429.48
9860,241.04
9861,362.58
9862,480.3
9863,662.74
9864,140.31
9865,240.97
9866,144.47
9867,509.79
9868,519.84
9869,201.58
9870,369.48
9871,535.48
9872,184.75
9873,378.86
9874,130.05
9875,219.67
9876,478.07
9877,619.73
9878,536.14
9879,675.13
9880,107.38
9881,202.82
9882,690.45
9883,304.34
9884,714.08
9885,433.0
9886,111.61
9887,554.95
9888,401.77
9889,384.06
9890,501.74
9891,236.66
9892,168.53
9893,802.65
9894,167.56
9895,515.45
9896,192.37
9897,296.58
9898,294.68
9899,636.16
9900,646.47
9901,281.05
9902,132.35
9903,714.53
9904,376.14
9905,239.36
9906,292.56
9907,464.35
9908,564.13
9909,216.35
9910,342.93
9911,338.9
9912,270.45
9913,532.24
9914,230.11
9915,386.59
9916,491.38
9917,253.58
9918,555.33
9919,375.33
9920,77.7
9921,428.56
9922,301.89
9923,521.1
9924,469.54
9925,707.19
9926,539.26
9927,565.36
9928,655.31
9929,399.26
9930,340.26
9931,647.24
9932,244.44
9933,424.93
9934,427.88
9935,353.67
9936,522.58
9937,197.54
9938,226.33
9939,529.15
9940,520.14
9941,245.82
9942,416.69
9943,344.0
9944,504.44
9945,160.63
9946,364.3
9947,217.22
9948,376.77
9949,123.65
9950,403.59
9951,455.35
9952,88.49
9953,406.7
9954,626.16
9955,434.73
9956,255.76
9957,268.21
9958,86.52
9959,339.81
9960,417.17
9961,482.84
9962,441.21
9963,321.79
9964,232.41
9965,759.44
9966,521.37
9967,436.4
9968,492.1
9969,332.47
9970,561.24
9971,539.19
9972,519.47
9973,747.77
9974,229.99
9975,457.03
9976,376.34
9977,385.27
9978,439.57
9979,356.29
9980,148.67
9981,414.42
9982,574.18
9983,387.0
9984,665.57
9985,117.35
9986,542.67
9987,576.65
9988,276.09
9989,243.73
9990,410.09
9991,545.58
9992,485.37
9993,576.72
9994,334.64
9995,490.67
9996,211.08
9997,257.88
9998,137.48
9999,263.0
10000,404.15
10001,338.6
10002,305.87
10003,393.11
10004,376.42
10005,580.16
10006,611.19
10007,129.2
10008,448.52
10009,461.77
10010,526.05
10011,116.1
10012,630.85
10013,165.82
10014,388.5
10015,520.9
10016,570.74
10017,546.88
10018,482.28
10019,708.09
10020,462.8
10021,470.22
10022,690.45
10023,833.57
10024,676.47
10025,460.97
10026,584.64
10027,217.13
10028,191.26
10029,758.05
10030,553.45
10031,459.77
10032,227.87
10033,282.12
10034,365.46
10035,275.23
10036,247.27
10037,161.59
10038,394.0
10039,483.29
10040,87.92
10041,580.56
10042,726.86
10043,653.57
10044,514.99
10045,425.47
10046,108.92
10047,134.5
10048,576.37
10049,386.6
10050,478.01
10051,405.67
10052,659.5
10053,435.03
10054,228.8
10055,350.95
10056,708.39
10057,192.17
10058,393.25
10059,209.13
10060,212.7
10061,414.57
10062,293.81
10063,687.63
10064,456.9
10065,500.89
10066,128.34
10067,492.16
10068,626.72
10069,242.77
10070,490.42
10071,655.51
10072,123.55
10073,409.43
10074,593.54
10075,265.21
10076,563.28
10077,106.12
10078,584.04
10079,444.04
10080,475.01
10081,694.16
10082,333.91
10083,439.02
10084,514.97
10085,505.77
10086,222.96
10087,437.73
10088,460.74
10089,370.4
10090,499.77
10091,254.78
10092,279.88
10093,405.43
10094,578.61
10095,211.11
10096,553.36
10097,227.95
10098,396.98
10099,780.75
10100,529.77
10101,265.16
10102,617.6
10103,482.86
10104,492.06
10105,570.74
10106,181.61
10107,840.77
10108,601.95
10109,301.29
10110,610.53
10111,222.34
10112,313.85
10113,177.77
10114,194.12
10115,718.43
10116,125.65
10117,761.59
10118,607.88
10119,245.01
10120,91.0
10121,248.78
10122,130.15
10123,359.4
10124,701.85
10125,663.85
10126,595.87
10127,412.75
10128,284.36
10129,370.0
10130,150.87
10131,412.0
10132,615.33
10133,255.42
10134,188.02
10135,125.35
10136,173.73
10137,425.54
10138,343.15
10139,611.63
10140,144.19
10141,248.34
10142,355.3
10143,297.32
10144,275.79
10145,473.84
10146,405.14
10147,98.76
10148,527.33
10149,308.56
10150,373.63
10151,207.79
10152,144.37
10153,498.39
10154,414.79
10155,137.33
10156,106.44
10157,496.65
10158,234.27
10159,246.85
10160,576.27
10161,370.35
10162,135.92
10163,257.02
10164,397.69
10165,343.04
10166,145.35
10167,496.11
10168,754.82
10169,516.37
10170,418.77
10171,577.76
10172,467.92
10173,261.49
10174,359.07
10175,466.59
10176,162.0
10177,551.57
10178,330.98
10179,287.6
10180,84.86
10181,195.38
10182,233.3
10183,279.42
10184,410.96
10185,278.29
10186,560.54
10187,248.71
10188,649.92
10189,246.53
10190,655.52
10191,496.23
10192,149.98
10193,417.35
10194,447.02
10195,392.05
10196,162.0
10197,682.77
10198,567.21
10199,90.49
10200,323.77
10201,229.64
10202,311.02
10203,560.18
10204,150.09
10205,266.43
10206,222.38
10207,546.39
10208,222.48
10209,85.36
10210,559.57
10211,304.82
10212,543.11
10213,83.6
10214,659.79
10215,325.82
10216,620.8
10217,198.19
10218,710.97
10219,404.41
10220,224.82
10221,671.23
10222,519.12
10223,481.21
10224,426.87
10225,442.08
10226,248.53
10227,82.75
10228,661.04
10229,72.26
10230,293.11
10231,472.59
10232,210.22
10233,500.2
10234,468.75
10235,680.63
10236,245.66
10237,279.44
10238,746.52
10239,597.93
10240,481.4
10241,654.58
10242,363.92
10243,426.16
10244,346.38
10245,623.91
10246,461.24
10247,76.42
10248,125.48
10249,725.2
10250,427.75
10251,502.81
10252,316.51
10253,244.89
10254,364.15
10255,634.66
10256,686.2
10257,501.51
10258,746.05
10259,446.51
10260,210.46
10261,531.43
10262,245.16
10263,249.45
10264,154.18
10265,252.44
10266,245.42
10267,388.85
10268,583.19
10269,479.25
10270,224.65
10271,711.96
10272,433.36
10273,247.99
10274,100.87
10275,359.85
10276,424.73
10277,213.7
10278,468.54
10279,167.19
10280,250.39
10281,377.04
10282,474.34
10283,165.06
10284,168.95
10285,520.91
10286,348.52
10287,137.5
10288,812.43
10289,403.62
10290,460.51
10291,719.97
10292,234.62
10293,246.92
10294,459.84
10295,515.69
10296,366.83
10297,134.05
10298,706.03
10299,286.92
10300,655.12
10301,150.44
10302,686.44
10303,261.35
10304,164.79
10305,450.65
10306,711.76
10307,505.95
10308,431.25
10309,429.16
10310,354.95
10311,205.88
10312,493.67
10313,310.62
10314,161.34
10315,217.58
10316,198.26
10317,572.06
10318,549.67
10319,158.54
10320,478.79
10321,263.63
10322,873.58
10323,729.01
10324,655.15
10325,414.1
10326,244.06
10327,519.98
10328,352.65
10329,317.68
10330,223.89
10331,556.15
10332,362.08
10333,748.34
10334,134.33
10335,377.24
10336,262.71
10337,524.23
10338,317.5
10339,429.58
10340,806.89
10341,457.09
10342,574.45
10343,561.92
10344,551.59
10345,355.06
10346,268.45
10347,524.55
10348,695.7
10349,144.76
10350,100.16
10351,97.07
10352,496.69
10353,124.47
10354,711.42
10355,245.77
10356,537.58
10357,436.39
10358,187.48
10359,553.93
10360,258.76
10361,489.89
10362,188.23
10363,452.22
10364,398.78
10365,188.77
10366,315.68
10367,139.47
10368,356.6
10369,270.56
10370,548.87
10371,498.74
10372,253.59
10373,482.11
10374,433.16
10375,397.57
10376,487.72
10377,398.48
10378,494.34
10379,102.28
10380,208.48
10381,530.46
10382,649.77
10383,57.34
10384,625.03
10385,408.79
10386,161.11
10387,217.23
10388,656.85
10389,227.42
10390,191.33
10391,479.61
10392,82.11
10393,288.45
10394,355.54
10395,548.94
10396,593.7
10397,100.35
10398,532.37
10399,707.34
10400,91.2
10401,564.6
10402,341.27
10403,337.65
10404,377.34
10405,71.85
10406,152.94
10407,470.21
10408,452.75
10409,83.38
10410,415.02
10411,471.95
10412,171.89
10413,134.3
10414,464.69
10415,381.51
10416,670.46
10417,508.97
10418,612.08
10419,569.88
10420,633.39
10421,546.8
10422,407.39
10423,155.37
10424,172.93
10425,358.31
10426,569.56
10427,569.98
10428,427.16
10429,504.61
10430,474.34
10431,267.11
10432,784.44
10433,504.24
10434,412.87
10435,593.76
10436,492.76
10437,651.71
10438,114.68
10439,575.65
10440,282.69
10441,780.99
10442,290.37
10443,545.61
10444,203.04
10445,111.98
10446,155.65
10447,433.4
10448,273.91
10449,280.03
10450,668.57
10451,133.51
10452,174.33
10453,248.06
10454,445.63
10455,150.31
10456,274.92
10457,137.61
10458,484.4
10459,649.13
10460,592.43
10461,474.13
10462,435.26
10463,545.72
10464,267.21
10465,206.37
10466,312.2
10467,336.37
10468,686.3
10469,459.54
10470,291.07
10471,446.63
10472,130.35
10473,357.28
10474,190.79
10475,656.79
10476,139.13
10477,835.88
10478,478.17
10479,562.68
10480,405.04
10481,528.28
10482,659.52
10483,624.63
10484,233.61
10485,496.39
10486,446.18
10487,398.45
10488,648.96
10489,98.18
10490,141.84
10491,295.55
10492,794.61
10493,420.43
10494,501.88
10495,511.23
10496,767.79
10497,79.72
10498,518.09
10499,401.04
10500,475.86
10501,229.72
10502,287.87
10503,188.91
10504,244.45
10505,265.78
10506,129.89
10507,567.23
10508,701.91
10509,121.44
10510,294.3
10511,484.17
10512,286.12
10513,348.46
10514,374.41
10515,727.86
10516,384.32
10517,487.05
10518,551.41
10519,366.57
10520,382.44
10521,111.15
10522,510.84
10523,286.64
10524,429.6
10525,664.3
10526,378.45
10527,374.6
10528,550.15
10529,181.88
10530,289.15
10531,588.38
10532,462.02
10533,363.17
10534,251.47
10535,289.55
10536,396.52
10537,709.45
10538,634.44
10539,212.83
10540,102.83
10541,422.65
10542,246.87
10543,117.16
10544,372.65
10545,531.71
10546,117.45
10547,546.83
10548,552.63
10549,446.92
10550,415.07
10551,487.99
10552,183.15
10553,416.23
10554,97.38
10555,414.35
10556,657.89
10557,126.54
10558,215.24
10559,652.28
10560,795.67
10561,84.27
10562,106.34
10563,169.47
10564,581.92
10565,254.02
10566,112.35
10567,405.31
10568,215.27
10569,224.95
10570,573.38
10571,321.11
10572,130.22
10573,381.37
10574,338.26
10575,455.94
10576,220.12
10577,613.3
10578,633.17
10579,189.45
10580,764.01
10581,559.37
10582,324.31
10583,491.42
10584,519.96
10585,644.63
10586,364.38
10587,190.74
10588,144.34
10589,688.63
10590,372.66
10591,764.72
10592,380.31
10593,472.89
10594,227.11
10595,390.08
10596,415.03
10597,196.37
10598,650.96
10599,663.99
10600,401.83
10601,321.14
10602,279.94
10603,502.04
10604,750.42
10605,243.51
10606,108.14
10607,681.76
10608,349.56
10609,164.24
10610,151.86
10611,383.79
10612,702.28
10613,318.25
10614,81.95
10615,257.78
10616,538.72
10617,372.76
10618,529.74
10619,748.33
10620,108.18
10621,517.87
10622,298.87
10623,181.83
10624,737.92
10625,435.22
10626,565.78
10627,673.71
10628,244.48
10629,424.49
10630,362.82
10631,95.26
10632,197.62
10633,391.01
10634,719.25
10635,303.46
10636,213.53
10637,326.2
10638,192.07
10639,231.04
10640,91.31
10641,176.51
10642,191.16
10643,347.78
10644,807.05
10645,233.8
10646,159.99
10647,241.55
10648,439.73
10649,350.73
10650,402.16
10651,531.65
10652,667.53
10653,210.66
10654,474.02
10655,489.2
10656,338.11
10657,444.52
10658,436.89
10659,297.22
10660,239.4
10661,209.47
10662,309.48
10663,615.56
10664,120.94
10665,168.65
10666,247.56
10667,550.63
10668,188.57
10669,390.91
10670,270.56
10671,611.74
10672,133.6
10673,184.05
10674,506.13
10675,143.59
10676,793.75
10677,250.02
10678,644.16
10679,274.21
10680,688.86
10681,292.65
10682,431.67
10683,267.17
10684,212.35
10685,111.44
10686,365.74
10687,236.54
10688,356.7
10689,275.06
10690,183.6
10691,666.45
10692,216.1
10693,252.24
10694,138.51
10695,487.84
10696,186.94
10697,471.05
10698,532.71
10699,455.57
10700,431.93
10701,707.11
10702,132.02
10703,312.31
10704,428.33
10705,399.97
10706,311.7
10707,422.75
10708,650.61
10709,199.7
10710,211.69
10711,480.11
10712,378.91
10713,712.09
10714,319.39
10715,653.92
10716,259.25
10717,644.36
10718,165.26
10719,100.23
10720,503.75
10721,263.74
10722,458.16
10723,398.79
10724,237.83
10725,800.77
10726,532.5
10727,172.29
10728,93.89
10729,111.28
10730,519.45
10731,337.64
10732,470.88
10733,441.91
10734,245.54
10735,666.8
10736,411.78
10737,409.26
10738,366.96
10739,543.97
10740,434.78
10741,104.93
10742,712.36
10743,254.1
10744,541.69
10745,513.66
10746,467.77
10747,435.12
10748,668.16
10749,444.27
10750,371.08
10751,288.01
10752,589.86
10753,496.98
10754,585.53
10755,629.25
10756,609.1
10757,399.83
10758,184.14
10759,359.71
10760,580.15
10761,340.26
10762,330.76
10763,103.43
10764,384.23
10765,279.17
10766,565.06
10767,631.04
10768,218.48
10769,542.32
10770,385.25
10771,475.95
10772,672.1
10773,368.95
10774,649.65
10775,163.14
10776,447.74
10777,295.64
10778,314.29
10779,418.31
10780,261.75
10781,201.4
10782,554.32
10783,173.78
10784,575.2
10785,718.46
10786,401.7
10787,497.53
10788,594.48
10789,170.44
10790,348.7
10791,437.32
10792,657.6
10793,200.55
10794,211.66
10795,241.66
10796,622.99
10797,276.78
10798,252.78
10799,327.67
10800,250.04
10801,271.79
10802,347.1
10803,509.65
10804,626.28
10805,362.82
10806,498.6
10807,332.29
10808,366.39
10809,222.38
10810,110.44
10811,513.1
10812,369.27
10813,631.8
10814,170.06
10815,243.64
10816,656.84
10817,568.22
10818,161.83
10819,427.93
10820,401.26
10821,496.88
10822,461.11
10823,290.11
10824,311.46
10825,330.23
10826,544.62
10827,453.21
10828,281.59
10829,341.22
10830,582.67
10831,372.96
10832,323.48
10833,258.02
10834,693.32
10835,353.02
10836,724.52
10837,464.72
10838,248.56
10839,446.47
10840,212.29
10841,516.62
10842,178.68
10843,612.08
10844,403.86
10845,346.27
10846,601.03
10847,421.64
10848,87.96
10849,605.99
10850,718.1
10851,102.89
10852,532.3
10853,174.76
10854,223.41
10855,488.8
10856,488.47
10857,625.69
10858,277.72
10859,244.55
10860,252.54
10861,425.07
10862,332.61
10863,572.91
10864,186.94
10865,687.31
10866,514.18
10867,137.41
10868,504.24
10869,336.9
10870,626.78
10871,567.05
10872,325.48
10873,429.35
10874,452.24
10875,266.33
10876,860.36
10877,298.55
10878,89.4
10879,417.74
10880,276.49
10881,113.0
10882,217.43
10883,314.76
10884,460.91
10885,619.77
10886,139.81
10887,303.31
10888,488.74
10889,878.88
10890,254.7
10891,558.14
10892,773.13
10893,457.98
10894,192.29
10895,470.11
10896,659.06
10897,168.37
10898,190.4
10899,293.05
10900,482.3
10901,254.5
10902,368.15
10903,173.59
10904,146.2
10905,516.09
10906,439.02
10907,540.74
10908,645.54
10909,637.57
10910,563.27
10911,699.54
10912,292.2
10913,273.09
10914,667.83
10915,113.01
10916,382.04
10917,456.84
10918,506.2
10919,567.75
10920,277.68
10921,141.19
10922,353.34
10923,684.79
10924,634.72
10925,386.66
10926,221.73
10927,304.93
10928,172.3
10929,495.94
10930,468.5
10931,288.59
10932,341.6
10933,286.19
10934,390.65
10935,426.3
10936,254.56
10937,141.79
10938,148.01
10939,384.54
10940,429.75
10941,97.05
10942,129.51
10943,158.0
10944,360.82
10945,534.53
10946,541.94
10947,104.81
10948,248.13
10949,648.15
10950,555.49
10951,185.98
10952,136.24
10953,433.23
10954,191.8
10955,109.62
10956,233.5
10957,686.07
10958,109.7
10959,161.44
10960,559.84
10961,791.85
10962,752.76
10963,94.37
10964,378.02
10965,309.12
10966,318.01
10967,345.14
10968,149.66
10969,292.28
10970,510.61
10971,505.74
10972,592.89
10973,575.52
10974,554.43
10975,630.69
10976,229.24
10977,397.96
10978,854.56
10979,189.63
10980,338.93
10981,356.35
10982,624.92
10983,460.38
10984,522.63
10985,333.87
10986,380.8
10987,427.23
10988,173.21
10989,831.27
10990,280.07
10991,523.1
10992,288.97
10993,301.53
10994,178.83
10995,310.35
10996,351.69
10997,332.35
10998,484.0
10999,262.23
11000,430.06
11001,559.97
11002,624.48
11003,527.84
11004,203.02
11005,711.0
11006,576.05
11007,606.19
11008,396.3
11009,590.7
11010,216.42
11011,273.88
11012,604.9
11013,188.99
11014,107.17
11015,179.04
11016,213.4
11017,330.41
11018,482.73
11019,97.08
11020,552.66
11021,400.07
11022,78.79
11023,556.15
11024,338.41
11025,527.04
11026,667.14
11027,211.64
11028,206.65
11029,154.58
11030,363.34
11031,309.48
11032,366.25
11033,189.41
11034,135.54
11035,422.65
11036,285.52
11037,631.22
11038,633.13
11039,366.36
11040,358.93
11041,447.39
11042,385.38
11043,333.67
11044,434.76
11045,322.14
11046,354.52
11047,129.18
11048,176.61
11049,697.47
11050,553.16
11051,189.61
11052,493.73
11053,441.39
11054,371.21
11055,545.99
11056,701.38
11057,754.64
11058,163.08
11059,137.55
11060,438.65
11061,519.38
11062,504.55
11063,316.26
11064,612.45
11065,378.37
11066,429.8
11067,366.77
11068,415.78
11069,578.27
11070,408.64
11071,234.67
11072,315.85
11073,272.95
11074,516.22
11075,560.1
11076,202.46
11077,266.89
11078,497.02
11079,523.38
11080,172.04
11081,149.81
11082,776.7
11083,513.17
11084,710.04
11085,125.43
11086,568.79
11087,220.56
11088,547.36
11089,212.57
11090,356.23
11091,306.04
11092,88.04
11093,548.46
11094,659.98
11095,323.69
11096,623.5
11097,142.36
11098,541.84
11099,108.88
11100,623.36
11101,152.88
11102,220.81
11103,237.14
11104,433.92
11105,738.41
11106,518.43
11107,178.42
11108,315.35
11109,529.77
11110,522.15
11111,667.25
11112,702.13
11113,114.71
11114,190.2
11115,312.86
11116,209.57
11117,656.98
11118,512.95
11119,329.23
11120,632.47
11121,439.26
11122,229.18
11123,241.46
11124,251.25
11125,125.72
11126,478.1
11127,286.74
11128,752.38
11129,252.58
11130,802.26
11131,208.67
11132,568.03
11133,271.86
11134,824.65
11135,655.16
11136,674.75
11137,381.4
11138,757.25
11139,143.65
11140,102.25
11141,152.12
11142,148.29
11143,638.3
11144,195.03
11145,287.09
11146,446.79
11147,478.57
11148,691.34
11149,392.59
11150,568.35
11151,541.34
11152,530.81
11153,105.6
11154,88.69
11155,688.23
11156,489.11
11157,361.6
11158,341.57
11159,132.73
11160,553.5
11161,577.83
11162,360.78
11163,104.44
11164,235.79
11165,549.58
11166,168.52
11167,369.46
11168,743.91
11169,432.71
11170,565.92
11171,547.2
11172,118.96
11173,545.45
11174,527.81
11175,441.41
11176,640.22
11177,384.04
11178,451.4
11179,316.85
11180,319.71
11181,491.43
11182,690.75
11183,547.34
11184,546.75
11185,408.64
11186,748.5
11187,440.09
11188,176.13
11189,330.01
11190,434.49
11191,457.44
11192,74.57
11193,579.54
11194,140.36
11195,361.74
11196,518.34
11197,653.6
11198,489.72
11199,138.28
11200,547.86
11201,75.38
11202,593.78
11203,519.79
11204,605.98
11205,310.59
11206,100.43
11207,216.84
11208,573.91
11209,143.06
11210,414.61
11211,713.15
11212,120.37
11213,271.02
11214,133.62
11215,416.96
11216,684.01
11217,397.7
11218,209.29
11219,384.72
11220,284.34
11221,637.68
11222,311.89
11223,566.19
11224,277.75
11225,321.06
11226,109.11
11227,297.94
11228,597.39
11229,140.68
11230,116.36
11231,433.07
11232,367.88
11233,108.29
11234,598.95
11235,545.17
11236,159.17
11237,588.07
11238,227.65
11239,119.36
11240,468.94
11241,200.6
11242,185.09
11243,335.96
11244,304.01
11245,327.07
11246,478.27
11247,612.73
11248,299.15
11249,233.29
11250,259.48
11251,542.42
11252,519.21
11253,695.34
11254,344.86
11255,378.82
11256,456.65
11257,532.91
11258,490.79
11259,251.69
11260,474.99
11261,229.46
11262,372.12
11263,70.56
11264,523.4
11265,455.63
11266,189.54
11267,315.71
11268,438.56
11269,485.49
11270,513.29
11271,279.89
11272,231.62
11273,412.9
11274,528.04
11275,264.6
11276,443.96
11277,495.75
11278,512.38
11279,179.7
11280,501.67
11281,218.05
11282,318.26
11283,520.23
11284,350.6
11285,392.77
11286,527.44
11287,714.69
11288,763.76
11289,442.52
11290,489.98
11291,501.61
11292,251.91
11293,529.31
11294,148.23
11295,86.91
11296,349.27
11297,182.54
11298,408.65
11299,535.88
11300,211.51
11301,464.36
11302,794.81
11303,566.77
11304,651.88
11305,175.09
11306,222.21
11307,551.75
11308,687.4
11309,513.95
11310,265.13
11311,327.83
11312,271.0
11313,800.52
11314,543.32
11315,846.8
11316,667.24
11317,409.72
11318,544.63
11319,106.22
11320,371.2
11321,483.58
11322,693.42
11323,417.62
11324,601.7
11325,456.23
11326,588.76
11327,262.96
11328,237.8
11329,361.79
11330,246.82
11331,155.4
11332,131.4
11333,327.11
11334,596.09
11335,629.36
11336,498.43
11337,487.97
11338,152.35
11339,412.92
11340,176.09
11341,690.61
11342,538.17
11343,272.09
11344,720.06
11345,129.57
11346,582.95
11347,353.42
11348,168.81
11349,214.42
11350,553.4
11351,155.39
11352,226.15
11353,557.06
11354,775.11
11355,344.75
11356,420.91
11357,260.05
11358,413.02
11359,552.53
11360,344.5
11361,112.44
11362,212.2
11363,584.5
11364,659.09
11365,92.4
11366,362.54
11367,273.45
11368,417.69
11369,627.69
11370,637.46
11371,464.61
11372,586.98
11373,435.73
11374,272.06
11375,575.72
11376,421.94
11377,78.67
11378,396.92
11379,556.1
11380,644.6
11381,444.68
11382,481.54
11383,233.06
11384,658.8
11385,381.23
11386,489.89
11387,790.64
11388,547.36
11389,767.82
11390,525.92
11391,367.94
11392,345.87
11393,198.38
11394,228.5
11395,772.51
11396,98.96
11397,366.04
11398,654.36
11399,91.7
11400,294.98
11401,672.25
11402,334.55
11403,94.9
11404,224.32
11405,654.67
11406,278.55
11407,547.39
11408,318.97
11409,310.38
11410,528.77
11411,107.8
11412,316.3
11413,667.31
11414,127.69
11415,459.22
11416,666.43
11417,621.37
11418,447.22
11419,723.09
11420,297.12
11421,176.92
11422,387.06
11423,556.61
11424,471.17
11425,150.12
11426,575.07
11427,210.49
11428,662.74
11429,358.88
11430,555.44
11431,367.92
11432,214.64
11433,346.7
11434,797.52
11435,129.51
11436,348.15
11437,316.78
11438,360.52
11439,532.27
11440,486.76
11441,285.18
11442,594.77
11443,302.27
11444,535.9
11445,850.58
11446,502.39
11447,166.39
11448,199.01
11449,518.79
11450,626.82
11451,258.71
11452,205.23
11453,487.48
11454,753.5
11455,192.3
11456,215.5
11457,268.07
11458,148.5
11459,331.7
11460,316.48
11461,194.71
11462,294.4
11463,130.23
11464,571.75
11465,178.79
11466,67.43
11467,578.82
11468,253.75
11469,380.69
11470,322.85
11471,74.5
11472,441.55
11473,332.85
11474,672.88
11475,560.53
11476,715.84
11477,612.88
11478,432.23
11479,759.46
11480,692.09
11481,624.06
11482,432.84
11483,659.09
11484,557.82
11485,441.54
11486,543.42
11487,206.95
11488,409.37
11489,556.55
11490,211.31
11491,643.38
11492,135.01
11493,181.89
11494,342.55
11495,521.12
11496,182.1
11497,291.82
11498,360.59
11499,808.23
11500,144.99
11501,156.24
11502,579.92
11503,520.93
11504,513.19
11505,630.08
11506,717.73
11507,116.3
11508,105.64
11509,336.24
11510,416.82
11511,402.01
11512,101.28
11513,642.92
11514,639.26
11515,574.26
11516,115.21
11517,307.41
11518,321.47
11519,252.84
11520,376.84
11521,510.03
11522,722.89
11523,207.53
11524,298.29
11525,480.82
11526,105.82
11527,629.52
11528,461.5
11529,506.04
11530,328.63
11531,300.18
11532,680.98
11533,407.85
11534,216.45
11535,381.44
11536,180.17
11537,570.52
11538,549.0
11539,552.35
11540,318.03
11541,567.51
11542,629.4
11543,525.01
11544,594.82
11545,378.3
11546,332.88
11547,374.94
11548,461.98
11549,236.55
11550,313.94
11551,767.0
11552,146.73
11553,395.18
11554,181.87
11555,282.31
11556,423.53
11557,150.8
11558,559.6
11559,282.42
11560,368.38
11561,114.41
11562,525.8
11563,323.34
11564,302.6
11565,280.95
11566,98.19
11567,589.33
11568,577.69
11569,513.15
11570,526.03
11571,185.8
11572,696.55
11573,641.78
11574,407.88
11575,430.84
11576,338.86
11577,622.81
11578,591.96
11579,407.75
11580,156.77
11581,300.38
11582,551.49
11583,391.99
11584,793.71
11585,195.05
11586,718.27
11587,119.6
11588,412.0
11589,445.14
11590,345.03
11591,79.53
11592,369.86
11593,446.4
11594,517.35
11595,671.84
11596,156.14
11597,401.94
11598,351.55
11599,317.47
11600,673.61
11601,424.3
11602,538.18
11603,414.46
11604,96.88
11605,239.4
11606,510.32
11607,396.02
11608,473.76
11609,539.74
11610,274.55
11611,72.66
11612,410.9
11613,555.58
11614,548.43
11615,433.07
11616,405.45
11617,95.36
11618,381.68
11619,301.35
11620,398.22
11621,624.12
11622,157.6
11623,591.41
11624,221.36
11625,385.93
11626,555.38
11627,495.57
11628,171.17
11629,422.68
11630,219.84
11631,533.95
11632,691.63
11633,527.36
11634,173.48
11635,97.4
11636,188.72
11637,296.49
11638,105.61
11639,526.24
11640,525.38
11641,321.8
11642,404.65
11643,208.13
11644,131.8
11645,203.99
11646,251.83
11647,367.67
11648,304.95
11649,150.19
11650,452.19
11651,238.22
11652,236.88
11653,411.86
11654,164.66
11655,633.15
11656,611.49
11657,126.06
11658,468.61
11659,613.61
11660,217.26
11661,192.35
11662,813.71
11663,249.23
11664,196.15
11665,288.0
11666,247.13
11667,296.48
11668,350.56
11669,410.28
11670,584.95
11671,312.36
11672,293.35
11673,329.37
11674,220.48
11675,134.3
11676,414.65
11677,449.75
11678,724.01
11679,386.71
11680,80.91
11681,138.99
11682,398.49
11683,759.68
11684,344.36
11685,191.49
11686,296.29
11687,476.59
11688,337.31
11689,445.4
11690,202.7
11691,450.6
11692,628.71
11693,359.39
11694,296.5
11695,161.59
11696,778.66
11697,275.8
11698,298.43
11699,430.2
11700,519.29
11701,231.81
11702,477.73
11703,328.46
11704,650.82
11705,280.22
11706,134.02
11707,501.55
11708,533.12
11709,125.85
11710,454.81
11711,755.19
11712,88.98
11713,423.03
11714,715.22
11715,785.1
11716,431.73
11717,607.02
11718,345.41
11719,546.93
11720,168.99
11721,442.62
11722,154.55
11723,512.09
11724,230.63
11725,242.2
11726,490.37
11727,567.64
11728,252.68
11729,404.97
11730,609.47
11731,726.09
11732,243.8
11733,781.61
11734,196.65
11735,493.59
11736,293.27
11737,474.84
11738,494.72
11739,509.07
11740,348.03
11741,158.13
11742,430.52
11743,681.32
11744,441.94
11745,136.93
11746,554.29
11747,571.38
11748,137.79
11749,226.78
11750,304.25
11751,440.59
11752,131.88
11753,227.89
11754,576.41
11755,493.19
11756,764.74
11757,434.21
11758,583.67
11759,280.31
11760,532.52
11761,301.29
11762,529.76
11763,426.58
11764,261.22
11765,224.64
11766,622.59
11767,277.62
11768,387.78
11769,191.42
11770,547.27
11771,384.69
11772,657.81
11773,426.91
11774,170.03
11775,500.23
11776,572.47
11777,299.74
11778,336.71
11779,634.4
11780,230.8
11781,299.16
11782,679.85
11783,288.6
11784,836.4
11785,148.02
11786,287.81
11787,128.55
11788,227.87
11789,274.75
11790,167.51
11791,322.74
11792,712.22
11793,581.66
11794,522.47
11795,435.53
11796,570.65
11797,704.77
11798,694.84
11799,579.0
11800,233.36
11801,417.83
11802,516.73
11803,603.02
11804,286.02
11805,158.42
11806,448.5
11807,379.78
11808,91.44
11809,216.16
11810,747.76
11811,673.47
11812,457.04
11813,622.15
11814,422.94
11815,120.25
11816,618.06
11817,671.36
11818,312.89
11819,598.31
11820,363.67
11821,647.2
11822,322.14
11823,371.56
11824,419.93
11825,611.13
11826,115.8
11827,473.88
11828,138.16
11829,359.62
11830,213.3
11831,364.45
11832,425.5
11833,554.52
11834,796.99
11835,311.85
11836,130.83
11837,529.01
11838,201.19
11839,433.32
11840,678.53
11841,525.33
11842,619.87
11843,734.68
11844,571.88
11845,421.9
11846,76.84
11847,536.31
11848,689.33
11849,155.96
11850,605.41
11851,574.26
11852,440.93
11853,542.91
11854,404.7
11855,386.48
11856,288.15
11857,631.24
11858,220.13
11859,199.29
11860,463.65
11861,290.08
11862,304.22
11863,505.47
11864,649.17
11865,352.92
11866,296.1
11867,399.26
11868,499.74
11869,627.01
11870,370.02
11871,246.1
11872,668.02
11873,302.66
11874,490.6
11875,573.86
11876,392.64
11877,648.15
11878,180.82
11879,165.83
11880,272.82
11881,143.32
11882,364.11
11883,77.18
11884,535.25
11885,210.21
11886,75.15
11887,334.37
11888,447.44
11889,523.12
11890,143.39
11891,92.77
11892,151.01
11893,226.86
11894,195.66
11895,692.81
11896,267.39
11897,351.63
11898,436.45
11899,403.79
11900,425.04
11901,374.91
11902,261.49
11903,629.37
11904,347.45
11905,226.83
11906,476.35
11907,666.76
11908,106.45
11909,402.53
11910,780.5
11911,468.88
11912,242.76
11913,483.32
11914,362.17
11915,198.33
11916,654.62
11917,207.36
11918,165.23
11919,313.99
11920,682.09
11921,618.07
11922,487.67
11923,525.86
11924,65.71
11925,268.55
11926,534.95
11927,364.62
11928,214.6
11929,354.06
11930,580.05
11931,337.92
11932,113.42
11933,418.93
11934,280.69
11935,561.52
11936,345.94
11937,204.08
11938,523.6
11939,298.58
11940,615.62
11941,83.47
11942,224.17
11943,443.31
11944,588.33
11945,411.48
11946,601.68
11947,323.79
11948,722.92
11949,519.0
11950,661.86
11951,478.37
11952,88.8
11953,834.06
11954,547.09
11955,608.84
11956,423.43
11957,330.4
11958,268.03
11959,119.24
11960,314.46
11961,209.58
11962,438.17
11963,513.63
11964,471.98
11965,250.96
11966,294.04
11967,638.33
11968,261.33
11969,121.73
11970,91.88
11971,437.14
11972,225.39
11973,219.23
11974,390.38
11975,376.89
11976,116.27
11977,222.98
11978,132.38
11979,692.18
11980,222.89
11981,671.91
11982,210.56
11983,484.11
11984,845.74
11985,181.65
11986,541.0
11987,166.15
11988,569.7
11989,415.63
11990,111.5
11991,581.08
11992,205.01
11993,375.77
11994,92.14
11995,150.58
11996,576.69
11997,229.9
11998,650.15
11999,328.7
12000,144.54
12001,446.82
12002,198.44
12003,370.4
12004,160.17
12005,272.33
12006,761.38
12007,271.26
12008,123.23
12009,592.58
12010,230.59
12011,276.54
12012,437.29
12013,320.26
12014,453.77
12015,144.06
12016,478.44
12017,557.67
12018,548.1
12019,260.6
12020,534.78
12021,170.01
12022,310.22
12023,647.51
12024,432.97
12025,581.31
12026,165.32
12027,661.62
12028,310.23
12029,157.02
12030,271.83
12031,655.96
12032,180.92
12033,252.98
12034,452.14
12035,253.05
12036,600.22
12037,203.94
12038,391.62
12039,418.32
12040,152.05
12041,497.01
12042,680.13
12043,692.44
12044,119.28
12045,456.68
12046,352.27
12047,162.02
12048,595.18
12049,562.94
12050,455.58
12051,141.48
12052,164.78
12053,261.93
12054,401.19
12055,239.5
12056,191.64
12057,592.37
12058,110.96
12059,153.47
12060,526.98
12061,576.19
12062,532.33
12063,352.53
12064,406.61
12065,74.28
12066,612.81
12067,248.0
12068,284.47
12069,587.05
12070,550.08
12071,333.41
12072,608.92
12073,635.33
12074,194.0
12075,495.6
12076,286.32
12077,253.38
12078,501.52
12079,394.35
12080,481.17
12081,137.32
12082,151.66
12083,140.1
12084,185.83
12085,418.41
12086,688.4
12087,218.82
12088,353.82
12089,225.41
12090,319.73
12091,182.16
12092,181.99
12093,116.91
12094,277.62
12095,667.58
12096,488.32
12097,717.42
12098,662.89
12099,372.28
12100,824.36
12101,403.58
12102,674.58
12103,483.28
12104,153.01
12105,235.99
12106,109.69
12107,414.53
12108,560.91
12109,686.22
12110,285.39
12111,591.93
12112,448.86
12113,426.72
12114,372.09
12115,650.81
12116,503.67
12117,486.78
12118,196.92
12119,204.04
12120,164.93
12121,351.28
12122,198.31
12123,295.32
12124,506.67
12125,606.07
12126,115.25
12127,105.82
12128,466.3
12129,507.1
12130,292.65
12131,442.34
12132,415.95
12133,75.2
12134,619.71
12135,186.19
12136,437.47
12137,548.96
12138,542.78
12139,204.95
12140,281.31
12141,654.12
12142,177.12
12143,617.92
12144,376.67
12145,233.01
12146,102.47
12147,349.65
12148,157.52
12149,811.57
12150,166.95
12151,266.48
12152,367.9
12153,405.08
12154,428.25
12155,448.31
12156,224.59
12157,342.02
12158,118.23
12159,107.27
12160,287.96
12161,172.35
12162,258.92
12163,403.24
12164,696.62
12165,719.46
12166,402.84
12167,211.07
12168,399.25
12169,344.25
12170,524.87
12171,117.38
12172,327.12
12173,90.15
12174,476.08
12175,417.88
12176,410.16
12177,676.24
12178,533.25
12179,501.53
12180,107.89
12181,727.55
12182,386.23
12183,535.88
12184,507.28
12185,498.6
12186,265.58
12187,356.72
12188,544.69
12189,630.03
12190,218.28
12191,399.85
12192,717.4
12193,626.95
12194,257.22
12195,227.19
12196,558.81
12197,644.45
12198,131.75
12199,557.65
12200,125.11
12201,212.95
12202,432.99
12203,518.47
12204,187.02
12205,477.37
12206,725.05
12207,388.77
12208,130.01
12209,562.65
12210,419.93
12211,235.09
12212,144.37
12213,488.04
12214,522.9
12215,443.08
12216,408.77
12217,113.48
12218,489.31
12219,138.7
12220,165.24
12221,324.7
12222,569.8
12223,237.87
12224,116.65
12225,369.69
12226,462.54
12227,451.45
12228,476.19
12229,553.38
12230,461.8
12231,533.64
12232,510.79
12233,431.62
12234,607.28
12235,394.52
12236,192.58
12237,585.12
12238,611.93
12239,396.91
12240,478.58
12241,605.94
12242,547.75
12243,454.82
12244,165.18
12245,239.44
12246,773.23
12247,281.91
12248,556.82
12249,502.75
12250,112.49
12251,259.38
12252,610.89
12253,272.71
12254,476.93
12255,253.64
12256,518.18
12257,127.5
12258,221.96
12259,447.58
12260,249.44
12261,532.32
12262,554.26
12263,519.76
12264,363.18
12265,606.91
12266,635.07
12267,144.53
12268,498.28
12269,113.41
12270,494.23
12271,471.15
12272,454.41
12273,102.02
12274,355.52
12275,234.02
12276,468.02
12277,636.86
12278,240.13
12279,442.14
12280,436.16
12281,145.81
12282,415.6
12283,224.21
12284,168.01
12285,300.02
12286,457.47
12287,624.57
12288,396.34
12289,451.31
12290,118.36
12291,168.72
12292,186.35
12293,155.28
12294,256.91
12295,318.16
12296,151.39
12297,534.13
12298,242.19
12299,629.91
12300,376.37
12301,169.0
12302,579.95
12303,274.06
12304,635.59
12305,604.66
12306,121.92
12307,437.12
12308,346.89
12309,544.16
12310,121.87
12311,546.02
12312,239.43
12313,276.8
12314,192.73
12315,509.43
12316,263.17
12317,203.81
12318,608.04
12319,205.52
12320,392.12
12321,490.46
12322,301.79
12323,225.78
12324,499.69
12325,509.61
12326,381.78
12327,755.71
12328,391.17
12329,302.28
12330,555.76
12331,404.07
12332,568.27
12333,489.06
12334,317.81
12335,343.51
12336,110.73
12337,349.89
12338,609.72
12339,397.09
12340,715.97
12341,431.73
12342,604.44
12343,235.92
12344,485.38
12345,547.63
12346,381.34
12347,650.22
12348,238.47
12349,425.64
12350,136.18
12351,377.57
12352,505.42
12353,399.57
12354,252.99
12355,374.22
12356,71.03
12357,169.55
12358,193.38
12359,452.23
12360,722.66
12361,129.61
12362,149.42
12363,521.34
12364,411.63
12365,257.34
12366,390.33
12367,597.71
12368,454.61
12369,479.97
12370,502.11
12371,446.9
12372,568.6
12373,477.22
12374,322.09
12375,466.69
12376,213.16
12377,204.5
12378,79.95
12379,328.97
12380,205.17
12381,225.1
12382,716.35
12383,323.55
12384,174.34
12385,111.04
12386,530.92
12387,586.55
12388,506.41
12389,93.53
12390,340.76
12391,110.16
12392,147.44
12393,723.68
12394,649.0
12395,157.59
12396,708.98
12397,396.31
12398,295.27
12399,540.84
12400,99.81
12401,373.19
12402,674.66
12403,402.35
12404,261.02
12405,111.86
12406,532.86
12407,245.61
12408,62.56
12409,115.35
12410,240.34
12411,470.42
12412,603.42
12413,281.48
12414,242.58
12415,272.25
12416,308.9
12417,289.21
12418,366.43
12419,290.27
12420,200.12
12421,82.51
12422,150.92
12423,362.68
12424,484.95
12425,469.41
12426,337.02
12427,416.26
12428,359.99
12429,383.08
12430,126.65
12431,673.94
12432,309.05
12433,600.32
12434,533.73
12435,325.25
12436,417.81
12437,451.25
12438,222.98
12439,697.57
12440,221.67
12441,151.76
12442,191.2
12443,768.43
12444,93.26
12445,175.8
12446,487.47
12447,344.55
12448,412.7
12449,116.94
12450,291.44
12451,452.11
12452,280.4
12453,580.01
12454,389.97
12455,222.84
12456,222.95
12457,561.94
12458,557.57
12459,294.59
12460,734.39
12461,447.27
12462,240.99
12463,151.85
12464,502.76
12465,523.48
12466,342.87
12467,618.29
12468,326.87
12469,94.9
12470,388.21
12471,244.33
12472,174.52
12473,547.43
12474,530.61
12475,355.49
12476,259.42
12477,372.84
12478,361.54
12479,105.97
12480,456.66
12481,568.04
12482,575.45
12483,602.62
12484,175.3
12485,387.1
12486,294.59
12487,538.87
12488,484.78
12489,577.95
12490,543.56
12491,634.66
12492,103.57
12493,125.96
12494,787.34
12495,65.56
12496,706.36
12497,376.89
12498,378.38
12499,87.24
12500,242.32
12501,251.78
12502,421.79
12503,426.24
12504,321.16
12505,370.21
12506,157.89
12507,82.21
12508,619.01
12509,588.22
12510,282.39
12511,492.84
12512,681.76
12513,504.74
12514,494.36
12515,643.63
12516,737.98
12517,420.49
12518,600.8
12519,467.26
12520,437.88
12521,504.31
12522,373.04
12523,144.34
12524,412.32
12525,154.49
12526,174.23
12527,731.29
12528,271.43
12529,349.04
12530,406.02
12531,190.8
12532,609.33
12533,174.54
12534,539.14
12535,404.81
12536,587.89
12537,176.91
12538,89.19
12539,437.93
12540,381.35
12541,526.82
12542,270.84
12543,634.7
12544,362.13
12545,407.85
12546,672.3
12547,457.66
12548,236.52
12549,346.74
12550,231.62
12551,662.82
12552,619.97
12553,210.29
12554,325.92
12555,230.91
12556,584.13
12557,167.95
12558,459.17
12559,85.15
12560,738.95
12561,268.15
12562,257.39
12563,234.45
12564,162.82
12565,372.47
12566,135.27
12567,497.16
12568,277.47
12569,576.32
12570,232.59
12571,203.99
12572,552.9
12573,403.42
12574,167.66
12575,327.83
12576,727.43
12577,438.92
12578,328.26
12579,244.69
12580,853.24
12581,340.4
12582,424.01
12583,201.37
12584,396.78
12585,149.58
12586,577.4
12587,626.07
12588,571.25
12589,641.16
12590,707.48
12591,582.89
12592,273.24
12593,210.24
12594,348.18
12595,741.54
12596,83.36
12597,238.32
12598,66.96
12599,155.4
12600,419.1
12601,578.51
12602,245.19
12603,419.73
12604,392.4
12605,175.28
12606,614.57
12607,501.0
12608,607.39
12609,435.58
12610,465.49
12611,403.99
12612,646.61
12613,407.72
12614,420.24
12615,529.46
12616,430.65
12617,250.11
12618,613.75
12619,308.75
12620,347.86
12621,639.86
12622,147.97
12623,601.35
12624,255.06
12625,113.34
12626,300.86
12627,190.72
12628,592.14
12629,205.54
12630,295.97
12631,262.61
12632,628.27
12633,567.74
12634,641.55
12635,558.71
12636,495.26
12637,459.96
12638,406.9
12639,261.85
12640,222.35
12641,179.14
12642,235.61
12643,410.91
12644,661.18
12645,738.55
12646,89.96
12647,164.51
12648,652.87
12649,356.3
12650,228.25
12651,398.86
12652,593.2
12653,465.3
12654,391.83
12655,806.92
12656,179.64
12657,158.37
12658,578.49
12659,324.6
12660,215.49
12661,426.67
12662,150.55
12663,630.21
12664,116.61
12665,339.26
12666,508.17
12667,411.07
12668,399.86
12669,268.36
12670,261.7
12671,459.24
12672,695.74
12673,148.42
12674,556.44
12675,393.9
12676,94.47
12677,128.96
12678,301.08
12679,72.03
12680,527.43
12681,447.47
12682,295.81
12683,312.87
12684,363.25
12685,216.71
12686,451.0
12687,772.15
12688,514.52
12689,441.79
12690,197.0
12691,144.35
12692,354.59
12693,622.34
12694,285.76
12695,236.07
12696,186.44
12697,298.38
12698,392.07
12699,369.43
12700,625.52
12701,514.4
12702,626.08
12703,498.49
12704,412.88
12705,422.36
12706,205.95
12707,529.73
12708,282.08
12709,472.12
12710,266.81
12711,79.16
12712,333.47
12713,527.14
12714,611.2
12715,478.64
12716,416.73
12717,680.06
12718,209.48
12719,404.71
12720,265.13
12721,619.43
12722,131.2
12723,351.67
12724,140.0
12725,753.38
12726,99.85
12727,608.68
12728,401.66
12729,135.77
12730,106.13
12731,236.86
12732,261.84
12733,383.48
12734,824.19
12735,592.14
12736,235.66
12737,304.13
12738,202.56
12739,197.06
12740,670.32
12741,131.7
12742,77.99
12743,236.55
12744,266.94
12745,470.04
12746,465.32
12747,400.09
12748,342.18
12749,98.41
12750,569.7
12751,526.97
12752,392.17
12753,152.1
12754,649.25
12755,477.94
12756,128.49
12757,400.78
12758,83.01
12759,305.76
12760,510.07
12761,117.95
12762,145.61
12763,170.64
12764,175.35
12765,587.79
12766,721.67
12767,730.08
12768,187.95
12769,702.45
12770,454.15
12771,523.89
12772,294.79
12773,542.24
12774,194.44
12775,609.77
12776,669.7
12777,365.38
12778,739.85
12779,368.16
12780,92.82
12781,544.22
12782,639.05
12783,273.25
12784,488.65
12785,596.32
12786,127.68
12787,325.37
12788,589.32
12789,554.42
12790,485.11
12791,70.68
12792,422.15
12793,452.39
12794,355.69
12795,197.35
12796,723.46
12797,157.81
12798,419.6
12799,674.74
12800,134.18
12801,663.97
12802,574.69
12803,660.25
12804,207.72
12805,665.06
12806,120.51
12807,443.48
12808,517.19
12809,488.02
12810,520.09
12811,744.48
12812,579.2
12813,105.45
12814,293.44
12815,135.09
12816,446.06
12817,263.79
12818,103.27
12819,361.7
12820,128.8
12821,258.47
12822,257.53
12823,162.62
12824,236.31
12825,93.94
12826,280.2
12827,799.45
12828,362.42
12829,173.39
12830,370.99
12831,74.5
12832,448.09
12833,626.57
12834,511.36
12835,102.72
12836,649.02
12837,357.3
12838,675.95
12839,253.69
12840,215.33
12841,353.48
12842,357.41
12843,568.25
12844,605.29
12845,203.12
12846,183.62
12847,449.53
12848,350.73
12849,243.15
12850,563.66
12851,152.54
12852,608.06
12853,371.48
12854,92.76
12855,165.12
12856,526.72
12857,566.99
12858,573.96
12859,542.28
12860,139.81
12861,311.75
12862,750.44
12863,107.51
12864,202.96
12865,304.23
12866,245.06
12867,123.67
12868,122.05
12869,571.4
12870,267.09
12871,419.61
12872,377.85
12873,568.35
12874,323.49
12875,189.62
12876,418.98
12877,649.1
12878,719.9
12879,201.67
12880,103.96
12881,147.88
12882,242.99
12883,428.9
12884,522.55
12885,193.32
12886,209.76
12887,145.18
12888,292.53
12889,217.72
12890,186.84
12891,634.33
12892,234.92
12893,114.89
12894,566.81
12895,242.6
12896,328.02
12897,390.62
12898,339.29
12899,652.7
12900,529.92
12901,417.24
12902,459.58
12903,173.78
12904,325.36
12905,88.27
12906,581.17
12907,460.82
12908,625.52
12909,437.95
12910,568.29
12911,574.05
12912,203.85
12913,526.1
12914,235.11
12915,196.33
12916,600.5
12917,511.83
12918,101.65
12919,109.27
12920,588.48
12921,323.83
12922,579.6
12923,606.54
12924,489.58
12925,570.41
12926,395.93
12927,201.26
12928,696.05
12929,390.1
12930,137.91
12931,280.05
12932,708.95
12933,474.41
12934,206.88
12935,190.11
12936,485.0
12937,499.67
12938,154.75
12939,271.99
12940,620.61
12941,468.2
12942,262.71
12943,213.68
12944,385.96
12945,517.06
12946,501.22
12947,183.83
12948,659.56
12949,162.38
12950,796.02
12951,295.15
12952,304.24
12953,601.39
12954,563.62
12955,379.84
12956,214.76
12957,108.24
12958,600.17
12959,557.02
12960,167.06
12961,101.8
12962,259.81
12963,452.7
12964,386.61
12965,410.02
12966,267.31
12967,444.4
12968,205.16
12969,422.29
12970,338.99
12971,170.13
12972,261.18
12973,172.09
12974,250.38
12975,442.24
12976,249.48
12977,298.59
12978,481.72
12979,147.28
12980,489.1
12981,138.92
12982,714.18
12983,243.11
12984,462.27
12985,437.16
12986,111.38
12987,328.53
12988,770.18
12989,186.71
12990,573.49
12991,408.02
12992,81.96
12993,67.42
12994,614.96
12995,105.32
12996,105.68
12997,276.22
12998,159.1
12999,148.16
13000,393.8
13001,373.84
13002,555.76
13003,563.46
13004,390.54
13005,230.86
13006,97.36
13007,122.79
13008,659.02
13009,254.88
13010,197.41
13011,341.85
13012,152.05
13013,107.28
13014,229.99
13015,224.07
13016,533.23
13017,572.35
13018,715.64
13019,428.78
13020,494.06
13021,531.74
13022,354.42
13023,618.27
13024,630.27
13025,647.8
13026,415.54
13027,153.71
13028,491.92
13029,571.04
13030,571.96
13031,144.53
13032,381.75
13033,620.36
13034,620.83
13035,527.08
13036,535.92
13037,792.35
13038,139.63
13039,590.85
13040,137.57
13041,520.88
13042,368.49
13043,273.57
13044,587.68
13045,129.78
13046,561.87
13047,371.11
13048,354.46
13049,519.44
13050,593.49
13051,568.87
13052,163.29
13053,430.02
13054,139.62
13055,108.72
13056,480.18
13057,292.42
13058,562.27
13059,806.09
13060,434.98
13061,261.17
13062,379.47
13063,128.98
13064,490.31
13065,106.74
13066,146.38
13067,319.44
13068,496.34
13069,277.75
13070,224.71
13071,537.74
13072,535.62
13073,540.01
13074,322.23
13075,238.13
13076,758.13
13077,205.98
13078,268.91
13079,116.26
13080,100.27
13081,511.51
13082,108.0
13083,714.78
13084,111.03
13085,209.29
13086,508.19
13087,277.47
13088,261.61
13089,349.85
13090,127.46
13091,488.21
13092,601.53
13093,374.86
13094,428.95
13095,255.49
13096,454.25
13097,71.62
13098,321.69
13099,327.37
13100,646.2
13101,557.99
13102,449.86
13103,786.81
13104,141.32
13105,460.16
13106,591.31
13107,669.09
13108,352.79
13109,351.91
13110,650.89
13111,194.99
13112,401.06
13113,531.21
13114,518.69
13115,564.13
13116,211.46
13117,734.48
13118,413.83
13119,795.59
13120,393.07
13121,252.1
13122,187.64
13123,485.39
13124,748.89
13125,791.54
13126,425.74
13127,569.68
13128,90.77
13129,411.89
13130,552.91
13131,499.72
13132,658.16
13133,178.34
13134,463.8
13135,766.76
13136,612.13
13137,350.66
13138,801.56
13139,882.33
13140,483.87
13141,172.6
13142,245.27
13143,440.74
13144,694.8
13145,464.49
13146,381.37
13147,230.41
13148,812.09
13149,672.78
13150,498.96
13151,267.47
13152,289.04
13153,538.16
13154,423.75
13155,574.97
13156,575.74
13157,259.8
13158,576.51
13159,89.07
13160,738.48
13161,336.29
13162,464.5
13163,418.06
13164,402.34
13165,85.3
13166,532.3
13167,402.52
13168,214.05
13169,129.15
13170,505.29
13171,640.76
13172,205.02
13173,219.59
13174,484.42
13175,148.95
13176,273.28
13177,375.85
13178,360.85
13179,462.01
13180,103.48
13181,639.71
13182,148.09
13183,134.43
13184,328.85
13185,391.72
13186,344.73
13187,737.28
13188,402.72
13189,522.38
13190,551.93
13191,609.93
13192,318.5
13193,341.21
13194,401.59
13195,138.22
13196,380.45
13197,310.97
13198,684.16
13199,155.46
13200,362.3
13201,602.98
13202,322.15
13203,145.08
13204,220.27
13205,660.82
13206,358.59
13207,242.59
13208,633.83
13209,208.04
13210,549.79
13211,302.69
13212,121.36
13213,426.96
13214,538.85
13215,577.38
13216,200.96
13217,175.79
13218,327.55
13219,197.95
13220,621.82
13221,244.84
13222,541.33
13223,133.01
13224,619.06
13225,643.29
13226,702.77
13227,254.94
13228,269.64
13229,564.71
13230,233.37
13231,647.59
13232,242.13
13233,570.01
13234,492.78
13235,618.92
13236,447.93
13237,528.17
13238,212.16
13239,380.04
13240,189.01
13241,132.01
13242,221.0
13243,245.72
13244,306.07
13245,366.81
13246,770.31
13247,619.87
13248,539.96
13249,556.06
13250,417.33
13251,235.15
13252,645.58
13253,560.56
13254,204.97
13255,623.97
13256,176.93
13257,90.0
13258,243.43
13259,538.97
13260,165.21
13261,473.66
13262,134.41
13263,481.25
13264,103.91
13265,248.81
13266,354.59
13267,128.16
13268,211.24
13269,82.37
13270,460.08
13271,271.46
13272,437.62
13273,698.38
13274,624.57
13275,664.15
13276,672.89
13277,404.28
13278,277.59
13279,400.22
13280,279.59
13281,118.39
13282,186.27
13283,306.07
13284,664.42
13285,866.04
13286,672.28
13287,209.73
13288,568.47
13289,511.29
13290,175.62
13291,479.39
13292,631.65
13293,244.46
13294,297.15
13295,497.85
13296,192.29
13297,301.03
13298,131.06
13299,225.75
13300,135.14
13301,698.82
13302,105.35
13303,518.75
13304,115.08
13305,293.57
13306,472.61
13307,267.29
13308,383.18
13309,486.27
13310,551.45
13311,242.77
13312,710.2
13313,318.47
13314,342.06
13315,261.07
13316,450.83
13317,421.33
13318,227.8
13319,310.23
13320,485.51
13321,442.38
13322,422.03
13323,176.9
13324,120.8
13325,245.9
13326,491.95
13327,480.08
13328,664.26
13329,559.71
13330,534.32
13331,307.79
13332,624.43
13333,280.8
13334,221.84
13335,557.73
13336,306.3
13337,678.5
13338,548.06
13339,530.35
13340,424.48
13341,639.1
13342,239.61
13343,271.63
13344,285.48
13345,827.25
13346,792.29
13347,607.02
13348,524.57
13349,455.83
13350,233.32
13351,91.99
13352,129.66
13353,73.38
13354,334.89
13355,154.55
13356,465.99
13357,344.82
13358,118.03
13359,145.2
13360,305.91
13361,537.91
13362,670.18
13363,599.1
13364,102.62
13365,604.66
13366,386.9
13367,215.91
13368,365.57
13369,452.35
13370,474.04
13371,394.63
13372,602.71
13373,117.96
13374,456.08
13375,415.48
13376,681.64
13377,797.11
13378,709.05
13379,164.34
13380,509.3
13381,475.38
13382,131.93
13383,561.11
13384,234.27
13385,357.73
13386,281.21
13387,166.1
13388,633.17
13389,421.34
13390,550.56
13391,373.36
13392,154.23
13393,241.02
13394,463.98
13395,571.51
13396,518.07
13397,109.29
13398,507.99
13399,150.55
13400,423.14
13401,388.5
13402,412.27
13403,163.9
13404,385.79
13405,566.62
13406,363.88
13407,425.54
13408,548.74
13409,150.06
13410,463.0
13411,370.17
13412,491.49
13413,520.82
13414,269.17
13415,623.39
13416,273.27
13417,260.57
13418,360.39
13419,360.7
13420,613.53
13421,221.23
13422,252.6
13423,184.63
13424,559.22
13425,88.81
13426,123.82
13427,144.68
13428,567.28
13429,170.21
13430,351.3
13431,413.03
13432,137.34
13433,365.44
13434,396.09
13435,186.47
13436,275.48
13437,670.44
13438,297.06
13439,599.76
13440,478.78
13441,224.67
13442,586.45
13443,184.77
13444,180.71
13445,401.28
13446,404.17
13447,77.67
13448,181.33
13449,649.43
13450,441.93
13451,347.66
13452,363.28
13453,466.57
13454,505.15
13455,287.68
13456,664.91
13457,113.9
13458,525.5
13459,543.15
13460,404.73
13461,236.56
13462,166.56
13463,60.11
13464,792.86
13465,593.37
13466,232.99
13467,542.9
13468,662.18
13469,433.5
13470,182.37
13471,152.32
13472,280.53
13473,735.49
13474,152.63
13475,492.26
13476,677.39
13477,587.95
13478,330.98
13479,227.25
13480,92.6
13481,187.73
13482,459.22
13483,785.82
13484,327.45
13485,262.41
13486,144.58
13487,586.97
13488,831.05
13489,353.56
13490,321.56
13491,766.61
13492,176.38
13493,653.4
13494,552.39
13495,438.68
13496,178.56
13497,282.73
13498,508.26
13499,498.77
13500,103.6
13501,72.62
13502,220.78
13503,570.16
13504,150.36
13505,780.08
13506,192.9
13507,623.03
13508,524.29
13509,409.16
13510,162.1
13511,511.66
13512,326.89
13513,293.35
13514,464.99
13515,611.45
13516,131.72
13517,363.86
13518,170.73
13519,328.99
13520,370.2
13521,109.5
13522,828.12
13523,784.99
13524,190.21
13525,322.66
13526,567.31
13527,581.27
13528,336.08
13529,515.73
13530,385.14
13531,688.11
13532,563.01
13533,256.98
13534,81.51
13535,145.77
13536,144.41
13537,392.44
13538,465.03
13539,525.92
13540,362.19
13541,665.17
13542,172.49
13543,492.88
13544,521.83
13545,217.85
13546,464.9
13547,420.36
13548,183.84
13549,192.13
13550,591.63
13551,627.51
13552,543.13
13553,554.76
13554,181.63
13555,409.09
13556,556.77
13557,152.33
13558,107.88
13559,87.97
13560,749.94
13561,295.32
13562,571.52
13563,389.56
13564,382.37
13565,501.46
13566,140.88
13567,607.69
13568,219.09
13569,308.87
13570,434.63
13571,226.13
13572,480.87
13573,149.73
13574,154.4
13575,279.0
13576,342.69
13577,249.18
13578,131.67
13579,596.18
13580,682.37
13581,523.32
13582,522.39
13583,285.83
13584,232.31
13585,527.19
13586,143.36
13587,171.8
13588,429.56
13589,215.9
13590,114.71
13591,224.42
13592,555.76
13593,602.85
13594,589.47
13595,381.81
13596,114.96
13597,256.66
13598,335.76
13599,184.96
13600,209.28
13601,331.48
13602,280.85
13603,485.63
13604,531.39
13605,368.39
13606,627.55
13607,540.5
13608,285.57
13609,746.7
13610,650.78
13611,355.08
13612,632.27
13613,614.01
13614,118.29
13615,433.23
13616,346.16
13617,512.22
13618,279.38
13619,274.23
13620,311.67
13621,500.69
13622,89.64
13623,690.19
13624,291.76
13625,174.39
13626,395.89
13627,557.07
13628,224.93
13629,257.7
13630,373.37
13631,771.18
13632,601.45
13633,266.89
13634,659.69
13635,333.57
13636,92.61
13637,472.5
13638,434.43
13639,377.42
13640,179.04
13641,315.33
13642,246.23
13643,201.93
13644,224.23
13645,168.33
13646,467.88
13647,154.73
13648,148.02
13649,605.3
13650,90.29
13651,129.46
13652,215.0
13653,457.03
13654,112.91
13655,261.68
13656,171.37
13657,534.3
13658,325.55
13659,580.98
13660,212.99
13661,385.75
13662,359.4
13663,545.66
13664,512.75
13665,600.02
13666,201.94
13667,201.39
13668,630.58
13669,298.36
13670,687.79
13671,298.58
13672,699.91
13673,718.08
13674,541.3
13675,528.45
13676,338.43
13677,667.92
13678,193.32
13679,235.35
13680,456.78
13681,163.9
13682,90.08
13683,260.51
13684,85.65
13685,603.23
13686,213.77
13687,602.12
13688,684.79
13689,576.71
13690,216.15
13691,398.57
13692,199.31
13693,393.22
13694,105.14
13695,405.71
13696,566.08
13697,758.38
13698,271.89
13699,625.13
13700,468.74
13701,628.25
13702,601.46
13703,228.75
13704,625.33
13705,339.26
13706,150.57
13707,205.11
13708,352.74
13709,337.41
13710,481.31
13711,615.56
13712,247.7
13713,460.22
13714,80.35
13715,219.63
13716,377.28
13717,525.09
13718,752.39
13719,255.66
13720,398.9
13721,260.4
13722,535.26
13723,359.96
13724,115.83
13725,613.13
13726,127.84
13727,348.59
13728,397.6
13729,569.72
13730,170.13
13731,650.61
13732,404.58
13733,597.35
13734,678.5
13735,106.83
13736,720.55
13737,90.07
13738,358.17
13739,354.95
13740,645.53
13741,125.05
13742,542.56
13743,528.44
13744,228.14
13745,185.09
13746,410.46
13747,528.21
13748,537.17
13749,553.76
13750,373.87
13751,279.01
13752,570.77
13753,574.0
13754,176.59
13755,413.36
13756,226.9
13757,401.57
13758,190.21
13759,631.13
13760,396.85
13761,175.05
13762,330.56
13763,690.93
13764,335.48
13765,365.64
13766,322.1
13767,308.18
13768,538.19
13769,397.48
13770,468.73
13771,486.03
13772,592.29
13773,195.14
13774,344.52
13775,475.73
13776,593.1
13777,257.23
13778,384.83
13779,471.68
13780,221.48
13781,211.7
13782,653.97
13783,530.98
13784,362.99
13785,239.67
13786,208.68
13787,483.13
13788,354.72
13789,622.82
13790,150.83
13791,535.17
13792,104.14
13793,650.56
13794,130.36
13795,472.58
13796,356.38
13797,626.65
13798,80.93
13799,148.68
13800,251.55
13801,229.59
13802,128.34
13803,405.97
13804,331.07
13805,431.3
13806,288.47
13807,327.91
13808,659.24
13809,572.69
13810,346.33
13811,498.91
13812,170.7
13813,582.04
13814,213.19
13815,129.11
13816,633.84
13817,521.55
13818,630.53
13819,307.41
13820,233.02
13821,208.04
13822,414.49
13823,660.14
13824,406.8
13825,417.11
13826,118.38
13827,711.9
13828,542.06
13829,403.02
13830,161.96
13831,507.68
13832,247.5
13833,638.51
13834,513.82
13835,743.93
13836,157.13
13837,374.28
13838,90.36
13839,391.52
13840,617.67
13841,174.06
13842,353.03
13843,223.76
13844,312.32
13845,483.94
13846,495.61
13847,418.0
13848,215.02
13849,372.89
13850,495.52
13851,479.49
13852,577.15
13853,681.32
13854,160.64
13855,286.68
13856,588.58
13857,511.92
13858,501.8
13859,337.94
13860,698.86
13861,536.72
13862,269.67
13863,627.51
13864,146.21
13865,210.59
13866,633.47
13867,527.77
13868,482.54
13869,646.94
13870,615.07
13871,804.98
13872,399.82
13873,144.85
13874,225.7
13875,218.06
13876,421.52
13877,518.65
13878,229.65
13879,369.11
13880,121.91
13881,395.83
13882,612.91
13883,537.11
13884,494.77
13885,602.07
13886,292.82
13887,514.31
13888,397.29
13889,94.11
13890,457.24
13891,490.52
13892,601.93
13893,406.12
13894,234.35
13895,700.43
13896,671.53
13897,164.88
13898,208.36
13899,258.08
13900,334.82
13901,96.12
13902,224.3
13903,192.31
13904,449.2
13905,504.24
13906,193.58
13907,755.51
13908,378.39
13909,618.52
13910,234.4
13911,253.9
13912,309.14
13913,629.78
13914,221.52
13915,517.53
13916,675.87
13917,280.85
13918,438.5
13919,415.21
13920,167.88
13921,368.91
13922,172.26
13923,376.66
13924,523.58
13925,334.02
13926,313.08
13927,753.94
13928,259.98
13929,406.85
13930,653.96
13931,117.62
13932,466.47
13933,425.89
13934,145.84
13935,401.4
13936,822.53
13937,396.49
13938,662.86
13939,124.72
13940,400.77
13941,422.7
13942,404.63
13943,344.41
13944,509.48
13945,552.13
13946,287.8
13947,237.7
13948,249.64
13949,399.79
13950,563.67
13951,204.96
13952,713.67
13953,100.31
13954,677.84
13955,739.12
13956,502.65
13957,595.61
13958,584.95
13959,308.39
13960,250.45
13961,449.26
13962,383.25
13963,239.12
13964,323.6
13965,594.13
13966,204.36
13967,457.93
13968,761.67
13969,131.5
13970,470.97
13971,724.87
13972,606.91
13973,420.63
13974,179.18
13975,127.25
13976,395.63
13977,566.26
13978,320.31
13979,204.66
13980,374.26
13981,526.64
13982,242.01
13983,500.98
13984,361.59
13985,501.95
13986,328.21
13987,85.52
13988,88.57
13989,767.36
13990,478.44
13991,122.88
13992,572.19
13993,613.4
13994,402.54
13995,770.88
13996,182.08
13997,119.41
13998,332.15
13999,335.82
14000,116.64
14001,228.7
14002,207.58
14003,376.75
14004,316.1
14005,545.68
14006,233.28
14007,330.15
14008,574.6
14009,763.35
14010,156.74
14011,674.84
14012,203.61
14013,183.16
14014,597.4
14015,445.18
14016,502.4
14017,136.88
14018,143.78
14019,523.38
14020,324.11
14021,193.58
14022,688.43
14023,660.23
14024,536.28
14025,175.39
14026,169.08
14027,478.03
14028,109.64
14029,269.93
14030,255.13
14031,486.12
14032,392.8
14033,241.11
14034,494.96
14035,557.25
14036,531.39
14037,309.28
14038,341.13
14039,517.09
14040,643.99
14041,195.47
14042,521.79
14043,210.97
14044,403.93
14045,546.01
14046,326.58
14047,613.8
14048,85.55
14049,164.98
14050,397.23
14051,161.57
14052,288.19
14053,276.14
14054,76.7
14055,612.79
14056,131.61
14057,580.97
14058,490.47
14059,442.52
14060,356.7
14061,472.05
14062,105.55
14063,196.0
14064,304.74
14065,403.33
14066,257.06
14067,441.19
14068,200.79
14069,156.04
14070,618.08
14071,128.43
14072,573.72
14073,337.58
14074,610.78
14075,387.96
14076,93.7
14077,229.28
14078,445.23
14079,433.97
14080,432.03
14081,118.02
14082,260.89
14083,672.8
14084,505.16
14085,479.95
14086,436.32
14087,550.74
14088,430.07
14089,211.82
14090,576.48
14091,270.38
14092,650.91
14093,397.51
14094,66.64
14095,543.12
14096,366.0
14097,248.7
14098,336.89
14099,239.31
14100,489.15
14101,282.67
14102,385.19
14103,211.12
14104,204.58
14105,113.6
14106,760.9
14107,267.84
14108,397.75
14109,371.45
14110,125.35
14111,517.57
14112,237.79
14113,173.01
14114,648.0
14115,373.51
14116,224.81
14117,666.95
14118,534.26
14119,84.34
14120,574.31
14121,202.02
14122,323.1
14123,436.6
14124,654.54
14125,419.11
14126,496.03
14127,160.16
14128,118.74
14129,260.3
14130,329.15
14131,306.27
14132,347.3
14133,297.19
14134,555.22
14135,442.77
14136,477.61
14137,472.09
14138,564.0
14139,195.92
14140,213.78
14141,666.12
14142,492.41
14143,596.47
14144,610.16
14145,387.38
14146,364.87
14147,141.77
14148,224.27
14149,399.42
14150,272.94
14151,584.08
14152,314.36
14153,309.76
14154,82.03
14155,343.29
14156,330.62
14157,545.38
14158,181.59
14159,643.86
14160,811.49
14161,608.91
14162,245.82
14163,187.71
14164,674.58
14165,269.09
14166,785.14
14167,479.43
14168,154.69
14169,533.99
14170,589.79
14171,587.68
14172,535.35
14173,391.58
14174,376.6
14175,189.01
14176,503.36
14177,708.27
14178,574.18
14179,233.89
14180,584.81
14181,339.15
14182,617.51
14183,616.01
14184,327.68
14185,436.34
14186,245.16
14187,589.39
14188,603.43
14189,640.45
14190,293.15
14191,141.05
14192,491.14
14193,418.56
14194,271.12
14195,237.84
14196,331.03
14197,382.02
14198,671.72
14199,688.77
14200,478.85
14201,396.46
14202,142.59
14203,232.38
14204,267.81
14205,328.92
14206,256.32
14207,79.47
14208,495.04
14209,405.47
14210,533.1
14211,591.45
14212,145.11
14213,436.27
14214,258.03
14215,344.28
14216,280.79
14217,91.26
14218,185.84
14219,658.01
14220,275.5
14221,255.3
14222,257.84
14223,367.15
14224,737.62
14225,396.34
14226,668.3
14227,320.76
14228,743.99
14229,367.32
14230,152.16
14231,88.5
14232,260.94
14233,642.58
14234,293.57
14235,722.55
14236,452.55
14237,432.99
14238,192.77
14239,67.2
14240,237.49
14241,392.05
14242,617.83
14243,85.7
14244,552.21
14245,504.5
14246,510.95
14247,134.06
14248,452.17
14249,198.53
14250,250.71
14251,392.13
14252,466.71
14253,347.35
14254,245.21
14255,294.04
14256,466.12
14257,145.6
14258,233.86
14259,286.57
14260,621.02
14261,590.17
14262,668.37
14263,185.67
14264,372.11
14265,536.74
14266,448.16
14267,572.48
14268,363.97
14269,625.69
14270,93.9
14271,513.24
14272,283.53
14273,162.48
14274,318.85
14275,361.28
14276,673.24
14277,771.13
14278,197.34
14279,361.16
14280,264.52
14281,469.75
14282,144.24
14283,568.76
14284,677.68
14285,655.39
14286,434.02
14287,571.97
14288,571.06
14289,160.44
14290,132.52
14291,589.0
14292,669.66
14293,495.63
14294,431.38
14295,513.15
14296,475.93
14297,324.02
14298,244.21
14299,341.27
14300,613.26
14301,300.53
14302,286.01
14303,594.62
14304,417.99
14305,254.74
14306,357.52
14307,407.43
14308,216.15
14309,451.44
14310,424.45
14311,468.92
14312,651.22
14313,580.22
14314,343.82
14315,472.01
14316,138.05
14317,566.8
14318,685.08
14319,175.86
14320,472.83
14321,603.34
14322,409.79
14323,460.93
14324,267.53
14325,400.16
14326,506.68
14327,503.82
14328,259.66
14329,614.88
14330,466.94
14331,119.9
14332,718.96
14333,118.91
14334,338.22
14335,445.27
14336,401.05
14337,125.81
14338,363.87
14339,590.93
14340,562.62
14341,581.57
14342,524.36
14343,98.74
14344,440.43
14345,660.05
14346,501.53
14347,472.66
14348,390.88
14349,531.29
14350,266.0
14351,642.69
14352,278.58
14353,365.07
14354,140.57
14355,480.95
14356,116.17
14357,282.98
14358,166.7
14359,552.31
14360,397.9
14361,197.37
14362,403.96
14363,455.88
14364,571.75
14365,132.7
14366,434.97
14367,442.19
14368,178.97
14369,134.72
14370,521.17
14371,489.58
14372,187.7
14373,429.64
14374,562.89
14375,145.45
14376,585.82
14377,536.49
14378,337.44
14379,215.74
14380,162.1
14381,661.96
14382,466.9
14383,633.18
14384,335.03
14385,166.42
14386,703.03
14387,264.38
14388,448.02
14389,573.62
14390,368.66
14391,165.68
14392,195.66
14393,371.33
14394,507.23
14395,101.49
14396,153.59
14397,544.06
14398,358.01
14399,74.86
14400,198.2
14401,435.71
14402,690.19
14403,576.98
14404,128.79
14405,472.32
14406,492.68
14407,437.99
14408,421.16
14409,601.97
14410,643.69
14411,313.46
14412,106.24
14413,273.61
14414,165.99
14415,639.45
14416,778.89
14417,149.24
14418,551.54
14419,566.38
14420,258.31
14421,274.26
14422,175.03
14423,435.33
14424,680.37
14425,140.56
14426,613.89
14427,276.66
14428,323.38
14429,74.82
14430,176.15
14431,417.98
14432,380.7
14433,684.86
14434,465.65
14435,174.71
14436,333.7
14437,405.88
14438,791.47
14439,194.17
14440,544.02
14441,408.92
14442,132.45
14443,349.57
14444,633.89
14445,357.76
14446,152.98
14447,463.92
14448,416.78
14449,126.63
14450,95.98
14451,379.66
14452,585.76
14453,186.23
14454,176.62
14455,181.2
14456,133.7
14457,358.57
14458,166.43
14459,168.93
14460,140.36
14461,288.51
14462,793.43
14463,155.13
14464,779.65
14465,240.36
14466,468.42
14467,659.98
14468,196.68
14469,432.35
14470,297.42
14471,189.54
14472,610.33
14473,464.34
14474,355.1
14475,320.0
14476,490.96
14477,304.59
14478,526.4
14479,700.11
14480,400.45
14481,183.27
14482,529.18
14483,358.67
14484,543.91
14485,704.52
14486,150.99
14487,180.53
14488,110.54
14489,280.54
14490,171.07
14491,420.01
14492,218.03
14493,293.13
14494,330.19
14495,375.93
14496,497.66
14497,257.77
14498,589.77
14499,105.67
14500,452.67
14501,672.72
14502,124.59
14503,160.64
14504,374.66
14505,505.2
14506,670.94
14507,529.87
14508,501.45
14509,439.96
14510,363.03
14511,239.33
14512,100.43
14513,160.75
14514,117.07
14515,704.43
14516,498.24
14517,421.1
14518,483.83
14519,689.2
14520,497.62
14521,131.42
14522,480.79
14523,213.33
14524,777.65
14525,104.34
14526,287.44
14527,310.61
14528,142.54
14529,80.44
14530,618.44
14531,324.03
14532,375.9
14533,382.43
14534,593.75
14535,316.87
14536,445.7
14537,80.27
14538,600.45
14539,518.75
14540,336.03
14541,420.0
14542,617.73
14543,314.44
14544,212.55
14545,364.91
14546,303.02
14547,539.04
14548,111.95
14549,293.73
14550,270.33
14551,100.77
14552,716.51
14553,264.45
14554,305.03
14555,331.33
14556,96.65
14557,584.97
14558,615.36
14559,382.54
14560,117.48
14561,239.99
14562,530.45
14563,315.28
14564,662.09
14565,119.03
14566,110.96
14567,215.57
14568,414.36
14569,369.47
14570,890.28
14571,484.78
14572,222.68
14573,248.89
14574,96.63
14575,149.72
14576,701.94
14577,408.33
14578,129.73
14579,200.7
14580,128.74
14581,77.57
14582,360.84
14583,601.16
14584,659.97
14585,326.33
14586,614.74
14587,459.48
14588,163.33
14589,287.42
14590,310.55
14591,443.33
14592,360.0
14593,94.09
14594,253.31
14595,405.45
14596,489.55
14597,322.91
14598,376.27
14599,422.2
14600,240.53
14601,180.52
14602,196.66
14603,339.72
14604,219.25
14605,322.94
14606,300.69
14607,388.29
14608,239.3
14609,452.05
14610,323.6
14611,338.75
14612,220.59
14613,532.84
14614,107.25
14615,529.94
14616,469.61
14617,547.27
14618,746.3
14619,256.83
14620,598.9
14621,151.51
14622,584.36
14623,242.05
14624,436.57
14625,376.74
14626,206.38
14627,376.84
14628,620.73
14629,434.24
14630,359.6
14631,568.31
14632,321.58
14633,254.27
14634,81.92
14635,335.62
14636,452.43
14637,711.9
14638,311.4
14639,250.54
14640,214.95
14641,452.43
14642,143.26
14643,739.3
14644,132.25
14645,563.65
14646,455.54
14647,263.54
14648,175.25
14649,364.51
14650,433.66
14651,647.71
14652,463.35
14653,262.81
14654,471.12
14655,615.46
14656,589.73
14657,370.53
14658,147.62
14659,329.61
14660,156.63
14661,389.56
14662,255.42
14663,536.28
14664,361.92
14665,555.08
14666,427.0
14667,629.68
14668,322.87
14669,159.07
14670,409.49
14671,463.22
14672,498.52
14673,738.77
14674,476.64
14675,374.5
14676,689.22
14677,174.19
14678,555.52
14679,310.19
14680,265.55
14681,258.72
14682,662.61
14683,130.28
14684,567.84
14685,550.08
14686,473.33
14687,116.96
14688,380.74
14689,589.52
14690,136.28
14691,417.41
14692,478.03
14693,590.82
14694,477.75
14695,257.53
14696,796.4
14697,658.8
14698,608.55
14699,454.27
14700,113.65
14701,295.18
14702,426.08
14703,329.49
14704,420.44
14705,415.79
14706,461.14
14707,420.97
14708,110.75
14709,157.3
14710,818.63
14711,151.56
14712,162.64
14713,369.6
14714,356.33
14715,728.91
14716,276.59
14717,178.55
14718,235.95
14719,402.91
14720,339.71
14721,419.94
14722,395.24
14723,332.31
14724,542.93
14725,79.09
14726,191.86
14727,491.61
14728,222.43
14729,448.78
14730,397.65
14731,231.68
14732,270.86
14733,218.81
14734,441.03
14735,172.32
14736,661.95
14737,710.73
14738,198.31
14739,433.7
14740,174.37
14741,445.88
14742,281.84
14743,192.44
14744,562.35
14745,686.56
14746,277.53
14747,540.41
14748,686.61
14749,573.79
14750,617.47
14751,636.13
14752,527.42
14753,634.42
14754,403.52
14755,261.6
14756,669.96
14757,310.79
14758,190.18
14759,612.68
14760,607.44
14761,497.27
14762,285.46
14763,373.94
14764,624.1
14765,338.79
14766,367.61
14767,209.62
14768,298.36
14769,213.23
14770,261.16
14771,102.95
14772,435.24
14773,277.68
14774,221.21
14775,458.4
14776,448.84
14777,186.86
14778,320.73
14779,486.83
14780,243.58
14781,173.76
14782,494.11
14783,650.4
14784,739.49
14785,318.93
14786,232.15
14787,356.18
14788,393.5
14789,388.87
14790,704.26
14791,657.59
14792,518.85
14793,402.51
14794,756.23
14795,262.97
14796,608.42
14797,301.23
14798,590.71
14799,126.73
14800,183.75
14801,388.25
14802,303.61
14803,224.47
14804,175.63
14805,711.82
14806,480.54
14807,292.75
14808,192.39
14809,753.58
14810,363.57
14811,467.5
14812,277.67
14813,470.8
14814,302.73
14815,220.64
14816,687.14
14817,600.0
14818,598.35
14819,357.79
14820,549.02
14821,133.79
14822,306.19
14823,532.88
14824,334.51
14825,409.27
14826,128.82
14827,727.1
14828,505.8
14829,171.69
14830,89.48
14831,326.79
14832,584.21
14833,224.01
14834,100.59
14835,661.55
14836,425.66
14837,380.39
14838,152.07
14839,326.72
14840,102.99
14841,290.22
14842,367.26
14843,354.86
14844,238.68
14845,225.71
14846,312.85
14847,434.76
14848,263.07
14849,245.62
14850,524.06
14851,271.84
14852,267.06
14853,191.15
14854,305.01
14855,802.66
14856,179.3
14857,650.31
14858,542.81
14859,533.77
14860,732.19
14861,183.97
14862,629.42
14863,871.34
14864,521.37
14865,584.29
14866,431.3
14867,705.81
14868,456.11
14869,465.72
14870,629.69
14871,205.88
14872,498.12
14873,478.31
14874,329.19
14875,240.12
14876,558.3
14877,304.39
14878,294.04
14879,823.7
14880,160.0
14881,308.04
14882,190.93
14883,403.0
14884,115.32
14885,468.53
14886,226.47
14887,232.89
14888,278.45
14889,245.94
14890,624.61
14891,276.93
14892,507.64
14893,559.63
14894,356.63
14895,438.37
14896,611.38
14897,613.81
14898,195.19
14899,333.59
14900,371.72
14901,475.44
14902,238.09
14903,105.2
14904,313.95
14905,369.09
14906,391.63
14907,497.41
14908,604.06
14909,310.08
14910,643.61
14911,578.75
14912,115.04
14913,636.54
14914,152.94
14915,170.44
14916,178.37
14917,467.08
14918,322.85
14919,189.15
14920,111.99
14921,212.34
14922,590.0
14923,244.38
14924,683.74
14925,175.41
14926,625.77
14927,665.23
14928,669.23
14929,408.01
14930,203.16
14931,177.1
14932,335.3
14933,596.17
14934,172.24
14935,624.25
14936,625.56
14937,114.16
14938,161.81
14939,860.2
14940,419.31
14941,644.42
14942,255.42
14943,224.56
14944,582.93
14945,201.9
14946,190.43
14947,313.19
14948,585.61
14949,145.26
14950,313.58
14951,371.63
14952,568.44
14953,445.86
14954,321.6
14955,676.83
14956,100.46
14957,569.44
14958,285.13
14959,186.84
14960,176.84
14961,236.94
14962,462.61
14963,525.97
14964,353.48
14965,632.39
14966,378.71
14967,476.33
14968,306.06
14969,424.97
14970,82.78
14971,651.89
14972,418.32
14973,286.27
14974,273.17
14975,114.96
14976,152.15
14977,149.1
14978,537.0
14979,136.14
14980,278.36
14981,304.83
14982,466.87
14983,302.53
14984,114.88
14985,326.69
14986,647.03
14987,270.79
14988,78.86
14989,215.12
14990,590.51
14991,420.09
14992,675.71
14993,211.26
14994,265.52
14995,188.94
14996,409.55
14997,347.12
14998,579.75
14999,284.25
15000,716.14
