User_ID,Gender,Age,Height,Weight,Duration,Heart_Rate,Body_Temp
1,male,69,168.1,79.4,77,155,41.2
2,female,21,159.3,48.0,114,153,39.0
3,male,51,170.9,83.9,39,160,37.8
4,male,22,160.7,53.3,59,89,40.7
5,male,50,167.0,89.2,56,179,39.3
6,female,22,151.7,42.4,99,96,37.9
7,male,55,185.8,93.9,49,168,40.1
8,male,51,179.9,87.2,51,83,41.4
9,male,43,181.3,69.1,97,174,37.4
10,female,18,162.6,66.4,55,124,39.0
11,male,21,176.3,81.2,33,150,39.3
12,male,56,186.7,92.6,72,147,40.0
13,male,43,170.1,98.6,108,75,38.0
14,male,50,175.9,78.5,54,150,37.8
15,female,50,170.4,60.0,18,148,40.3
16,male,25,164.4,92.4,32,111,40.0
17,female,37,161.0,41.8,62,144,38.1
18,female,33,162.7,71.4,37,173,37.3
19,female,38,169.4,58.1,108,107,40.6
20,male,62,185.1,73.0,76,139,40.1
21,female,43,160.4,72.4,55,175,41.0
22,male,40,175.3,90.3,5,70,37.3
23,female,35,152.0,72.1,72,169,39.2
24,female,48,164.6,70.3,33,125,37.7
25,female,69,162.4,69.8,39,131,40.0
26,female,59,159.9,70.7,22,126,38.1
27,female,29,156.0,66.7,106,182,38.2
28,female,18,156.7,58.8,119,83,40.2
29,female,59,167.3,53.2,48,170,40.7
30,female,26,169.2,69.2,59,138,41.1
31,male,20,183.5,112.6,118,96,37.4
32,male,68,186.5,83.0,40,149,40.6
33,female,43,157.0,66.5,108,95,41.4
34,female,26,169.6,51.8,23,134,37.2
35,female,59,163.2,60.5,53,174,41.1
36,male,68,202.4,79.7,25,165,41.3
37,female,33,165.5,53.4,57,68,37.9
38,male,41,164.5,78.8,84,173,38.4
39,male,67,170.3,64.5,74,99,38.3
40,male,31,180.0,77.0,94,77,41.3
41,male,20,162.2,86.6,5,103,37.1
42,male,51,176.4,61.5,86,140,39.5
43,female,50,160.1,45.6,111,171,39.6
44,female,67,155.1,55.5,5,151,39.9
45,female,41,154.5,57.9,31,122,38.0
46,female,26,157.6,70.5,23,67,39.1
47,female,30,174.8,71.1,103,178,38.9
48,male,19,182.4,67.5,94,81,38.8
49,female,24,159.3,72.4,56,122,38.5
50,female,65,170.6,90.6,83,150,41.2
51,male,38,161.2,69.4,74,110,39.9
52,female,36,172.5,62.7,67,93,40.4
53,male,42,165.7,76.7,99,155,38.4
54,female,64,170.2,68.2,102,171,37.0
55,male,39,175.0,57.6,117,181,41.3
56,female,28,167.9,60.0,114,71,40.9
57,female,50,163.1,61.1,85,115,39.1
58,male,49,173.6,74.5,71,132,38.7
59,male,38,185.4,69.0,111,171,39.0
60,male,56,162.4,93.2,88,128,38.2
61,male,37,170.8,104.6,6,75,39.8
62,male,25,175.8,59.4,41,161,41.4
63,male,59,167.7,68.9,57,99,37.3
64,male,54,171.6,67.9,77,123,40.6
65,male,26,173.3,76.6,91,92,37.3
66,female,42,149.8,71.3,101,146,40.9
67,female,42,168.1,61.6,115,70,37.7
68,male,50,178.0,78.2,43,151,39.2
69,female,19,147.3,63.3,35,162,39.3
70,female,36,168.4,62.1,23,80,39.8
71,female,63,153.0,67.7,46,151,39.7
72,female,37,149.2,86.2,55,99,40.2
73,male,59,172.4,87.1,72,70,40.8
74,female,58,156.0,65.9,115,152,37.2
75,male,59,184.3,80.2,38,79,40.3
76,female,46,169.9,59.9,58,178,37.2
77,female,23,160.9,61.0,62,73,40.6
78,female,34,161.7,74.9,19,110,40.6
79,male,42,173.4,86.7,33,72,37.9
80,female,55,165.4,56.1,111,97,37.9
81,male,21,171.2,91.3,61,90,37.4
82,female,47,163.8,52.9,118,81,38.1
83,male,37,185.7,60.5,10,159,39.2
84,female,20,165.5,63.0,50,75,38.7
85,male,40,176.1,89.1,109,90,38.0
86,male,68,163.4,77.9,75,132,39.8
87,female,35,160.3,62.7,31,136,39.4
88,male,43,173.1,82.9,93,152,37.6
89,female,53,164.7,69.3,5,151,38.4
90,female,25,169.8,68.3,77,142,41.2
91,female,34,155.4,61.5,26,103,40.0
92,female,48,163.7,69.7,26,171,41.3
93,female,54,145.4,67.0,57,147,39.1
94,female,62,161.1,77.9,70,130,37.1
95,female,50,170.5,54.2,74,132,40.6
96,female,44,157.9,62.1,117,172,37.4
97,female,62,164.2,75.0,97,116,41.2
98,female,21,159.3,70.4,69,183,38.4
99,female,39,157.0,42.0,59,177,40.0
100,male,43,178.2,66.8,85,75,40.8
101,male,49,188.7,66.3,115,160,39.1
102,female,41,165.1,81.4,100,147,38.9
103,female,63,165.2,60.7,48,153,37.8
104,female,52,157.0,71.5,41,114,40.3
105,female,54,164.1,65.8,42,116,38.5
106,female,49,156.5,70.8,72,114,39.8
107,female,24,166.7,75.7,9,126,38.1
108,female,50,153.8,74.4,118,119,40.3
109,female,48,160.6,74.1,27,97,40.1
110,male,29,163.0,65.0,64,117,37.0
111,female,28,170.8,63.5,46,77,37.5
112,male,41,175.5,74.5,85,121,37.4
113,female,25,169.7,69.8,102,169,37.2
114,female,49,166.9,70.9,28,116,37.3
115,male,55,160.1,79.1,46,67,38.5
116,female,39,160.7,77.0,118,79,40.4
117,male,51,171.1,68.2,117,158,39.4
118,female,36,160.5,57.5,52,164,37.5
119,female,69,150.9,67.0,102,139,37.2
120,male,37,164.1,79.7,103,132,37.5
121,female,31,166.2,79.2,10,170,38.7
122,male,50,182.3,77.1,106,171,38.4
123,female,27,156.8,61.4,71,92,40.2
124,male,33,166.1,89.2,114,103,39.8
125,male,21,180.5,75.5,20,177,40.9
126,female,44,174.7,62.9,33,120,41.3
127,female,45,161.5,52.6,78,94,37.0
128,male,60,178.2,71.9,62,112,38.0
129,female,33,166.5,75.8,97,118,37.4
130,female,69,173.9,65.7,99,130,38.4
131,female,50,158.4,76.4,7,176,39.7
132,male,65,168.4,57.2,107,142,38.2
133,male,36,186.0,84.1,114,128,37.9
134,male,38,175.1,39.3,26,183,38.7
135,male,39,179.5,95.6,115,121,37.1
136,male,26,187.1,92.4,69,119,41.4
137,male,26,156.1,69.1,35,147,41.4
138,male,26,185.2,99.1,9,159,37.6
139,male,44,175.4,104.7,95,161,37.9
140,male,34,178.5,76.7,42,124,39.5
141,female,61,167.6,62.2,24,138,38.4
142,male,62,169.0,81.6,69,132,37.1
143,female,25,154.1,70.8,111,168,37.2
144,female,33,167.2,74.3,91,100,40.0
145,female,35,158.6,53.3,68,93,37.9
146,male,50,185.1,91.0,72,106,39.4
147,male,18,173.5,89.8,34,182,38.2
148,male,29,170.2,79.5,72,113,39.4
149,male,23,168.8,96.7,11,141,41.5
150,female,58,167.8,61.8,65,80,40.1
151,male,22,158.6,81.4,96,174,38.6
152,male,33,169.2,88.4,109,159,41.3
153,male,35,170.5,79.3,56,166,37.2
154,male,66,173.6,80.6,35,97,37.8
155,male,35,176.1,70.6,21,177,39.2
156,female,18,152.7,88.4,82,75,38.3
157,male,36,174.9,74.3,23,115,40.2
158,female,25,163.4,63.8,11,126,37.2
159,male,20,159.3,102.9,115,154,38.2
160,female,42,162.0,55.2,27,132,40.9
161,male,22,167.2,87.3,70,98,38.8
162,male,57,178.7,80.3,58,102,37.9
163,female,36,178.3,62.6,80,175,39.3
164,female,35,168.3,70.0,116,123,38.6
165,female,67,156.5,69.5,47,165,38.3
166,male,48,173.9,79.4,15,136,40.8
167,female,50,165.3,64.0,33,107,40.8
168,male,64,169.0,74.5,39,114,38.9
169,male,35,162.9,104.3,65,167,39.7
170,female,56,157.3,54.7,32,94,40.2
171,female,33,152.4,50.3,62,84,40.2
172,male,33,165.0,75.3,100,144,38.5
173,male,64,168.4,84.9,11,79,40.0
174,female,55,163.0,53.6,21,68,41.1
175,female,58,157.6,52.7,70,164,37.2
176,female,24,158.6,52.6,26,91,37.3
177,male,31,172.2,79.4,32,100,40.8
178,male,60,157.0,79.1,61,98,39.7
179,male,65,173.5,72.2,6,147,37.1
180,male,42,173.8,95.4,96,168,40.4
181,male,49,173.2,86.9,88,174,37.5
182,male,55,170.0,81.6,65,112,40.8
183,female,39,158.6,57.4,79,122,39.2
184,male,33,175.5,100.8,49,85,38.3
185,male,69,174.8,66.1,25,106,39.8
186,male,46,178.3,74.0,86,117,37.8
187,female,33,168.5,47.7,60,85,39.4
188,male,29,171.1,83.6,64,183,39.2
189,male,34,186.0,87.9,99,89,38.1
190,female,54,161.4,73.1,71,145,40.0
191,male,44,181.6,71.8,40,146,38.6
192,male,42,184.8,85.4,45,184,40.8
193,male,30,179.2,72.0,110,168,37.4
194,male,25,182.4,75.2,23,125,40.5
195,male,22,162.4,82.1,52,171,39.0
196,female,29,159.5,83.1,11,91,38.4
197,female,58,156.7,93.2,98,68,41.2
198,female,20,169.7,85.1,79,124,37.9
199,male,52,182.4,80.5,15,159,38.9
200,male,50,170.0,97.1,85,83,39.1
201,male,39,178.0,88.7,65,81,38.3
202,female,67,165.4,58.9,100,125,37.4
203,male,61,178.6,76.1,119,98,41.1
204,male,26,166.8,101.1,8,163,41.0
205,female,58,154.4,70.3,60,115,39.8
206,male,35,173.2,76.7,10,81,38.5
207,female,67,161.6,64.6,66,148,39.8
208,female,46,163.7,70.2,119,144,41.3
209,female,56,160.2,74.5,34,133,41.0
210,male,44,184.4,83.0,63,162,37.7
211,male,53,166.6,76.1,47,184,40.7
212,male,62,167.2,82.3,109,103,40.6
213,male,34,174.6,64.2,65,135,41.1
214,male,51,168.8,77.7,114,137,37.2
215,male,63,167.9,100.4,60,78,40.4
216,male,20,175.8,87.9,62,80,39.5
217,female,22,169.5,72.3,63,172,39.4
218,male,31,166.9,92.2,81,88,38.6
219,female,20,161.4,65.7,69,114,40.5
220,male,40,178.7,102.9,64,136,38.9
221,male,56,169.0,58.7,57,175,38.6
222,male,47,178.3,84.0,15,90,41.3
223,female,67,157.5,51.3,84,81,39.1
224,female,62,171.6,72.8,113,90,40.6
225,female,40,162.4,75.7,53,108,37.6
226,female,44,174.2,71.0,46,107,40.3
227,male,27,158.7,94.9,93,172,40.0
228,female,42,163.7,64.6,114,121,39.3
229,male,30,176.3,78.9,66,170,37.6
230,male,33,177.6,65.4,70,67,37.5
231,female,58,163.1,75.4,95,135,40.0
232,female,51,164.4,50.7,116,133,40.9
233,female,54,154.5,56.2,24,84,39.6
234,female,39,157.9,69.3,98,166,39.1
235,female,34,166.9,51.6,21,104,39.3
236,female,40,153.3,74.2,93,69,37.7
237,female,53,163.9,62.2,48,126,37.2
238,female,66,171.7,72.1,20,89,40.7
239,male,26,171.7,87.9,62,73,40.8
240,female,69,165.3,64.0,25,184,40.4
241,female,19,148.9,54.1,57,173,40.5
242,male,49,183.3,69.3,86,78,38.0
243,female,67,177.4,63.8,14,75,37.5
244,male,39,178.2,76.9,114,82,37.7
245,male,60,164.9,80.6,10,174,39.9
246,female,30,158.7,58.6,21,149,38.8
247,male,25,152.4,90.8,16,184,37.1
248,male,18,181.7,84.7,46,70,41.3
249,male,34,182.5,79.3,64,67,38.0
250,male,29,171.5,80.5,37,138,37.0
251,female,21,157.3,50.4,40,85,38.7
252,male,30,174.5,79.3,98,125,38.0
253,female,48,156.8,71.4,27,137,38.7
254,male,58,177.7,65.6,7,105,41.2
255,male,24,200.5,81.7,77,124,39.8
256,male,40,185.8,74.0,71,146,39.9
257,male,41,180.6,86.3,66,98,41.0
258,female,22,166.4,60.9,50,178,37.5
259,female,22,164.0,73.9,13,142,37.5
260,male,34,168.5,91.8,87,131,40.8
261,male,47,181.6,63.1,26,165,37.7
262,female,26,163.9,71.9,82,156,40.3
263,male,23,166.0,53.8,54,170,37.9
264,male,42,175.6,97.4,99,142,39.1
265,male,36,168.2,82.4,116,151,38.7
266,female,33,164.2,78.3,102,140,37.5
267,female,38,165.5,58.6,58,115,40.0
268,female,19,161.7,59.7,57,145,40.8
269,male,27,181.0,78.0,91,100,37.4
270,male,33,174.6,82.3,37,167,38.6
271,female,54,159.8,73.0,45,173,37.1
272,female,32,161.0,54.8,96,99,38.1
273,female,30,163.6,62.1,25,127,38.2
274,female,30,154.5,74.8,30,184,40.7
275,male,49,177.1,76.1,14,123,40.4
276,female,62,162.6,59.1,68,180,40.7
277,male,64,179.6,78.7,27,138,37.4
278,female,63,160.9,47.0,71,171,37.6
279,male,25,180.1,69.0,14,78,38.4
280,female,60,169.4,76.6,113,153,40.3
281,female,35,157.1,73.6,108,147,37.1
282,female,53,172.6,64.5,5,126,37.7
283,female,43,175.3,65.2,32,85,39.2
284,male,27,183.0,73.5,81,105,37.1
285,female,48,159.2,78.7,43,124,37.5
286,male,50,178.2,96.5,115,121,38.4
287,male,46,172.2,73.5,111,158,38.1
288,male,22,167.0,89.1,82,167,38.6
289,male,30,177.8,82.4,62,76,40.4
290,female,18,172.2,78.8,42,121,38.0
291,male,40,191.9,80.1,69,104,39.8
292,male,57,170.0,95.6,6,74,41.0
293,male,20,186.5,77.9,74,126,38.4
294,female,20,163.2,84.4,22,77,37.2
295,female,24,153.3,81.0,56,184,39.8
296,female,53,156.4,57.3,58,126,40.2
297,female,52,153.5,66.9,22,131,39.1
298,male,32,175.3,62.1,26,163,38.9
299,male,57,177.1,76.2,51,106,40.4
300,female,20,164.3,61.0,80,162,38.9
301,male,46,168.4,101.8,79,129,37.0
302,male,47,181.1,99.3,77,131,41.0
303,male,56,173.2,81.0,115,110,38.1
304,female,35,154.0,73.7,32,154,39.7
305,female,28,157.6,45.3,46,158,39.5
306,male,60,177.1,62.9,43,174,39.3
307,female,66,151.4,59.5,23,132,38.1
308,female,55,162.9,81.2,24,180,40.3
309,female,57,167.9,68.3,72,101,38.1
310,female,18,169.7,57.1,31,122,41.2
311,female,46,159.7,79.5,69,136,39.5
312,male,27,176.9,59.8,95,126,40.5
313,female,45,165.5,66.3,50,111,40.4
314,male,48,179.3,76.2,109,174,41.4
315,male,36,180.7,86.7,68,167,39.4
316,female,20,166.0,79.5,68,182,37.2
317,male,53,182.1,69.5,61,165,37.4
318,male,60,173.7,66.3,54,95,38.6
319,male,32,166.0,97.6,96,94,38.6
320,female,50,158.2,52.4,103,90,38.0
321,female,58,165.5,68.1,107,123,41.2
322,male,60,171.2,90.9,5,144,39.1
323,female,68,162.9,68.1,115,150,41.1
324,female,62,163.7,48.0,7,160,37.2
325,female,43,164.0,59.8,8,174,38.6
326,female,33,184.1,55.2,31,171,38.6
327,male,53,178.6,97.4,41,77,37.2
328,male,50,171.0,80.8,27,89,39.9
329,female,37,166.7,69.7,31,120,37.6
330,female,30,158.2,59.7,93,120,38.6
331,male,50,171.5,81.7,86,118,41.4
332,male,22,168.0,66.5,106,142,41.2
333,female,54,169.1,74.2,6,129,38.2
334,male,31,172.0,58.5,14,145,38.4
335,female,44,164.1,74.2,48,117,39.4
336,female,40,161.0,57.3,102,104,38.3
337,male,31,164.0,89.3,94,144,40.3
338,male,57,180.0,81.3,31,85,39.6
339,female,21,156.8,83.7,100,167,39.1
340,female,56,159.8,53.1,41,178,41.3
341,male,69,180.1,69.0,79,173,38.0
342,female,36,162.1,51.3,53,91,40.9
343,male,64,188.7,61.6,33,135,40.3
344,female,21,166.8,58.8,81,127,37.9
345,male,47,178.5,90.9,12,181,37.8
346,male,36,182.2,82.5,92,92,39.6
347,male,48,167.9,80.5,64,159,37.4
348,female,48,159.0,65.8,97,170,39.2
349,female,26,155.3,60.8,69,163,38.5
350,male,30,172.1,80.7,81,161,40.8
351,female,31,163.5,54.9,58,157,39.7
352,male,63,178.2,104.7,29,108,39.9
353,male,27,169.8,79.2,105,106,38.5
354,female,65,163.6,63.9,11,103,38.0
355,female,48,171.4,51.8,26,152,39.4
356,male,54,184.0,66.1,101,122,41.3
357,female,40,154.3,69.7,115,170,39.7
358,female,44,161.5,57.8,19,100,37.1
359,male,23,191.8,101.3,7,179,41.3
360,male,43,181.1,72.9,59,117,40.8
361,female,19,160.6,76.8,12,145,41.0
362,male,62,176.4,106.8,107,134,39.0
363,male,30,170.8,98.8,52,161,41.0
364,female,68,164.0,55.0,69,120,38.2
365,male,67,163.0,90.4,80,181,40.6
366,male,36,171.7,84.1,99,112,39.8
367,female,18,152.7,63.5,96,176,41.3
368,female,57,162.4,61.1,87,108,38.3
369,male,49,180.1,74.3,86,154,37.6
370,male,39,179.0,81.5,56,108,40.2
371,female,65,164.7,72.6,81,71,41.4
372,female,46,154.7,65.2,103,180,37.7
373,female,19,145.5,67.5,42,101,37.5
374,female,57,162.3,81.3,26,144,38.9
375,male,55,169.5,66.5,61,130,40.2
376,female,65,154.2,59.2,109,176,39.7
377,female,28,168.8,63.0,109,151,41.2
378,male,34,168.1,87.8,17,173,40.6
379,female,68,167.3,74.4,40,105,39.6
380,male,60,158.3,96.1,58,103,38.6
381,female,25,163.9,64.9,109,160,40.8
382,female,39,169.5,55.8,51,100,39.2
383,female,21,160.6,37.5,51,157,40.9
384,male,28,167.4,108.0,74,72,39.7
385,male,25,175.8,91.8,76,171,40.2
386,female,26,164.7,46.0,92,107,37.2
387,male,43,188.4,78.2,105,79,41.5
388,male,19,179.0,72.8,84,142,40.4
389,male,33,160.3,65.8,87,118,39.6
390,male,48,164.9,100.5,42,70,39.4
391,male,23,175.4,85.7,114,115,39.7
392,male,38,167.6,64.8,52,77,37.2
393,female,43,153.3,63.4,71,140,38.6
394,female,36,179.7,79.0,26,91,37.4
395,male,45,180.8,74.6,104,98,37.8
396,female,25,161.3,64.9,26,115,38.5
397,female,31,171.8,85.2,66,139,40.0
398,female,41,157.8,64.2,91,92,41.2
399,female,65,167.1,59.9,5,135,41.4
400,male,61,176.6,72.8,90,163,40.4
401,female,54,166.2,68.0,67,183,38.2
402,female,43,160.6,53.1,84,99,38.5
403,male,48,162.4,73.5,46,84,38.4
404,male,68,184.9,78.6,114,139,40.8
405,female,49,157.5,74.5,71,149,40.5
406,female,67,163.0,71.6,6,66,37.3
407,female,58,152.1,69.8,65,85,39.2
408,female,19,154.3,55.0,107,155,39.9
409,female,42,163.9,55.0,65,106,37.1
410,female,69,162.1,66.6,14,86,39.7
411,male,61,167.9,97.0,40,153,41.2
412,female,19,162.7,50.5,107,122,37.2
413,female,59,180.6,61.5,61,100,37.8
414,male,18,185.8,73.3,108,159,37.5
415,male,53,182.3,99.9,20,80,38.7
416,male,29,181.4,82.5,17,176,38.7
417,male,26,180.6,62.7,38,101,41.3
418,female,53,162.7,69.1,110,180,40.6
419,female,58,167.8,52.3,26,85,39.9
420,female,45,165.8,57.3,23,157,39.9
421,female,55,161.0,64.9,22,129,40.0
422,female,50,163.8,55.9,52,123,37.8
423,female,59,174.2,61.7,14,184,38.6
424,male,63,169.2,70.9,87,169,39.9
425,female,39,156.1,49.9,31,131,37.2
426,male,42,176.1,88.3,113,173,39.2
427,male,35,177.9,78.4,18,90,40.8
428,female,23,164.0,52.8,16,99,39.5
429,male,35,160.2,87.3,113,73,40.9
430,female,69,153.6,65.4,80,156,40.4
431,male,33,186.5,91.8,90,73,39.4
432,female,32,169.9,71.6,13,141,38.7
433,male,65,179.8,73.6,39,87,40.0
434,female,25,172.0,61.9,113,117,39.2
435,female,30,149.9,76.7,18,113,41.5
436,female,60,166.5,61.1,119,169,39.7
437,female,24,152.5,51.0,28,172,38.1
438,female,34,156.0,46.0,71,102,41.3
439,male,67,178.5,71.0,104,67,38.3
440,male,49,160.7,104.0,116,85,41.0
441,male,39,169.0,82.0,94,171,39.2
442,female,68,156.5,57.3,114,95,40.2
443,male,30,184.3,82.5,50,125,37.9
444,female,64,167.8,73.3,30,109,39.5
445,female,40,169.2,71.3,108,110,37.9
446,male,46,178.0,68.1,50,175,38.1
447,male,39,170.7,73.7,103,79,37.7
448,female,18,160.8,61.1,75,145,39.0
449,male,46,188.4,76.5,33,142,39.3
450,female,65,167.4,56.1,9,80,38.2
451,female,22,167.1,63.9,34,170,39.8
452,female,52,157.1,55.5,16,81,38.2
453,female,27,177.4,68.7,93,90,39.3
454,female,36,175.7,69.8,65,176,40.1
455,male,54,185.3,57.3,18,142,37.3
456,male,24,171.2,71.3,117,109,40.9
457,female,63,165.3,67.3,35,164,38.6
458,female,52,152.2,56.6,47,86,39.3
459,male,62,164.5,86.5,116,131,39.0
460,male,30,179.9,81.7,115,131,41.3
461,female,27,159.0,48.0,80,143,37.9
462,male,19,189.0,57.1,66,132,39.8
463,female,23,146.3,60.0,56,96,40.7
464,male,25,173.2,89.4,71,80,38.9
465,female,53,169.5,55.4,93,124,38.5
466,male,42,172.5,80.3,49,94,37.5
467,female,61,156.4,60.2,27,161,40.2
468,male,64,184.2,82.0,98,101,40.5
469,male,57,176.4,75.5,9,72,38.4
470,female,24,159.4,72.8,62,95,40.5
471,male,63,186.6,93.3,101,158,37.4
472,female,40,162.8,55.2,44,166,38.9
473,male,36,187.5,65.7,16,67,38.2
474,female,63,154.0,70.7,117,148,38.2
475,male,39,178.7,80.6,98,69,41.2
476,female,30,165.0,68.4,21,110,40.5
477,male,38,189.1,89.5,19,107,40.4
478,female,18,162.6,61.8,47,133,39.2
479,male,36,175.3,84.3,71,130,39.8
480,female,50,156.5,64.0,111,115,40.5
481,female,21,153.4,76.2,79,154,38.2
482,female,59,159.5,64.0,18,80,38.3
483,male,20,194.8,87.1,63,104,41.0
484,female,44,161.0,68.7,85,113,38.0
485,male,69,173.3,77.9,100,160,40.1
486,female,58,168.4,76.8,39,180,41.1
487,male,52,172.2,95.9,34,130,41.3
488,female,45,164.6,61.3,73,169,38.4
489,male,23,186.3,75.8,17,155,41.3
490,male,23,175.2,71.2,102,172,37.6
491,female,61,154.6,47.2,25,109,38.1
492,male,40,177.9,73.9,94,143,38.8
493,male,50,169.4,84.0,42,87,40.4
494,female,33,154.9,57.5,60,150,37.4
495,male,41,180.6,74.9,74,148,38.0
496,male,22,186.8,63.3,72,65,39.1
497,male,58,182.3,67.6,86,99,37.3
498,female,59,171.1,62.3,99,157,38.6
499,male,30,169.6,68.0,28,179,39.8
500,female,64,160.3,50.8,77,86,40.5
501,male,29,190.7,105.6,31,93,39.3
502,male,22,169.5,73.9,12,126,39.0
503,male,54,189.4,75.4,94,150,38.5
504,female,48,153.5,58.1,81,75,38.7
505,male,45,168.2,90.3,68,180,39.4
506,male,45,177.4,85.1,61,149,38.8
507,female,47,163.4,50.7,113,181,38.4
508,male,35,182.3,65.4,117,173,39.8
509,female,61,161.0,53.7,9,139,41.5
510,female,44,160.4,78.2,23,150,38.3
511,male,52,169.5,82.7,56,115,37.5
512,female,43,170.9,51.0,115,110,37.7
513,male,56,167.6,88.0,82,171,39.7
514,female,66,154.7,58.0,49,73,39.5
515,female,68,158.1,67.3,41,71,37.5
516,male,35,184.2,83.0,100,68,38.8
517,female,50,172.8,77.3,19,99,40.8
518,female,42,168.0,45.0,62,76,39.2
519,female,48,162.1,56.9,31,170,40.5
520,female,54,175.0,54.2,85,167,37.2
521,female,19,173.2,68.8,102,155,39.2
522,male,50,166.6,86.7,95,165,40.7
523,female,56,160.1,63.2,95,157,39.7
524,male,60,170.3,77.0,12,80,37.5
525,female,60,156.3,51.3,52,114,41.0
526,male,49,157.2,75.1,30,118,37.8
527,male,35,182.6,75.6,106,179,40.2
528,female,34,169.1,46.7,82,141,37.3
529,female,51,167.8,71.3,13,135,39.4
530,female,56,160.9,52.6,80,125,38.4
531,male,24,184.7,70.9,19,158,41.4
532,female,59,152.1,79.2,102,74,41.0
533,male,52,171.4,87.0,113,101,39.0
534,male,47,193.5,100.2,90,103,40.8
535,male,29,169.4,68.8,16,94,38.1
536,female,52,165.5,41.5,93,164,39.3
537,female,28,150.9,56.2,37,110,40.7
538,male,61,178.1,72.6,116,140,40.1
539,male,21,177.3,79.8,110,161,39.0
540,female,42,155.8,57.7,112,111,39.4
541,male,65,177.2,107.2,108,129,38.3
542,female,49,153.9,62.8,8,174,39.5
543,male,37,187.1,53.5,9,87,37.6
544,female,67,164.1,60.3,20,171,40.4
545,male,48,183.2,84.2,57,89,41.5
546,female,21,159.8,58.2,114,166,37.2
547,male,55,180.6,82.8,49,80,40.6
548,female,64,165.4,69.1,72,141,40.8
549,female,18,149.5,75.2,23,99,37.2
550,male,20,160.0,89.5,112,128,39.6
551,male,54,174.4,79.0,17,121,41.0
552,female,39,163.4,74.9,7,137,39.6
553,male,34,169.1,58.4,9,157,39.6
554,female,31,165.8,73.5,19,140,41.5
555,male,58,171.2,75.9,95,113,41.0
556,female,52,170.3,60.3,37,170,39.9
557,female,30,151.7,76.7,88,165,39.3
558,female,52,162.6,63.2,45,99,37.9
559,female,60,177.1,62.4,38,121,40.8
560,female,19,163.8,79.0,21,119,38.3
561,female,64,157.2,45.5,45,132,37.0
562,male,30,174.6,67.0,62,69,37.3
563,male,68,171.6,72.8,11,153,37.9
564,male,33,175.7,89.0,48,92,40.7
565,female,35,169.1,78.7,41,110,41.4
566,female,24,167.1,55.9,48,80,40.2
567,female,62,153.7,56.0,108,148,37.7
568,female,53,162.3,40.3,41,71,40.9
569,male,58,180.7,97.2,19,101,40.6
570,male,47,174.2,98.2,102,81,40.8
571,female,59,153.1,61.7,7,171,37.8
572,male,58,177.7,80.4,70,81,39.3
573,male,24,172.1,73.4,111,182,39.8
574,female,32,159.8,81.1,106,178,40.0
575,male,57,175.3,70.2,102,91,40.1
576,female,36,160.3,60.4,64,85,37.1
577,male,60,168.9,90.8,103,98,41.3
578,female,54,165.5,62.8,67,122,39.6
579,female,19,170.0,64.1,116,113,37.9
580,female,59,161.4,47.8,88,168,40.4
581,female,65,174.2,68.7,118,148,37.2
582,male,30,159.2,80.4,21,170,37.7
583,female,57,159.6,72.8,99,128,38.8
584,female,58,163.7,65.3,85,96,39.5
585,female,60,154.3,47.8,78,173,38.9
586,male,60,169.9,80.8,91,117,38.4
587,female,48,166.0,51.6,34,102,40.3
588,male,33,170.7,69.2,41,86,37.0
589,female,59,160.1,61.8,48,79,40.1
590,male,61,176.4,70.6,70,164,41.3
591,male,23,193.5,65.5,45,114,37.7
592,female,45,151.3,63.5,64,156,40.9
593,male,49,172.5,77.9,74,130,37.8
594,female,61,167.2,63.7,107,128,38.9
595,female,27,164.6,48.1,17,161,41.4
596,female,67,159.7,66.4,109,101,40.5
597,male,35,156.0,82.0,60,86,38.6
598,male,21,170.8,97.8,28,156,38.6
599,female,26,164.4,54.2,7,138,38.4
600,female,24,152.7,72.9,68,144,38.6
601,male,67,168.4,92.5,33,114,41.4
602,female,25,165.7,63.3,20,78,38.5
603,female,60,156.1,60.5,92,115,39.0
604,female,24,162.3,67.0,8,123,38.0
605,male,58,168.6,95.4,75,163,39.9
606,male,57,178.6,68.7,58,155,40.7
607,male,20,171.8,71.3,117,75,38.3
608,female,34,158.3,59.9,24,71,38.0
609,female,19,168.4,50.8,83,104,39.0
610,female,32,167.0,73.5,77,107,40.1
611,male,63,175.9,93.6,61,125,38.8
612,female,46,155.5,44.8,107,98,37.7
613,female,67,165.7,64.9,103,69,37.8
614,female,65,170.4,81.6,71,167,38.3
615,female,69,170.3,67.8,60,88,40.8
616,male,39,174.7,83.8,93,154,39.3
617,male,21,168.6,97.0,68,99,39.6
618,female,69,150.6,74.7,71,174,37.9
619,male,23,187.7,76.5,19,150,39.9
620,male,55,182.6,82.4,79,105,40.8
621,female,43,148.4,60.9,92,132,37.9
622,female,28,177.6,76.0,74,166,37.3
623,male,43,177.3,48.7,25,148,40.0
624,female,34,167.5,74.5,82,165,40.7
625,male,41,172.7,54.1,31,67,40.1
626,female,45,162.5,64.2,81,125,38.9
627,male,52,175.7,59.5,91,164,39.9
628,female,48,155.1,61.5,70,179,41.5
629,male,30,178.5,65.8,113,68,39.8
630,male,52,176.4,86.5,99,134,39.4
631,male,33,177.3,89.2,81,114,39.4
632,female,32,165.3,57.1,20,140,39.1
633,male,60,174.7,57.6,5,129,40.1
634,male,35,181.1,93.5,70,152,40.8
635,female,64,159.5,68.9,100,147,40.2
636,female,54,166.6,60.7,70,132,38.0
637,male,65,184.2,102.0,8,159,38.6
638,male,65,172.5,89.5,70,132,39.7
639,female,66,158.2,69.4,8,148,41.5
640,female,58,159.3,69.6,81,120,37.3
641,female,44,171.8,65.5,49,174,37.8
642,female,52,154.9,77.7,5,100,40.5
643,female,69,168.3,81.3,61,131,37.9
644,male,62,183.2,80.1,71,156,40.0
645,female,52,159.0,42.2,19,118,41.5
646,male,45,188.1,63.3,71,93,39.9
647,male,56,182.2,74.6,101,146,39.2
648,male,55,174.4,77.3,18,138,40.7
649,female,26,161.9,83.2,14,127,40.5
650,male,29,178.8,97.4,91,140,40.2
651,male,32,187.2,85.1,47,141,37.5
652,female,38,161.4,67.2,12,165,39.8
653,male,69,176.2,75.4,5,126,37.1
654,male,52,175.1,63.3,49,151,37.3
655,female,59,167.5,51.3,96,97,37.2
656,male,50,172.0,101.7,79,130,37.5
657,male,68,174.8,82.7,77,94,38.9
658,male,36,186.7,93.4,47,99,41.3
659,female,40,153.8,77.3,15,94,37.3
660,female,30,163.5,50.6,45,84,40.2
661,female,61,161.8,48.1,69,154,39.3
662,male,18,173.4,68.1,44,115,38.2
663,male,68,186.9,77.5,56,162,38.4
664,female,46,163.3,63.4,71,110,37.1
665,male,41,173.8,84.0,91,118,40.2
666,male,33,177.1,63.0,118,177,37.5
667,female,42,166.2,77.0,87,152,37.2
668,female,40,159.0,72.9,49,81,39.1
669,male,45,175.9,71.6,13,162,39.1
670,male,64,175.4,69.0,105,174,39.9
671,male,33,185.2,70.5,74,179,40.2
672,female,60,167.2,55.9,84,148,39.3
673,female,55,165.6,72.8,49,165,40.2
674,female,28,153.6,80.7,87,116,38.1
675,female,20,157.4,61.3,23,70,37.6
676,male,32,187.1,83.9,111,163,41.2
677,female,18,149.3,79.4,108,72,38.7
678,female,24,165.0,68.3,7,155,37.4
679,female,18,162.2,72.0,48,112,40.7
680,female,66,168.9,45.2,17,66,39.8
681,female,49,165.9,80.7,30,73,39.7
682,male,26,176.5,93.3,24,151,37.6
683,male,46,186.7,91.5,68,152,40.4
684,female,43,159.3,56.5,27,150,37.9
685,male,40,176.0,73.3,109,78,37.2
686,female,62,146.9,73.3,115,85,37.7
687,female,60,164.1,40.0,87,140,40.2
688,male,46,175.2,67.0,35,181,40.6
689,male,69,177.4,77.5,74,103,38.1
690,female,55,165.4,50.1,103,164,38.4
691,female,50,151.4,68.7,55,161,37.7
692,female,24,161.4,68.6,10,118,39.0
693,male,29,181.1,69.6,21,181,38.0
694,female,48,163.6,59.0,69,119,41.4
695,female,49,162.1,64.3,96,129,40.5
696,female,37,154.5,73.6,48,87,39.7
697,male,68,181.8,98.8,65,107,40.2
698,female,34,153.4,65.1,99,178,37.8
699,female,53,166.9,67.3,112,183,40.3
700,male,20,171.3,74.8,20,123,38.6
701,female,18,162.6,55.3,72,114,39.1
702,female,67,151.1,64.4,71,131,41.0
703,male,44,174.2,74.1,11,151,41.2
704,female,64,167.4,55.0,64,114,40.5
705,male,57,178.7,91.5,27,180,40.5
706,male,50,179.5,86.6,72,126,40.4
707,female,37,152.0,72.9,24,142,39.8
708,female,31,160.1,77.2,81,137,37.9
709,female,53,156.7,69.5,76,118,39.6
710,female,22,165.7,52.0,40,107,37.3
711,male,40,174.6,78.1,102,184,37.1
712,female,62,172.0,53.5,72,175,40.8
713,male,32,174.6,72.4,30,91,39.4
714,female,23,165.4,61.1,39,111,37.1
715,female,50,159.1,60.1,57,144,38.2
716,female,36,155.3,74.2,24,89,40.1
717,male,30,174.0,60.8,14,92,41.2
718,female,46,171.7,75.7,74,128,40.8
719,female,23,167.9,53.8,98,89,39.0
720,female,32,163.9,65.9,119,95,38.3
721,female,33,156.2,70.1,7,151,38.4
722,male,41,186.3,94.3,88,139,40.3
723,female,40,167.1,58.2,50,110,40.6
724,male,65,159.4,67.2,71,170,38.6
725,male,27,175.7,78.9,84,98,39.8
726,male,58,171.8,69.7,119,76,40.4
727,male,58,151.7,86.9,8,155,40.8
728,male,66,163.4,101.6,110,91,39.9
729,male,34,181.2,94.2,44,118,40.9
730,female,66,165.8,86.1,43,184,38.3
731,male,61,182.2,81.4,21,172,40.1
732,male,62,177.6,98.3,116,109,38.8
733,male,47,174.8,86.3,33,84,41.2
734,female,61,159.7,58.0,8,137,38.0
735,female,63,167.9,67.8,78,136,40.5
736,male,27,170.3,80.9,111,113,41.2
737,female,36,164.5,55.0,77,184,40.1
738,male,46,158.2,65.5,79,77,40.6
739,male,19,185.6,70.8,69,105,41.0
740,female,53,168.1,66.7,99,129,38.4
741,male,36,176.5,75.8,21,121,37.6
742,female,24,163.8,55.5,118,129,41.2
743,female,43,161.7,62.2,68,106,37.2
744,male,32,172.6,82.6,104,119,39.2
745,male,64,176.7,88.0,51,98,38.5
746,female,55,166.4,61.0,22,95,39.5
747,male,20,166.7,88.9,75,68,41.5
748,male,55,168.7,93.7,30,127,37.2
749,male,33,184.7,85.0,28,143,40.5
750,female,19,162.5,59.6,37,125,37.1
751,female,48,164.2,80.1,94,79,38.2
752,male,45,167.8,85.8,33,120,40.2
753,female,24,162.5,49.9,92,120,38.2
754,female,47,148.9,74.1,50,167,39.7
755,female,60,159.4,53.9,80,148,41.4
756,female,24,163.4,57.4,96,68,40.9
757,female,53,168.4,67.1,30,150,40.8
758,male,46,180.6,74.8,45,122,37.9
759,male,41,196.9,93.8,29,78,38.2
760,male,69,179.6,68.2,19,149,40.5
761,female,56,158.5,76.8,111,89,40.3
762,female,21,152.2,72.3,99,149,38.3
763,male,46,189.2,81.1,38,166,38.9
764,female,61,154.7,60.6,55,72,39.9
765,male,22,170.4,87.9,109,90,39.4
766,male,46,177.0,64.5,76,110,39.1
767,male,47,163.6,70.2,31,180,37.5
768,female,46,156.0,68.0,8,138,39.0
769,female,43,157.8,72.3,80,170,41.5
770,male,36,175.3,95.7,99,162,38.5
771,male,43,169.7,83.6,89,178,40.1
772,male,54,177.9,64.8,24,77,39.3
773,male,44,178.3,73.5,52,80,40.6
774,female,47,160.3,70.7,57,170,40.4
775,female,68,174.3,57.5,67,93,41.2
776,male,47,173.6,63.1,21,117,39.9
777,male,20,183.0,75.5,113,176,41.3
778,female,60,156.7,56.2,99,160,37.2
779,female,24,159.3,62.6,83,82,38.8
780,male,66,166.9,85.5,36,93,40.0
781,male,26,173.0,80.1,116,82,39.2
782,male,58,180.9,78.3,118,68,41.2
783,female,59,158.8,68.2,70,87,37.6
784,female,30,160.5,43.8,96,145,39.2
785,female,32,160.8,74.5,89,165,40.9
786,male,22,172.4,77.2,54,95,40.4
787,male,46,182.0,93.8,17,147,40.6
788,female,52,168.4,76.6,101,99,39.1
789,female,44,156.9,74.4,31,184,38.5
790,male,44,176.9,54.6,30,108,39.3
791,female,25,153.8,67.8,57,157,37.9
792,female,49,162.0,64.9,38,164,39.9
793,male,37,178.2,75.9,86,91,40.5
794,female,27,154.4,55.4,117,86,37.3
795,male,30,178.4,78.2,78,138,39.7
796,male,46,169.8,94.1,87,113,39.6
797,male,52,175.9,64.8,118,178,38.2
798,male,25,183.9,92.7,61,88,41.5
799,male,46,167.5,59.7,16,134,39.2
800,male,48,164.4,66.4,92,184,41.0
801,male,58,164.7,81.3,69,151,37.9
802,female,47,172.0,68.2,13,93,40.4
803,male,39,179.8,97.7,97,159,37.4
804,male,38,163.8,91.9,49,86,37.3
805,female,29,153.6,60.6,96,67,37.9
806,female,28,167.6,54.5,103,101,40.3
807,female,19,160.8,59.2,86,183,41.5
808,male,67,171.9,94.2,109,100,40.6
809,female,58,176.0,75.7,48,70,38.9
810,male,19,175.9,91.2,52,81,39.9
811,male,51,173.2,87.4,116,66,39.1
812,male,20,173.3,96.7,23,184,38.1
813,male,33,192.9,84.1,90,150,39.8
814,female,68,155.5,68.1,86,106,39.4
815,female,21,158.6,66.9,105,175,39.4
816,male,40,171.0,85.7,58,134,37.3
817,male,67,174.3,90.6,80,88,37.5
818,male,37,164.3,78.4,77,152,39.2
819,female,42,169.7,63.1,40,80,38.6
820,male,47,190.2,90.3,19,177,38.9
821,male,35,170.8,82.6,13,100,38.8
822,female,59,168.1,56.5,13,98,40.2
823,female,28,165.6,57.4,50,115,37.8
824,male,46,166.6,65.5,119,71,41.2
825,female,34,160.5,67.2,116,169,39.1
826,female,43,156.6,72.0,109,119,38.5
827,male,40,182.4,49.9,35,113,37.1
828,female,69,160.5,68.6,59,182,38.6
829,male,65,171.7,80.2,74,86,39.8
830,female,37,154.0,69.3,114,111,40.6
831,male,62,172.4,101.6,62,85,40.3
832,male,19,167.7,78.1,118,145,39.6
833,male,41,167.9,96.2,107,181,39.0
834,female,48,154.6,45.7,19,149,39.4
835,male,44,160.4,85.2,44,155,41.3
836,female,19,161.6,52.9,14,173,41.3
837,male,31,172.3,88.4,5,120,40.6
838,male,21,168.8,90.6,76,165,37.8
839,female,66,152.7,67.8,28,85,41.2
840,male,30,186.9,86.5,89,169,39.9
841,male,53,183.9,91.3,68,150,39.2
842,female,52,170.3,81.5,52,174,39.5
843,male,61,183.7,110.5,104,105,39.1
844,male,25,161.3,78.4,98,156,39.2
845,male,19,170.8,99.9,54,154,38.9
846,male,23,167.7,93.7,7,139,41.0
847,female,48,163.2,72.5,119,89,39.1
848,female,27,155.2,53.8,74,68,38.0
849,male,61,181.8,92.9,106,76,38.0
850,female,38,165.6,64.4,68,67,37.6
851,male,59,168.1,84.4,29,71,39.5
852,female,27,161.6,71.4,60,180,38.5
853,male,40,185.4,96.5,45,102,39.6
854,male,20,168.8,75.0,63,118,41.2
855,male,49,176.0,99.0,37,184,41.3
856,male,37,168.7,67.0,79,126,38.4
857,male,27,172.5,58.9,16,121,38.0
858,male,46,174.6,87.1,110,111,37.2
859,female,58,167.7,71.1,112,119,38.2
860,male,69,167.3,77.8,5,86,39.3
861,female,68,164.7,59.3,72,125,39.7
862,male,63,168.2,62.1,73,97,37.4
863,female,51,153.2,73.4,103,164,38.1
864,female,54,162.6,57.0,63,66,37.2
865,female,37,170.6,50.2,79,102,40.5
866,male,25,182.5,80.9,34,66,38.2
867,male,24,187.1,71.1,37,175,39.6
868,female,23,158.0,70.7,44,69,39.1
869,male,28,192.2,92.2,89,183,39.1
870,female,61,169.7,73.6,26,182,40.0
871,male,35,183.7,78.7,29,84,38.8
872,female,68,167.4,80.3,102,181,38.1
873,female,59,165.1,56.8,111,110,38.8
874,male,46,169.0,71.0,8,159,40.7
875,female,42,152.0,71.6,16,109,39.5
876,male,38,179.6,77.2,8,109,41.4
877,female,63,152.8,69.4,27,150,40.5
878,female,20,158.9,67.3,106,168,40.7
879,male,35,167.1,81.6,74,91,40.5
880,male,41,167.7,103.0,62,143,39.0
881,male,64,174.1,74.4,114,95,40.6
882,female,55,159.0,72.1,101,116,39.8
883,male,27,167.4,97.4,109,77,38.0
884,female,44,158.9,59.6,39,70,37.4
885,female,29,155.1,59.2,62,157,39.2
886,male,24,171.0,67.6,101,153,39.6
887,male,34,171.5,83.0,118,89,38.6
888,female,18,159.2,77.0,10,68,39.8
889,female,67,163.7,62.9,11,135,37.7
890,male,43,180.4,87.5,25,75,40.6
891,male,32,169.3,77.5,19,128,38.8
892,male,68,189.7,72.3,70,124,40.3
893,male,50,177.8,92.2,91,150,40.8
894,male,54,170.0,93.7,71,132,38.1
895,female,64,163.1,63.6,16,110,39.5
896,female,48,159.7,73.4,53,138,37.6
897,female,52,161.3,52.7,83,136,37.2
898,female,18,162.3,62.8,66,119,37.2
899,male,25,169.7,84.2,37,140,41.3
900,male,29,170.5,75.4,114,105,37.2
901,male,36,174.9,67.8,65,153,39.7
902,female,42,153.5,52.1,17,157,37.3
903,female,49,158.7,56.2,17,70,40.2
904,male,29,171.8,85.1,63,70,39.2
905,male,30,174.2,70.7,32,77,37.9
906,female,45,160.3,52.0,81,89,39.7
907,female,18,157.2,79.1,28,76,38.5
908,male,68,182.4,88.1,107,136,37.7
909,male,23,174.4,76.0,34,136,40.3
910,female,25,161.3,63.3,104,156,38.7
911,male,21,157.7,70.3,8,150,39.1
912,male,22,171.6,75.5,17,67,37.2
913,male,42,183.0,84.9,80,146,39.5
914,female,39,156.0,63.5,5,138,39.3
915,female,45,168.9,75.7,48,164,40.4
916,female,56,156.3,64.4,53,149,39.2
917,female,40,152.1,72.0,85,125,40.8
918,female,21,163.0,63.9,28,93,38.6
919,female,69,176.4,68.8,38,162,40.4
920,female,21,150.2,73.7,43,169,38.1
921,male,64,168.7,103.4,46,182,40.9
922,male,38,171.2,84.4,11,139,38.6
923,male,54,173.1,72.9,27,112,40.3
924,male,58,171.1,86.0,25,78,40.6
925,male,19,154.6,70.2,47,173,37.7
926,male,24,178.1,94.9,64,108,40.6
927,male,66,179.3,71.6,28,161,38.3
928,female,33,154.6,56.1,104,163,39.7
929,female,34,170.2,77.8,71,81,39.3
930,male,37,168.0,82.2,97,132,39.6
931,male,40,153.6,82.6,32,105,40.5
932,female,51,166.9,65.5,70,155,40.7
933,male,28,182.2,81.4,8,148,38.1
934,male,51,170.1,80.6,85,135,37.9
935,female,50,165.4,66.3,88,104,37.4
936,male,43,172.9,76.6,40,152,40.2
937,female,19,163.5,55.4,61,89,39.1
938,male,40,164.1,96.7,94,172,37.7
939,female,58,168.2,51.5,61,177,39.2
940,female,39,152.3,56.4,90,140,41.4
941,female,51,172.0,52.3,23,151,39.5
942,male,32,180.8,57.2,35,149,40.9
943,female,27,168.3,53.4,46,105,37.4
944,male,32,166.8,80.0,64,133,41.1
945,male,59,176.3,80.8,93,109,39.5
946,male,46,179.5,88.1,34,146,39.4
947,male,40,178.5,82.1,52,175,37.6
948,female,34,170.5,54.5,77,101,39.1
949,female,26,158.0,54.1,110,80,39.2
950,male,67,177.8,75.1,34,169,37.6
951,male,53,173.8,87.3,45,97,38.5
952,female,26,164.3,57.5,36,71,41.0
953,male,33,181.1,71.9,115,179,37.2
954,female,53,157.0,51.6,63,125,39.4
955,male,65,164.4,86.8,113,126,40.5
956,male,68,159.5,69.4,52,138,41.4
957,female,50,163.0,60.7,83,132,40.0
958,male,48,194.1,84.4,104,148,37.2
959,female,23,167.6,57.2,103,140,40.2
960,male,27,176.5,63.7,69,80,40.3
961,male,33,173.5,85.7,25,146,39.4
962,male,21,173.0,74.5,40,131,38.7
963,female,39,162.8,77.8,71,163,39.0
964,male,30,171.1,100.7,83,92,41.3
965,male,33,179.6,85.7,92,173,41.0
966,male,69,172.2,91.4,20,71,38.3
967,male,46,190.5,67.7,62,90,37.3
968,female,23,170.1,71.1,11,173,40.4
969,female,43,165.7,40.8,84,123,39.4
970,male,28,170.3,64.6,32,93,39.9
971,female,41,162.3,68.1,54,136,41.2
972,male,46,172.5,70.6,16,152,41.2
973,male,20,175.9,82.3,29,73,40.7
974,male,69,188.1,77.9,34,130,38.2
975,female,27,178.5,81.8,76,154,40.6
976,female,18,172.1,60.9,15,168,40.8
977,female,69,156.9,61.8,64,140,37.0
978,female,60,164.9,65.2,46,118,38.8
979,female,43,163.7,61.0,104,148,38.4
980,female,29,162.0,63.2,104,175,40.8
981,female,31,156.0,75.3,115,148,37.5
982,female,42,166.1,64.3,59,153,39.8
983,female,25,168.9,67.9,40,92,39.3
984,male,60,190.2,68.4,53,84,41.2
985,female,21,176.7,79.6,50,130,39.1
986,female,45,173.7,54.5,98,174,37.3
987,female,24,166.8,82.4,74,133,41.0
988,female,27,154.4,78.8,39,98,39.7
989,female,68,165.8,79.9,98,117,40.0
990,female,53,165.0,58.7,18,151,40.2
991,female,19,166.6,67.1,41,98,40.7
992,female,43,174.1,61.1,96,169,40.3
993,female,67,161.8,66.2,44,144,38.2
994,female,31,177.3,82.5,56,125,41.3
995,female,33,165.8,66.4,45,65,37.7
996,male,60,178.8,88.1,9,112,38.9
997,male,59,178.5,64.4,25,122,39.4
998,female,34,168.8,58.5,59,80,37.2
999,female,63,159.8,82.9,53,123,37.6
1000,male,39,167.7,81.9,65,169,37.9
1001,female,21,167.4,60.9,10,100,40.9
1002,male,36,176.5,87.8,118,127,39.7
1003,male,19,172.4,83.6,55,83,37.5
1004,male,56,183.9,86.1,65,122,40.3
1005,male,26,166.0,84.7,66,147,39.1
1006,male,36,173.2,71.8,28,121,37.7
1007,female,33,164.0,67.2,56,171,39.5
1008,male,42,171.5,57.7,20,103,38.7
1009,female,65,159.0,85.6,11,98,39.9
1010,female,35,153.6,52.3,46,179,41.4
1011,male,40,163.8,87.5,94,177,40.3
1012,male,38,176.5,86.1,25,181,39.3
1013,female,28,158.3,79.0,52,181,39.8
1014,male,56,176.3,70.7,64,126,40.5
1015,male,58,186.0,95.7,86,94,38.0
1016,female,21,158.7,72.5,21,73,37.6
1017,female,42,158.1,54.4,25,143,39.6
1018,male,49,174.0,89.4,56,74,40.4
1019,female,47,172.8,55.2,10,67,38.9
1020,male,62,179.8,78.2,23,108,37.9
1021,male,43,173.8,76.2,70,80,39.9
1022,male,53,188.7,73.9,23,102,40.0
1023,female,68,146.6,51.7,26,127,40.5
1024,female,51,165.4,88.8,84,143,39.6
1025,female,26,158.9,59.7,29,73,38.6
1026,female,29,170.8,65.5,48,131,38.0
1027,female,19,157.8,80.5,15,183,37.2
1028,male,55,172.1,96.9,80,114,38.8
1029,male,22,181.1,90.0,32,70,40.5
1030,male,22,186.5,84.9,70,91,40.4
1031,male,69,181.4,80.3,42,135,41.2
1032,female,39,164.8,69.9,80,120,37.1
1033,male,22,182.4,86.0,29,178,37.8
1034,female,21,178.1,73.4,6,79,40.0
1035,male,26,165.9,75.5,37,161,39.4
1036,female,46,168.4,93.2,17,88,40.2
1037,female,39,172.0,42.4,60,119,38.7
1038,male,44,173.1,93.9,56,88,38.6
1039,male,27,172.0,81.3,49,83,40.1
1040,male,33,179.9,80.3,54,151,38.8
1041,male,59,179.4,85.1,63,92,38.2
1042,female,59,161.1,72.2,68,183,38.4
1043,male,68,165.0,83.0,92,174,38.0
1044,male,27,177.4,79.5,88,132,37.1
1045,female,23,160.5,63.7,88,171,40.1
1046,male,66,180.8,92.1,51,112,40.3
1047,male,22,177.8,74.9,16,153,40.6
1048,male,23,172.8,98.9,111,143,37.8
1049,male,64,183.0,81.9,49,133,41.1
1050,male,42,175.5,80.6,41,184,38.5
1051,female,68,165.3,65.4,111,165,41.0
1052,male,67,173.6,72.2,117,114,38.2
1053,male,21,161.0,86.9,119,130,37.2
1054,male,57,173.5,81.4,12,170,39.3
1055,male,65,180.5,84.9,104,149,39.4
1056,male,49,177.7,71.8,116,140,41.1
1057,female,68,158.4,68.8,114,116,40.0
1058,male,69,172.9,58.0,101,140,40.7
1059,female,52,164.4,58.4,35,137,40.8
1060,female,27,165.2,66.9,106,69,39.2
1061,male,51,193.7,72.0,33,82,41.1
1062,male,53,176.2,78.6,22,167,40.3
1063,male,23,166.6,80.8,60,129,37.5
1064,male,60,181.8,86.0,24,93,38.1
1065,female,63,166.6,74.6,112,118,37.5
1066,male,33,172.4,87.8,76,104,39.6
1067,male,36,181.7,88.3,108,99,38.0
1068,male,51,184.8,83.3,119,148,41.2
1069,male,42,183.1,80.7,50,84,41.0
1070,male,48,176.0,91.1,105,159,40.6
1071,male,66,169.4,88.3,92,124,40.9
1072,female,58,159.5,53.3,5,123,40.8
1073,female,34,169.3,63.2,62,150,37.8
1074,male,64,182.3,58.4,71,169,37.4
1075,male,47,177.7,58.1,106,169,40.1
1076,male,56,172.0,73.9,79,168,38.5
1077,female,48,183.0,59.8,46,76,39.8
1078,male,36,181.9,74.9,108,134,39.9
1079,female,52,164.8,56.7,109,131,40.9
1080,male,46,168.3,89.3,107,102,37.7
1081,male,18,173.5,71.5,47,118,41.0
1082,male,21,182.6,85.9,7,159,38.5
1083,male,45,163.9,71.8,25,100,41.0
1084,female,35,158.3,65.0,73,122,37.9
1085,female,43,167.1,68.2,69,84,37.7
1086,male,57,179.1,75.8,114,103,39.8
1087,male,36,179.9,82.0,82,130,41.1
1088,female,23,167.1,69.5,118,158,39.2
1089,female,18,163.9,40.7,72,144,37.4
1090,female,25,156.6,67.1,23,162,40.9
1091,female,50,157.5,66.6,51,171,39.2
1092,male,68,186.4,66.7,24,110,39.3
1093,female,60,175.0,65.6,116,89,38.0
1094,male,38,171.8,89.8,11,125,37.9
1095,female,41,154.0,63.5,64,128,39.7
1096,female,42,168.6,63.6,52,84,38.9
1097,female,64,159.0,59.1,13,175,37.7
1098,female,60,169.4,65.8,107,131,41.4
1099,female,36,159.5,73.7,38,108,37.2
1100,male,46,185.2,76.5,46,178,37.2
1101,male,27,163.9,88.2,17,168,41.4
1102,female,29,158.4,71.5,72,145,38.0
1103,female,50,172.8,87.7,40,145,37.1
1104,male,24,172.8,79.1,23,165,38.8
1105,female,34,163.8,48.0,85,120,38.0
1106,female,27,170.2,56.0,64,170,40.6
1107,male,48,172.2,101.8,93,180,38.1
1108,female,23,154.4,80.1,18,128,40.7
1109,female,34,166.3,55.5,9,120,39.4
1110,male,67,194.3,77.2,109,113,40.6
1111,male,54,176.1,70.7,114,101,39.8
1112,male,35,168.9,74.3,11,86,40.4
1113,female,43,155.6,80.4,82,158,39.1
1114,male,66,163.4,52.5,101,103,38.9
1115,male,33,172.3,73.0,80,126,39.0
1116,male,25,169.4,80.3,56,122,40.3
1117,male,41,165.7,87.6,8,153,39.0
1118,male,30,172.8,73.1,56,131,38.3
1119,male,46,168.1,73.2,60,174,40.6
1120,female,49,155.8,74.7,10,147,38.9
1121,female,41,169.7,68.7,69,136,39.0
1122,male,33,170.0,78.0,88,82,37.4
1123,male,28,172.0,91.5,94,138,38.6
1124,male,49,173.2,71.5,111,102,40.7
1125,female,23,165.0,75.3,91,85,40.0
1126,female,52,162.4,58.0,80,162,37.6
1127,female,50,164.6,71.3,17,173,39.1
1128,female,35,170.0,86.7,63,146,41.2
1129,female,54,154.1,72.9,61,171,38.0
1130,female,30,152.5,60.8,86,177,40.7
1131,female,27,166.0,57.6,99,98,39.5
1132,female,54,173.1,61.9,50,176,38.6
1133,female,43,174.8,54.7,118,162,41.4
1134,male,63,172.9,63.2,57,118,40.2
1135,male,34,152.5,76.0,32,95,38.4
1136,male,18,173.4,83.8,73,144,37.9
1137,male,42,176.1,70.6,43,162,41.0
1138,female,51,170.9,62.7,24,163,39.7
1139,female,56,162.9,69.7,24,148,37.2
1140,male,27,169.3,83.6,102,154,38.9
1141,female,37,166.8,45.7,54,131,39.0
1142,male,24,173.2,70.1,18,177,40.5
1143,female,33,174.2,61.1,19,179,38.1
1144,male,54,166.4,84.1,40,122,39.1
1145,female,46,160.2,73.5,34,137,37.4
1146,female,29,167.1,60.4,22,150,37.6
1147,male,34,173.8,84.1,102,67,40.6
1148,female,65,174.2,60.1,30,141,39.4
1149,male,37,167.5,83.7,104,98,38.7
1150,male,43,184.6,81.2,115,76,38.2
1151,male,65,186.7,73.7,112,123,41.3
1152,male,36,184.5,96.6,87,143,39.1
1153,female,64,157.6,73.9,68,108,39.5
1154,female,29,155.3,63.7,110,169,41.4
1155,female,38,157.8,77.7,72,108,40.4
1156,male,59,173.0,58.1,110,182,38.7
1157,female,51,167.9,58.6,95,122,39.5
1158,male,24,160.4,77.6,59,114,38.8
1159,female,62,150.8,72.3,71,137,39.5
1160,female,52,155.2,77.6,117,142,39.9
1161,female,32,157.6,53.8,48,102,41.4
1162,male,18,182.1,90.6,63,154,40.3
1163,female,43,171.2,50.1,16,112,40.1
1164,female,52,159.2,58.8,40,155,37.4
1165,male,42,170.1,77.1,107,98,38.4
1166,female,59,151.2,56.5,6,108,38.3
1167,male,32,175.3,82.2,46,119,37.5
1168,female,39,168.5,71.1,38,124,40.9
1169,male,23,169.8,86.7,106,175,40.7
1170,male,69,167.6,95.8,35,96,40.6
1171,female,32,170.0,51.8,73,171,37.8
1172,male,41,176.7,77.1,24,80,39.7
1173,male,38,168.7,79.0,42,95,39.4
1174,male,24,163.5,73.2,79,106,39.8
1175,male,46,164.8,88.6,99,143,40.5
1176,male,49,184.6,87.1,93,178,37.4
1177,male,49,170.1,75.9,8,167,37.9
1178,female,22,157.2,66.8,89,173,38.3
1179,male,21,186.6,92.9,66,102,39.1
1180,male,39,166.0,101.9,109,167,39.6
1181,female,35,163.7,60.4,5,157,38.4
1182,female,52,155.5,73.5,46,150,37.5
1183,female,34,160.9,72.6,55,68,39.3
1184,female,67,151.9,60.2,117,158,37.3
1185,female,67,168.6,72.2,41,172,38.6
1186,female,41,165.5,56.8,47,96,37.2
1187,female,19,170.6,67.6,96,177,38.0
1188,male,30,190.6,79.0,66,132,37.5
1189,male,32,177.1,80.7,55,65,39.0
1190,female,22,163.3,70.2,57,166,38.1
1191,male,20,174.2,95.1,5,165,37.2
1192,male,54,172.9,77.9,68,100,38.3
1193,male,54,188.3,73.9,20,168,41.0
1194,female,54,171.6,54.1,6,178,40.8
1195,female,20,166.4,61.3,6,71,41.0
1196,male,52,177.0,83.0,111,166,38.8
1197,female,69,153.8,53.7,62,108,41.0
1198,male,40,170.3,85.2,21,165,41.3
1199,male,45,175.8,73.2,90,88,41.3
1200,male,47,170.0,68.0,84,97,37.6
1201,male,35,166.1,94.2,81,143,40.7
1202,female,69,164.0,77.0,11,153,38.5
1203,female,53,168.4,71.1,118,89,39.0
1204,female,50,163.5,64.1,66,142,40.0
1205,male,43,177.4,89.6,21,122,40.4
1206,female,65,165.0,62.9,25,76,41.0
1207,male,57,186.6,110.2,99,168,41.3
1208,female,34,158.1,54.2,83,140,40.5
1209,male,57,177.1,89.4,68,144,38.1
1210,male,24,177.0,103.8,47,153,39.3
1211,male,25,174.6,90.7,91,75,38.6
1212,female,48,162.0,73.9,57,133,40.9
1213,female,29,160.2,64.9,45,142,39.2
1214,female,65,149.3,72.5,114,108,40.9
1215,female,48,158.5,72.2,30,157,41.4
1216,male,61,180.7,63.0,98,130,38.3
1217,female,36,157.4,76.8,79,116,37.1
1218,female,27,165.3,66.0,106,130,38.0
1219,male,56,168.2,76.7,30,114,39.9
1220,male,29,184.1,73.1,74,76,40.6
1221,male,37,177.5,82.1,114,133,40.4
1222,female,54,153.9,72.4,71,140,40.6
1223,male,65,168.1,74.1,119,97,41.2
1224,male,58,170.9,81.5,93,122,38.0
1225,male,24,171.4,120.6,109,74,37.2
1226,female,69,149.2,66.6,83,117,38.5
1227,male,31,161.1,91.6,63,113,40.8
1228,female,28,163.3,53.1,25,99,40.3
1229,female,24,165.2,82.7,46,141,37.1
1230,male,46,164.8,97.6,74,167,37.7
1231,male,27,176.1,94.1,27,168,41.2
1232,female,46,155.2,65.7,61,171,39.2
1233,male,26,172.9,79.0,57,113,39.9
1234,male,53,172.2,95.1,80,74,37.4
1235,female,65,157.9,65.4,31,121,39.6
1236,female,27,165.1,46.7,66,127,40.8
1237,male,36,171.5,92.4,83,143,41.1
1238,female,48,177.0,48.6,76,127,39.0
1239,male,34,168.9,92.7,29,102,39.6
1240,male,26,183.4,77.8,47,137,40.3
1241,male,62,161.8,79.0,52,125,38.8
1242,female,50,175.6,72.3,65,154,38.3
1243,male,51,186.6,99.0,23,130,37.4
1244,male,62,177.0,74.5,39,98,37.9
1245,male,41,176.5,73.1,25,86,41.4
1246,female,26,153.6,54.9,22,140,40.9
1247,female,24,169.3,56.0,97,81,38.6
1248,female,33,170.2,69.7,95,146,40.7
1249,female,36,164.7,66.8,44,172,40.4
1250,female,56,168.2,67.9,78,149,41.4
1251,male,23,185.0,84.5,57,150,37.2
1252,female,67,158.2,66.3,9,174,39.6
1253,female,68,153.2,68.5,26,149,40.2
1254,female,28,162.9,58.2,60,163,40.7
1255,male,29,171.7,79.0,18,166,40.6
1256,female,59,165.7,48.5,44,153,38.2
1257,female,30,166.8,43.4,5,164,40.2
1258,male,29,168.0,78.4,81,77,40.6
1259,female,38,167.9,67.0,31,147,39.3
1260,male,27,184.1,102.4,53,79,39.3
1261,male,37,173.7,80.5,116,138,39.0
1262,male,67,176.2,96.1,62,135,37.9
1263,male,53,174.2,97.0,85,184,40.8
1264,male,45,181.4,64.2,76,171,39.3
1265,female,41,167.5,54.0,96,152,37.6
1266,male,22,157.4,97.0,30,77,41.1
1267,male,54,178.8,82.2,24,169,40.8
1268,female,29,158.8,73.4,87,155,38.9
1269,male,52,178.6,89.0,18,176,40.5
1270,female,57,170.9,76.7,118,127,37.7
1271,female,19,165.5,73.4,29,71,41.4
1272,female,67,174.7,62.4,40,134,37.4
1273,male,58,176.1,51.6,32,144,41.0
1274,male,62,174.0,80.6,12,133,41.5
1275,male,56,189.6,75.4,53,101,38.3
1276,female,59,160.5,79.7,101,141,40.7
1277,male,26,189.2,77.5,10,90,41.1
1278,male,39,175.3,75.0,93,111,41.3
1279,male,64,160.3,82.0,5,81,40.2
1280,female,22,155.0,69.7,98,139,39.8
1281,female,29,164.2,69.1,9,142,37.5
1282,male,18,172.1,82.1,77,119,39.1
1283,male,61,163.2,95.3,12,86,38.8
1284,male,39,173.7,73.6,92,103,37.1
1285,male,55,168.1,101.4,93,159,38.3
1286,female,68,147.2,58.1,45,169,40.3
1287,female,36,164.3,81.4,76,178,38.4
1288,female,33,164.3,78.2,106,163,37.2
1289,female,48,165.2,72.2,89,105,40.5
1290,male,68,181.1,73.5,23,163,40.6
1291,male,20,168.1,101.0,7,110,37.1
1292,male,40,166.3,93.2,43,157,40.8
1293,female,59,156.5,66.6,20,93,40.6
1294,male,35,177.8,91.7,69,156,39.8
1295,female,43,162.5,67.6,78,84,37.2
1296,female,30,167.9,52.1,74,133,41.2
1297,male,35,175.0,89.9,73,176,37.5
1298,male,20,187.2,97.5,21,122,40.2
1299,male,40,167.2,82.9,25,92,40.4
1300,female,20,169.5,69.8,97,95,41.3
1301,male,42,178.6,80.5,66,150,41.3
1302,female,44,159.1,56.2,35,128,38.3
1303,male,61,169.3,89.5,7,156,38.0
1304,female,44,151.0,52.5,42,91,38.8
1305,female,69,160.0,53.3,64,154,41.2
1306,male,56,157.3,50.8,96,90,40.3
1307,female,42,177.5,72.1,96,114,41.1
1308,female,41,157.0,49.9,69,91,38.0
1309,male,25,179.7,73.7,80,156,37.3
1310,female,26,175.7,60.0,20,102,37.1
1311,male,63,184.4,104.9,93,83,37.3
1312,female,54,162.3,59.7,86,173,40.8
1313,male,47,181.4,88.6,12,71,40.9
1314,male,36,180.7,86.1,74,105,41.1
1315,female,33,174.2,80.1,55,157,38.8
1316,female,41,165.5,48.5,54,181,39.1
1317,female,61,163.2,59.4,77,152,37.9
1318,female,38,172.2,94.5,22,150,39.0
1319,female,53,167.9,60.7,98,72,37.7
1320,male,57,165.7,75.0,88,84,39.8
1321,female,56,164.5,76.4,86,87,37.1
1322,male,64,172.7,68.2,105,140,38.9
1323,male,23,167.5,81.2,33,169,41.4
1324,female,22,161.6,68.3,79,92,41.5
1325,male,31,173.7,82.0,86,87,40.5
1326,male,62,178.2,86.0,37,114,38.3
1327,male,59,182.6,82.8,7,85,37.9
1328,male,67,171.3,84.6,96,89,37.2
1329,female,21,156.7,63.0,9,97,38.9
1330,male,25,182.5,60.2,84,132,39.1
1331,female,41,146.8,93.9,63,137,37.4
1332,female,28,157.7,62.1,8,169,40.9
1333,male,34,177.6,72.3,22,122,39.9
1334,female,67,161.0,49.6,31,149,38.7
1335,female,38,147.0,48.2,22,112,40.8
1336,female,43,164.3,60.0,70,129,38.9
1337,male,60,175.3,68.7,10,153,40.8
1338,female,65,162.2,64.1,116,96,39.2
1339,female,61,166.5,65.5,103,145,39.9
1340,female,62,159.4,62.3,87,126,37.5
1341,male,44,172.5,64.7,97,171,38.2
1342,female,33,163.0,62.1,15,78,39.9
1343,male,43,182.2,63.2,42,122,38.8
1344,male,50,182.3,83.8,69,110,37.6
1345,male,48,173.2,87.3,63,149,37.7
1346,male,65,162.9,69.6,58,131,40.2
1347,male,64,177.0,66.3,25,177,40.1
1348,male,23,167.7,77.5,103,164,40.2
1349,female,61,149.7,62.3,12,129,40.2
1350,male,25,164.9,83.2,71,170,41.3
1351,female,24,168.1,56.1,19,81,41.4
1352,female,51,180.4,80.6,85,150,39.0
1353,male,61,175.3,98.8,96,175,40.5
1354,female,31,160.6,64.7,118,103,40.3
1355,female,33,166.0,63.4,65,116,37.8
1356,female,60,157.4,72.7,104,119,40.5
1357,female,69,145.2,67.4,55,159,40.8
1358,male,26,174.9,87.3,45,179,37.2
1359,female,27,158.7,60.5,82,139,39.4
1360,male,34,171.1,87.6,116,132,38.1
1361,female,29,157.7,55.3,21,165,41.2
1362,female,23,163.9,60.0,43,83,37.4
1363,male,36,188.2,88.3,24,182,40.0
1364,female,60,170.5,80.9,43,159,39.9
1365,female,58,164.6,71.0,74,91,37.5
1366,female,46,164.3,68.3,74,177,40.4
1367,male,23,161.5,68.4,81,82,38.2
1368,female,42,166.2,58.2,39,167,40.1
1369,male,41,167.4,93.5,103,170,38.1
1370,female,42,154.1,71.6,114,117,38.8
1371,male,33,185.6,97.0,31,78,38.5
1372,male,69,162.1,62.4,36,69,39.7
1373,female,33,160.2,56.4,102,151,39.8
1374,female,23,168.7,68.6,7,171,39.3
1375,male,54,165.8,87.2,36,101,37.7
1376,male,38,173.0,83.6,75,106,39.9
1377,female,21,162.2,66.7,38,112,38.1
1378,male,51,178.5,74.8,25,90,38.9
1379,female,45,158.7,66.8,33,139,41.4
1380,female,55,169.4,79.3,8,91,40.8
1381,female,58,180.6,63.1,72,148,38.2
1382,female,45,170.8,62.1,107,142,38.0
1383,male,34,176.6,52.1,5,167,39.6
1384,female,31,171.8,52.4,35,106,37.4
1385,male,24,171.1,84.3,49,167,39.2
1386,female,39,153.3,57.7,85,101,39.0
1387,male,68,173.3,73.2,75,174,41.5
1388,female,18,168.4,56.1,56,168,37.1
1389,male,46,180.4,72.8,117,92,40.9
1390,male,69,165.7,80.5,48,105,41.2
1391,female,48,161.4,60.5,54,126,39.9
1392,female,47,177.2,67.3,40,133,39.4
1393,female,32,165.4,73.1,25,97,37.6
1394,female,35,160.0,51.6,27,95,40.1
1395,male,52,167.1,60.9,81,180,40.4
1396,female,67,169.8,70.6,110,120,40.1
1397,male,47,184.4,83.8,38,154,37.4
1398,male,51,171.2,85.4,104,71,40.5
1399,female,59,163.6,43.4,73,121,38.0
1400,male,28,176.3,89.8,104,98,38.2
1401,male,44,164.3,58.3,35,131,38.8
1402,male,41,169.7,65.2,16,152,40.0
1403,male,52,184.8,84.9,114,135,39.5
1404,female,56,161.4,62.4,110,110,40.2
1405,female,25,139.0,61.6,32,92,40.0
1406,female,68,165.8,66.3,52,109,40.2
1407,female,35,165.6,65.2,32,160,38.3
1408,male,30,181.9,72.2,11,124,40.1
1409,male,62,162.1,83.1,38,71,40.6
1410,female,41,156.9,63.2,90,110,37.2
1411,female,68,157.8,70.0,55,73,41.2
1412,female,40,171.5,62.8,92,79,37.2
1413,male,29,177.6,83.0,82,119,40.4
1414,female,66,160.0,53.4,84,73,39.9
1415,female,47,170.9,41.7,15,98,38.4
1416,female,48,166.5,81.6,98,121,39.2
1417,male,45,170.4,90.2,42,165,41.1
1418,male,39,167.5,68.6,46,68,40.8
1419,male,61,173.0,80.7,11,180,38.6
1420,male,45,187.1,88.0,50,102,38.7
1421,male,30,192.7,91.2,49,78,38.0
1422,male,42,176.0,93.7,7,146,38.9
1423,male,61,183.0,69.6,83,105,39.9
1424,male,68,175.3,83.5,61,132,39.0
1425,female,63,169.5,60.1,117,67,40.3
1426,female,24,158.5,57.9,34,182,40.6
1427,male,62,170.0,77.9,101,147,38.4
1428,male,23,187.3,93.7,105,91,40.0
1429,female,41,163.5,89.8,56,158,39.4
1430,male,36,179.9,80.5,105,182,37.5
1431,male,36,189.6,85.4,85,77,38.3
1432,male,53,192.9,86.3,58,161,37.6
1433,female,68,170.2,66.9,52,132,40.6
1434,female,26,159.6,60.8,88,182,40.1
1435,female,65,162.0,84.8,37,99,40.6
1436,female,53,162.3,68.9,95,83,39.9
1437,female,55,174.3,56.1,105,108,39.3
1438,male,57,184.1,87.5,24,167,39.1
1439,female,46,168.5,81.8,102,96,38.5
1440,male,41,187.3,86.8,99,170,40.9
1441,male,65,169.4,58.3,9,109,39.1
1442,female,22,171.3,62.0,86,183,38.0
1443,female,59,154.8,68.5,87,133,40.4
1444,male,62,170.7,62.8,106,145,38.5
1445,male,43,179.8,80.4,21,184,38.0
1446,male,31,174.6,85.6,91,163,40.6
1447,female,56,174.8,66.7,111,145,39.0
1448,female,46,168.0,76.1,115,145,37.9
1449,female,69,169.9,63.5,6,89,40.0
1450,female,23,168.5,73.3,112,169,40.7
1451,female,24,162.0,60.6,28,136,38.8
1452,male,54,176.8,71.4,55,180,38.0
1453,female,35,160.2,77.0,52,156,37.1
1454,male,40,170.8,79.0,48,174,40.9
1455,male,61,175.8,87.4,5,115,39.0
1456,male,55,189.8,96.3,56,173,41.0
1457,female,18,159.1,70.9,26,126,40.2
1458,female,21,156.6,37.0,18,147,39.2
1459,female,68,170.4,48.7,107,72,40.1
1460,male,61,174.8,104.5,108,137,38.4
1461,male,64,185.0,90.9,81,82,37.9
1462,male,52,165.8,84.8,80,118,37.7
1463,male,40,155.8,78.0,75,108,41.1
1464,male,44,163.7,99.3,70,131,40.3
1465,male,43,149.0,78.1,71,155,41.2
1466,female,69,166.0,65.8,44,98,40.4
1467,female,25,166.5,64.2,40,80,38.7
1468,female,60,168.4,65.1,81,119,41.2
1469,female,33,150.6,55.8,62,184,39.6
1470,male,58,176.5,96.1,43,112,41.2
1471,male,20,180.0,59.9,98,94,38.0
1472,female,49,165.9,76.7,112,123,38.7
1473,male,22,172.7,90.4,104,100,38.7
1474,female,37,164.1,53.4,41,138,37.0
1475,female,31,158.0,58.3,18,164,40.1
1476,female,49,150.6,68.9,68,87,41.0
1477,male,43,175.8,90.7,30,157,41.1
1478,female,64,155.1,54.5,115,121,40.6
1479,female,23,161.9,65.7,44,173,38.1
1480,female,53,157.8,70.7,11,159,38.7
1481,male,57,178.3,61.2,96,104,38.5
1482,male,68,169.6,91.2,12,113,39.0
1483,female,22,160.8,67.5,83,159,39.1
1484,male,30,168.3,76.4,9,145,41.0
1485,male,49,171.8,88.3,101,69,37.5
1486,male,33,190.1,59.1,112,98,40.4
1487,male,18,171.8,77.6,47,89,39.6
1488,male,30,168.6,85.4,40,152,40.1
1489,male,28,184.4,83.0,117,141,41.0
1490,male,25,166.6,74.1,63,139,41.2
1491,male,42,169.5,74.3,104,104,37.0
1492,male,57,179.6,98.5,7,82,40.8
1493,male,49,182.5,91.0,66,159,37.8
1494,female,41,163.1,82.8,26,66,37.7
1495,female,45,160.2,66.7,26,86,41.1
1496,male,31,179.8,89.1,100,142,41.2
1497,female,62,168.4,60.7,42,142,38.8
1498,female,20,160.7,70.0,54,173,37.3
1499,male,53,184.6,66.2,91,75,40.7
1500,male,44,170.6,98.1,57,100,40.8
1501,male,37,177.2,91.4,89,73,37.9
1502,female,64,160.4,82.4,8,132,41.4
1503,female,32,152.7,73.3,83,96,40.5
1504,male,44,182.7,78.9,113,120,39.0
1505,male,62,179.5,73.2,25,176,39.0
1506,male,58,159.1,86.4,24,166,38.5
1507,female,45,175.1,73.6,88,116,40.3
1508,female,42,168.6,45.2,29,78,39.8
1509,female,59,167.9,70.1,49,176,40.5
1510,female,61,159.4,67.8,68,176,39.4
1511,male,63,172.1,91.3,65,158,37.2
1512,male,50,177.9,84.8,57,119,40.9
1513,male,63,175.4,88.3,99,116,39.0
1514,male,31,181.1,56.7,72,161,40.3
1515,female,25,164.6,66.3,60,78,38.1
1516,female,65,153.9,84.4,97,159,38.2
1517,male,31,179.2,84.5,103,159,38.6
1518,male,18,185.9,73.7,98,127,38.5
1519,female,33,161.2,67.3,62,79,38.3
1520,male,35,174.9,83.0,77,65,38.4
1521,female,24,156.5,76.9,41,136,37.6
1522,male,32,170.5,73.2,9,119,37.1
1523,male,41,187.7,90.8,22,153,41.4
1524,male,66,186.1,79.0,37,181,37.3
1525,male,68,170.0,79.9,17,176,38.6
1526,male,30,152.5,77.6,37,118,40.8
1527,male,26,173.3,92.1,117,154,37.0
1528,male,32,172.7,85.8,44,152,40.5
1529,female,52,163.4,61.2,105,163,38.9
1530,female,41,149.1,69.0,70,147,38.0
1531,female,50,164.0,64.2,112,76,37.7
1532,female,33,162.4,78.2,110,141,40.8
1533,female,25,153.9,58.4,16,144,38.3
1534,male,46,160.6,71.1,97,122,39.1
1535,male,40,172.3,76.7,97,157,38.6
1536,female,62,161.5,65.5,51,74,40.9
1537,male,48,178.0,88.6,52,113,37.6
1538,female,57,159.7,57.1,27,96,41.4
1539,female,66,164.7,46.2,44,114,37.1
1540,male,31,178.3,89.5,9,146,37.9
1541,male,47,155.9,72.0,40,176,39.1
1542,male,56,173.1,65.5,35,75,37.8
1543,female,44,155.5,61.7,27,71,38.1
1544,male,64,185.3,85.4,20,88,41.4
1545,female,33,173.1,83.1,76,140,39.8
1546,female,68,169.7,64.4,13,80,37.2
1547,female,23,171.5,88.4,58,139,39.1
1548,male,50,168.6,84.5,70,158,39.6
1549,male,61,165.3,64.8,22,161,38.5
1550,female,35,165.1,57.8,51,97,41.0
1551,male,33,179.3,64.4,87,133,40.6
1552,male,29,185.1,94.0,41,81,38.8
1553,male,37,178.9,94.8,44,124,40.4
1554,female,62,163.7,71.7,76,127,39.4
1555,female,57,163.5,68.9,85,98,40.7
1556,male,46,175.8,70.9,73,80,39.2
1557,female,47,167.6,68.9,76,115,37.5
1558,male,43,155.6,73.0,78,173,38.4
1559,male,39,175.9,79.7,7,177,39.8
1560,male,50,166.6,80.8,71,73,41.3
1561,male,56,184.3,80.0,99,160,41.0
1562,female,64,150.9,75.8,95,164,40.8
1563,female,46,156.2,79.1,96,91,39.5
1564,female,39,167.7,62.0,42,174,37.8
1565,male,62,183.1,55.9,104,112,37.1
1566,male,30,180.0,103.1,31,173,38.6
1567,male,26,179.5,75.8,20,94,40.5
1568,female,41,164.5,52.7,19,143,38.1
1569,male,32,168.8,96.0,76,155,38.3
1570,female,53,167.4,23.4,107,86,37.5
1571,female,30,163.1,53.2,53,86,40.2
1572,female,44,159.9,59.1,32,179,38.3
1573,female,61,167.8,59.9,83,88,39.8
1574,female,54,167.6,52.1,64,142,39.4
1575,female,24,164.5,53.7,28,102,41.5
1576,male,25,178.5,85.0,73,70,41.3
1577,male,54,176.3,86.7,74,173,38.8
1578,female,58,170.0,46.9,64,81,40.6
1579,female,31,181.0,54.6,59,156,38.8
1580,male,29,168.5,82.5,9,119,38.2
1581,female,53,159.7,64.3,29,124,37.1
1582,female,69,169.0,68.6,44,116,40.2
1583,male,57,182.0,76.2,11,88,38.3
1584,female,34,163.1,68.0,35,173,39.2
1585,female,57,156.1,79.0,65,115,37.7
1586,female,46,167.2,75.2,7,79,37.3
1587,male,44,184.7,83.1,56,180,40.4
1588,male,18,166.7,89.8,86,92,38.3
1589,male,69,174.0,89.0,68,78,38.1
1590,female,51,159.9,79.2,97,75,38.2
1591,female,21,150.7,69.3,69,65,37.5
1592,male,41,170.8,95.2,119,81,37.1
1593,female,38,157.8,63.5,60,172,37.8
1594,female,50,166.8,58.2,33,115,40.6
1595,female,24,165.0,63.6,63,153,41.4
1596,female,18,162.9,77.2,44,118,39.3
1597,female,58,156.8,63.2,37,130,40.6
1598,male,20,171.7,77.9,115,130,38.1
1599,female,61,150.4,75.4,92,167,40.1
1600,male,68,175.2,80.0,115,181,41.0
1601,female,32,161.3,57.1,39,79,39.8
1602,male,48,173.8,79.6,115,141,40.2
1603,female,33,170.1,74.6,75,140,37.5
1604,male,27,162.9,68.5,101,139,38.6
1605,female,46,174.6,77.2,72,157,37.1
1606,male,23,176.4,69.8,39,139,37.7
1607,female,46,166.4,60.2,38,122,38.3
1608,male,34,175.0,79.0,78,179,41.3
1609,female,39,172.7,55.2,78,68,37.2
1610,male,41,172.1,82.2,105,129,39.0
1611,male,34,173.4,94.9,24,173,40.5
1612,female,38,155.5,53.9,48,91,39.3
1613,female,68,160.1,59.1,85,108,39.6
1614,male,67,175.3,91.2,45,163,41.2
1615,female,28,171.8,67.5,81,116,39.9
1616,male,24,169.7,90.6,11,141,40.4
1617,male,59,175.6,78.6,98,110,37.2
1618,male,56,170.0,64.3,26,159,40.6
1619,female,22,148.5,80.4,15,121,38.9
1620,male,61,171.7,72.8,17,75,37.1
1621,male,65,169.3,66.1,27,138,40.8
1622,female,38,146.7,60.8,78,101,41.3
1623,female,35,161.2,61.4,32,136,39.7
1624,female,52,160.9,61.7,21,80,41.0
1625,female,37,161.3,63.9,51,133,37.9
1626,male,32,182.7,78.3,98,149,39.7
1627,male,22,160.1,75.6,26,128,39.0
1628,male,30,168.9,99.1,53,72,37.2
1629,male,68,176.9,78.7,44,99,39.8
1630,female,29,172.0,48.9,88,69,39.6
1631,male,38,163.1,91.7,10,141,37.2
1632,male,54,184.3,71.3,86,77,37.9
1633,female,23,167.8,67.2,99,69,38.3
1634,male,24,178.9,69.1,30,161,37.9
1635,male,43,185.9,82.5,51,80,39.9
1636,male,59,178.6,80.5,70,179,39.4
1637,male,65,178.6,79.7,49,84,38.7
1638,male,25,187.5,81.8,35,106,38.9
1639,male,26,183.8,89.8,54,166,41.3
1640,female,44,159.5,72.2,17,92,37.5
1641,female,21,155.2,83.7,42,118,37.8
1642,male,38,169.7,71.9,103,144,39.4
1643,male,48,179.0,91.1,29,181,41.4
1644,female,38,157.7,69.7,100,160,40.3
1645,male,57,163.9,85.9,33,160,40.7
1646,male,42,174.0,90.1,39,75,40.3
1647,male,56,177.1,60.3,32,130,37.4
1648,female,32,173.5,94.8,87,132,38.3
1649,male,52,177.5,89.8,23,123,39.4
1650,female,66,165.8,68.1,11,141,37.3
1651,male,60,174.8,75.1,53,69,38.8
1652,female,58,158.5,73.5,87,71,37.9
1653,female,54,147.3,67.0,76,141,39.9
1654,male,59,178.8,71.9,18,86,37.4
1655,female,64,160.2,65.2,103,127,40.5
1656,male,45,167.3,58.6,12,66,39.6
1657,female,31,162.9,68.7,117,168,38.7
1658,male,21,177.6,74.5,104,154,37.6
1659,male,37,185.3,76.0,70,157,40.0
1660,female,51,174.3,77.8,68,72,40.8
1661,male,29,160.5,73.6,97,148,40.8
1662,male,50,161.4,71.3,28,177,37.6
1663,female,41,162.3,77.5,19,67,41.4
1664,male,37,170.4,72.9,76,169,38.4
1665,male,22,178.5,88.2,105,70,38.1
1666,female,55,167.7,61.6,7,65,38.7
1667,female,47,161.6,75.3,110,147,38.9
1668,male,41,174.2,79.1,118,168,39.6
1669,male,60,168.1,93.4,15,140,39.5
1670,female,57,161.0,54.5,75,130,37.8
1671,female,24,179.3,73.2,43,169,38.3
1672,male,53,172.0,68.3,9,121,40.3
1673,female,55,174.1,70.6,25,164,38.0
1674,male,33,173.2,85.8,26,116,40.1
1675,male,69,182.4,90.6,100,101,40.4
1676,male,32,174.0,99.8,42,168,40.4
1677,male,63,183.2,88.9,11,116,40.3
1678,male,40,187.3,69.4,94,73,38.2
1679,female,29,167.6,52.4,95,99,38.9
1680,female,46,160.9,63.7,57,169,39.1
1681,female,61,165.6,68.2,57,109,41.3
1682,female,65,148.8,58.0,47,113,38.5
1683,male,32,175.7,52.2,55,104,41.2
1684,male,46,182.9,105.3,8,151,40.9
1685,male,62,179.9,75.5,22,72,40.4
1686,male,60,172.1,54.7,6,79,40.1
1687,female,66,172.4,45.1,62,178,39.2
1688,male,38,175.7,99.8,37,106,37.5
1689,male,32,174.2,102.9,69,151,39.2
1690,female,31,168.5,79.2,98,164,37.1
1691,female,59,173.0,56.6,111,177,39.2
1692,female,61,165.8,73.0,67,179,39.8
1693,female,33,172.0,75.0,107,165,38.8
1694,male,32,177.8,85.5,93,76,37.6
1695,male,59,179.8,90.1,94,116,40.1
1696,female,21,158.6,60.8,35,120,40.8
1697,male,44,173.8,98.4,84,146,39.9
1698,male,40,166.1,69.4,72,120,39.6
1699,male,46,185.4,72.4,17,154,38.9
1700,female,58,161.4,71.1,31,122,40.0
1701,male,69,169.5,91.3,61,117,38.4
1702,female,26,177.4,83.6,18,94,39.6
1703,male,69,179.6,79.4,56,114,38.5
1704,male,60,162.0,83.4,67,156,39.8
1705,male,60,169.0,92.9,84,106,39.1
1706,female,24,169.8,66.1,77,76,38.0
1707,male,59,180.8,70.3,98,136,38.2
1708,female,21,174.0,60.9,13,161,40.3
1709,female,22,157.9,55.6,43,142,37.8
1710,female,22,161.4,56.1,95,181,38.3
1711,male,28,170.6,61.2,11,129,40.3
1712,male,58,177.1,76.3,61,129,37.1
1713,male,45,171.0,79.1,111,123,37.0
1714,male,33,173.0,90.3,59,155,38.8
1715,female,58,151.7,55.5,11,98,41.3
1716,female,47,158.6,77.7,87,136,37.2
1717,female,21,152.0,63.8,107,138,41.0
1718,male,19,181.3,70.2,84,84,39.5
1719,female,63,167.7,64.9,20,127,37.4
1720,male,20,168.4,54.2,51,124,40.7
1721,female,67,160.2,67.0,102,165,37.2
1722,male,38,159.8,89.5,67,129,39.3
1723,male,23,200.1,79.8,97,158,39.8
1724,female,60,166.6,63.5,107,153,40.1
1725,female,35,168.7,62.9,100,117,38.1
1726,female,61,178.8,61.8,83,94,38.2
1727,female,22,163.9,69.7,37,154,40.8
1728,male,26,189.9,89.3,25,128,38.6
1729,female,37,151.9,61.1,99,126,39.4
1730,female,45,160.3,65.2,43,82,39.0
1731,female,43,161.1,62.5,33,74,37.8
1732,male,35,157.2,57.0,20,71,38.8
1733,male,36,174.7,75.1,49,138,37.2
1734,female,20,162.2,61.6,91,134,37.7
1735,male,26,174.7,68.7,105,68,40.7
1736,female,53,181.2,78.9,75,104,41.2
1737,male,48,179.2,88.7,36,74,37.1
1738,male,66,179.8,75.9,108,90,38.4
1739,male,34,161.7,87.5,47,169,41.2
1740,male,40,175.7,80.2,34,155,40.2
1741,female,51,163.3,83.8,14,160,37.1
1742,female,58,160.0,63.5,19,119,37.5
1743,female,58,161.9,66.3,17,134,40.3
1744,male,22,190.5,74.5,62,93,40.1
1745,female,32,159.9,56.5,90,103,40.9
1746,female,64,165.5,56.9,107,117,40.4
1747,female,20,165.3,56.9,27,115,41.3
1748,male,36,175.0,74.0,57,87,39.4
1749,male,45,169.0,102.4,38,159,38.2
1750,male,20,174.4,84.5,74,164,37.6
1751,female,55,161.2,70.1,49,120,37.0
1752,female,21,172.7,86.6,36,125,37.6
1753,female,41,150.1,90.9,57,101,39.7
1754,male,48,164.8,74.5,106,69,38.8
1755,male,62,174.7,86.7,80,133,40.6
1756,female,62,158.3,71.6,35,70,38.5
1757,male,28,175.7,75.4,48,84,38.6
1758,male,54,172.3,80.1,83,178,39.8
1759,male,18,181.0,70.8,80,134,41.2
1760,male,26,173.7,74.1,103,92,39.7
1761,female,34,167.4,80.3,69,140,38.0
1762,male,18,175.0,69.1,112,97,38.8
1763,male,20,180.6,79.2,29,78,41.2
1764,male,64,169.0,84.0,14,96,40.6
1765,male,43,179.0,85.1,37,100,37.2
1766,female,48,156.8,72.9,61,86,38.1
1767,female,43,173.0,67.5,46,158,39.7
1768,male,40,171.0,90.2,56,129,40.3
1769,male,47,169.9,72.7,67,76,37.5
1770,male,27,177.3,89.9,112,118,39.3
1771,male,25,180.0,71.2,19,70,39.5
1772,male,61,174.0,84.5,12,78,37.5
1773,male,42,177.3,89.0,42,179,39.0
1774,female,39,162.9,67.9,116,145,37.0
1775,male,32,175.8,90.4,32,96,40.1
1776,female,58,163.1,75.7,76,163,37.3
1777,female,27,159.0,66.4,92,124,37.7
1778,male,37,196.6,84.1,6,113,40.6
1779,female,58,167.7,62.0,7,88,38.9
1780,female,64,167.7,50.5,29,103,40.1
1781,female,40,167.6,84.5,38,131,39.9
1782,female,18,166.0,68.2,40,144,37.7
1783,female,19,169.6,84.4,85,88,37.8
1784,female,36,172.8,63.7,56,144,40.0
1785,male,31,183.4,95.1,23,180,38.1
1786,female,25,146.6,73.7,97,138,39.0
1787,female,55,175.0,71.2,66,82,40.7
1788,female,29,153.6,61.8,56,76,38.2
1789,male,43,166.2,72.2,87,86,38.5
1790,female,44,161.0,88.9,105,176,38.4
1791,male,46,165.4,62.9,104,169,40.4
1792,female,32,160.3,91.7,34,103,38.4
1793,male,63,163.5,68.8,15,165,38.7
1794,male,18,197.6,79.2,13,147,39.5
1795,female,60,165.0,72.2,105,117,39.3
1796,female,45,160.6,72.6,102,119,38.2
1797,male,20,184.1,67.6,24,83,39.7
1798,female,68,164.8,62.3,8,123,38.6
1799,male,35,181.8,76.1,73,130,39.1
1800,male,69,172.5,80.2,57,86,38.7
1801,male,51,185.8,78.3,81,168,40.5
1802,male,49,182.3,80.1,72,79,39.4
1803,male,46,176.7,80.0,14,119,41.4
1804,female,42,154.4,57.8,113,68,39.2
1805,male,43,172.6,76.6,112,142,41.0
1806,male,56,167.7,71.4,112,155,39.6
1807,female,25,173.1,54.0,70,148,41.0
1808,male,36,185.5,72.6,59,164,40.0
1809,female,64,149.8,43.2,114,128,37.5
1810,female,59,161.4,64.9,14,69,37.4
1811,female,39,149.1,65.8,51,103,40.4
1812,male,46,174.7,70.6,70,154,40.1
1813,male,50,175.5,94.4,84,89,39.0
1814,male,55,182.6,79.3,75,136,38.9
1815,female,62,170.2,63.1,77,97,40.0
1816,male,63,168.2,70.8,115,104,39.5
1817,female,52,154.7,69.2,28,97,37.9
1818,male,60,171.3,60.2,77,158,40.9
1819,female,20,163.5,69.2,50,140,40.2
1820,male,36,171.1,72.8,97,107,39.9
1821,male,27,172.4,93.2,12,79,39.1
1822,male,44,187.4,64.4,16,165,41.3
1823,female,32,154.9,82.7,6,172,37.0
1824,female,28,160.2,68.2,13,124,40.1
1825,male,64,181.6,114.0,75,89,41.4
1826,male,43,182.6,76.2,33,164,39.7
1827,female,41,153.4,66.5,100,166,39.7
1828,female,30,167.8,75.4,88,113,40.6
1829,female,49,167.2,49.9,27,129,37.1
1830,male,54,173.3,84.9,93,102,37.5
1831,female,21,170.0,81.5,83,71,40.8
1832,male,30,176.1,71.0,37,79,40.0
1833,female,26,160.8,72.4,104,103,41.4
1834,male,66,165.9,81.3,98,96,38.8
1835,female,51,170.7,68.1,20,136,39.0
1836,female,54,164.6,60.3,13,113,40.0
1837,female,65,170.3,59.4,112,94,37.8
1838,female,24,146.3,73.1,78,148,38.3
1839,female,18,163.7,59.6,40,157,40.9
1840,male,29,179.4,86.3,59,130,40.6
1841,female,38,162.8,66.5,36,110,39.6
1842,female,28,168.0,86.9,51,115,38.6
1843,female,61,175.2,63.4,118,143,39.9
1844,male,68,189.0,71.8,18,158,37.8
1845,female,61,159.3,72.1,39,177,38.9
1846,male,61,184.8,92.2,18,124,39.3
1847,female,31,156.2,52.6,5,106,39.1
1848,female,51,169.8,64.5,55,108,38.9
1849,male,51,165.9,75.3,92,70,38.7
1850,female,42,163.9,52.8,80,87,39.6
1851,male,21,171.8,71.5,52,148,38.6
1852,male,69,164.5,67.9,62,155,39.7
1853,female,43,157.3,66.0,45,112,39.3
1854,male,33,168.2,83.4,77,121,38.6
1855,female,27,157.0,66.4,17,132,40.5
1856,female,62,163.8,70.7,61,155,37.2
1857,male,19,171.0,85.7,30,124,38.2
1858,male,52,176.6,76.2,19,106,39.2
1859,male,36,183.3,73.0,112,109,41.1
1860,male,23,178.2,103.7,84,69,37.3
1861,female,36,157.6,79.4,14,81,39.6
1862,female,69,163.2,50.9,21,85,37.8
1863,male,68,167.3,84.7,108,163,37.1
1864,female,25,148.0,39.3,113,99,40.9
1865,female,31,167.8,71.3,14,125,40.9
1866,female,27,154.8,67.2,51,183,38.2
1867,female,20,162.8,57.7,115,163,40.9
1868,male,55,158.4,62.4,14,116,38.7
1869,male,46,190.3,84.7,65,84,37.2
1870,female,32,174.9,63.0,39,163,38.0
1871,male,40,187.7,85.2,109,160,39.9
1872,male,40,175.3,112.3,12,174,37.9
1873,male,35,179.5,84.6,14,72,39.6
1874,female,63,167.3,61.8,75,90,37.8
1875,female,36,165.9,67.3,102,65,37.9
1876,female,45,164.8,54.3,69,123,40.0
1877,male,43,180.3,92.3,73,89,40.9
1878,female,27,164.1,59.5,85,69,40.4
1879,female,64,179.0,69.9,52,90,37.3
1880,male,21,171.2,101.5,24,100,41.2
1881,female,19,155.0,56.6,72,71,37.7
1882,female,20,161.8,69.0,50,168,40.3
1883,male,24,183.7,84.6,102,155,40.3
1884,male,33,187.9,73.4,40,72,39.0
1885,male,48,177.4,84.1,115,86,39.5
1886,female,27,168.6,58.0,5,72,37.4
1887,female,36,153.5,73.1,54,90,41.4
1888,female,45,172.0,69.2,64,97,37.3
1889,male,34,160.6,80.6,108,107,41.1
1890,male,45,172.3,96.1,33,84,38.1
1891,female,36,158.8,53.5,24,172,38.8
1892,female,54,168.7,61.1,33,136,40.4
1893,male,40,175.3,115.4,20,183,41.0
1894,male,37,176.1,109.7,84,179,40.1
1895,male,30,155.7,77.8,104,179,37.5
1896,male,30,175.1,83.5,113,66,38.6
1897,female,60,157.1,64.7,44,108,39.7
1898,male,28,180.9,89.6,92,175,41.4
1899,female,65,161.1,51.1,21,89,38.8
1900,female,32,167.6,53.0,95,132,38.4
1901,female,34,166.9,78.2,108,131,38.3
1902,male,67,170.4,76.8,77,183,40.8
1903,male,45,184.5,73.7,24,105,37.8
1904,male,36,176.6,84.8,50,115,39.9
1905,male,21,177.8,74.4,28,84,40.8
1906,female,39,162.8,61.6,46,146,40.8
1907,male,39,174.2,101.0,89,89,37.6
1908,male,54,181.0,72.6,85,114,40.6
1909,female,56,161.8,69.5,107,72,41.1
1910,male,51,164.7,73.0,54,103,40.5
1911,female,50,166.6,65.9,35,127,40.2
1912,female,61,166.2,60.5,18,142,39.3
1913,female,59,150.6,68.0,41,71,40.5
1914,female,57,166.6,67.5,17,72,39.6
1915,female,50,164.3,60.7,97,101,38.8
1916,female,29,167.4,45.5,101,182,39.2
1917,female,19,170.5,63.1,89,118,39.9
1918,female,45,162.0,54.8,47,128,39.5
1919,male,27,179.9,101.5,10,136,40.0
1920,male,39,172.4,83.2,83,105,41.4
1921,male,34,189.5,82.2,18,148,38.2
1922,male,43,176.5,82.4,36,110,41.5
1923,female,20,160.4,56.1,67,160,37.2
1924,male,24,170.7,83.6,13,90,39.7
1925,female,61,177.0,57.3,50,166,41.2
1926,male,25,170.0,101.6,78,143,37.5
1927,male,37,172.2,78.4,87,96,41.5
1928,male,29,171.1,59.7,71,111,41.1
1929,female,52,151.1,65.7,36,112,40.8
1930,male,34,191.8,77.7,5,74,39.4
1931,female,45,170.5,69.2,20,140,38.0
1932,female,58,160.7,71.9,106,91,37.4
1933,male,27,179.7,69.0,113,77,37.3
1934,male,39,180.0,77.3,36,74,39.6
1935,male,55,174.5,70.3,70,121,40.2
1936,female,50,166.0,61.6,104,78,38.0
1937,male,39,178.6,95.4,87,141,39.2
1938,female,61,152.4,56.0,51,84,39.4
1939,female,54,158.6,61.9,83,88,41.0
1940,male,30,162.5,102.4,9,80,37.6
1941,male,44,171.3,71.7,18,154,40.6
1942,female,32,164.7,77.3,73,133,40.5
1943,female,39,176.4,60.1,15,123,40.1
1944,female,47,173.6,63.1,31,158,38.1
1945,male,60,177.9,83.4,43,110,37.2
1946,female,57,168.5,57.9,105,86,40.5
1947,male,54,170.7,93.3,11,103,39.5
1948,female,51,173.2,60.0,6,109,39.8
1949,female,61,152.1,69.8,53,158,40.8
1950,male,51,185.4,83.4,46,153,37.6
1951,female,65,166.5,72.5,27,82,37.9
1952,male,52,166.9,70.8,25,164,38.9
1953,male,59,161.2,100.0,117,73,38.6
1954,female,36,155.1,83.8,91,82,41.3
1955,male,25,170.8,80.1,5,128,38.4
1956,male,56,167.2,63.2,33,87,41.0
1957,female,50,168.4,64.1,55,76,39.4
1958,male,61,176.3,86.8,39,139,37.4
1959,male,45,187.1,88.7,39,65,40.0
1960,male,54,171.7,85.6,41,129,40.4
1961,female,65,162.9,45.3,51,69,37.7
1962,male,42,174.2,73.4,22,91,38.9
1963,female,53,152.7,81.6,101,135,37.7
1964,female,34,172.2,62.6,10,120,37.8
1965,male,41,166.2,63.8,78,146,40.1
1966,male,38,175.2,80.9,32,175,39.2
1967,male,19,172.3,78.3,62,125,37.1
1968,female,48,172.3,78.7,80,83,41.2
1969,male,61,166.5,60.6,72,102,40.1
1970,male,50,178.1,79.8,117,68,37.2
1971,male,47,168.3,94.6,29,158,40.2
1972,male,29,170.9,86.9,75,105,40.8
1973,male,61,145.9,57.3,42,69,38.8
1974,female,29,170.5,58.9,88,103,40.4
1975,female,68,170.8,71.4,59,105,38.3
1976,male,66,168.9,80.2,48,83,37.5
1977,male,69,166.0,75.4,27,177,41.4
1978,male,41,171.0,100.9,63,132,37.0
1979,male,41,180.7,81.0,76,133,39.4
1980,female,28,165.4,60.8,109,82,37.4
1981,male,30,173.9,79.5,85,105,39.7
1982,female,44,167.3,68.8,33,165,37.0
1983,female,25,160.4,60.7,52,117,37.3
1984,male,27,175.6,89.3,103,92,40.2
1985,female,25,163.5,50.8,58,81,40.6
1986,female,37,160.0,63.7,30,80,40.6
1987,female,25,164.3,67.7,14,145,37.8
1988,female,26,181.9,66.5,79,175,37.0
1989,male,24,171.8,90.1,83,122,40.4
1990,male,31,185.4,85.9,86,91,37.8
1991,female,45,158.3,71.7,72,91,38.4
1992,male,19,159.3,81.0,95,65,38.2
1993,male,60,171.9,77.1,113,109,41.2
1994,male,25,167.3,81.6,73,183,40.9
1995,male,30,172.8,74.0,74,91,39.0
1996,male,38,172.9,91.8,14,99,40.6
1997,female,64,168.6,71.7,23,101,40.4
1998,male,45,180.6,86.9,118,112,39.1
1999,male,52,177.1,97.0,80,114,37.4
2000,male,40,175.0,93.5,63,98,40.5
2001,male,63,166.5,76.8,28,129,40.0
2002,female,32,163.2,69.1,84,91,37.7
2003,female,19,159.7,70.2,77,184,39.2
2004,female,68,168.2,58.1,81,152,40.6
2005,female,29,165.4,67.5,22,85,40.5
2006,male,69,170.7,78.7,36,104,41.4
2007,female,53,154.4,49.6,112,146,39.1
2008,male,20,174.3,93.1,23,133,40.7
2009,male,22,188.5,75.3,42,121,37.0
2010,male,20,184.9,90.9,25,105,39.9
2011,male,64,182.7,79.1,60,146,38.3
2012,male,36,181.1,57.9,89,171,37.7
2013,female,19,161.3,87.4,61,175,40.3
2014,female,61,158.7,71.1,53,127,38.7
2015,female,54,168.3,49.1,10,109,39.8
2016,female,34,168.0,59.6,59,171,40.7
2017,male,31,178.9,100.1,6,71,39.4
2018,female,45,170.3,57.8,10,82,39.0
2019,male,44,196.6,64.9,85,153,39.8
2020,female,27,159.8,59.3,119,96,41.5
2021,male,20,182.5,85.8,34,129,37.6
2022,male,53,171.2,78.7,118,174,38.2
2023,female,55,168.1,49.6,59,127,41.2
2024,male,42,182.5,74.0,15,74,41.5
2025,male,39,177.9,95.7,29,160,39.5
2026,female,65,156.5,73.4,39,73,37.1
2027,male,56,167.9,80.6,119,148,40.7
2028,female,64,177.2,68.0,77,89,39.8
2029,female,47,162.3,63.1,93,156,39.4
2030,female,38,171.0,95.2,113,119,41.3
2031,male,47,176.4,81.7,12,80,37.6
2032,male,45,185.3,89.3,71,156,38.6
2033,male,48,169.7,86.6,94,84,39.8
2034,female,69,154.0,69.6,106,119,37.0
2035,male,43,177.5,84.6,90,155,40.9
2036,female,60,161.1,65.2,28,90,40.4
2037,female,39,165.0,61.0,25,154,38.1
2038,male,38,174.8,96.1,20,154,38.4
2039,female,18,163.3,71.7,50,86,38.4
2040,male,54,174.4,77.4,40,166,40.9
2041,male,30,175.2,82.5,14,71,38.4
2042,male,38,172.6,66.0,70,132,38.3
2043,male,63,173.4,82.7,101,164,40.3
2044,male,26,171.8,100.4,95,116,39.6
2045,female,34,163.1,53.5,21,88,38.6
2046,female,64,160.2,64.5,79,103,39.6
2047,female,38,172.5,65.7,77,94,41.1
2048,male,48,176.3,79.4,61,101,39.0
2049,male,56,170.6,79.2,14,101,37.0
2050,male,39,196.4,88.6,79,73,40.3
2051,female,29,152.6,61.4,83,151,41.5
2052,male,23,182.9,88.3,70,157,37.2
2053,female,33,160.0,58.4,21,117,39.8
2054,female,43,169.6,46.2,79,174,38.8
2055,male,22,179.3,84.6,111,107,39.5
2056,male,26,166.2,81.4,106,133,38.4
2057,female,63,155.7,58.7,36,161,40.4
2058,male,57,164.4,81.9,73,168,37.4
2059,female,31,162.5,65.0,22,163,37.4
2060,male,61,169.2,71.8,50,141,39.4
2061,male,59,177.9,80.4,105,151,38.4
2062,female,47,166.1,87.6,116,175,41.2
2063,male,69,178.8,66.2,50,113,37.9
2064,female,69,176.0,61.1,118,90,40.5
2065,male,43,170.1,81.0,6,98,41.4
2066,female,62,163.0,65.6,107,110,38.5
2067,female,46,164.1,65.2,31,166,41.1
2068,male,36,183.5,68.6,12,155,38.4
2069,female,64,147.3,67.6,111,118,39.5
2070,male,25,162.8,81.3,96,102,37.0
2071,male,40,169.2,71.6,32,183,38.2
2072,male,59,183.4,101.9,60,178,37.2
2073,female,52,162.1,47.5,53,73,37.1
2074,female,48,164.8,43.2,73,126,41.5
2075,male,52,177.5,75.4,98,178,40.4
2076,male,49,189.7,92.1,111,122,38.5
2077,female,22,159.7,59.7,95,125,40.1
2078,male,33,186.4,59.1,31,145,39.4
2079,male,34,183.0,71.7,93,167,41.1
2080,female,49,165.9,71.7,31,86,38.1
2081,male,55,173.5,79.9,16,78,39.3
2082,female,49,165.9,67.0,8,140,37.0
2083,male,69,175.8,67.2,56,145,40.3
2084,female,37,153.9,52.7,61,77,39.6
2085,male,65,178.3,100.4,38,106,39.8
2086,male,19,151.5,80.3,54,90,40.3
2087,female,37,163.9,47.7,28,154,38.7
2088,male,64,157.5,64.0,40,113,37.7
2089,female,35,158.4,52.9,57,97,37.8
2090,male,18,176.9,67.1,21,87,40.3
2091,female,46,161.4,54.2,36,112,41.5
2092,female,46,175.1,72.9,58,87,39.0
2093,female,36,168.6,61.5,64,91,37.8
2094,female,61,166.8,82.8,59,143,37.3
2095,male,57,165.0,58.5,112,78,39.2
2096,male,23,163.3,90.0,113,171,40.2
2097,female,61,157.3,69.6,66,67,39.7
2098,female,56,158.5,60.5,63,92,38.3
2099,female,67,161.1,64.9,80,155,39.7
2100,male,63,179.5,75.1,10,173,39.4
2101,male,25,169.2,73.0,36,105,38.0
2102,male,41,182.1,64.0,6,168,38.8
2103,male,37,171.4,69.1,20,118,40.9
2104,female,31,160.8,66.2,113,124,40.4
2105,female,22,164.8,72.2,59,69,41.2
2106,female,58,165.4,70.3,95,66,41.0
2107,male,57,170.0,65.6,72,103,38.1
2108,male,51,175.8,75.7,32,75,40.9
2109,male,33,156.6,89.4,84,107,39.8
2110,female,62,153.8,52.5,27,88,41.3
2111,female,24,162.2,47.1,51,159,37.9
2112,male,33,183.7,72.1,113,81,38.5
2113,female,24,178.1,81.5,14,149,38.8
2114,male,44,172.8,73.9,65,101,37.1
2115,male,31,179.5,87.9,86,182,39.2
2116,female,31,166.1,88.1,103,70,41.2
2117,male,61,175.6,98.5,57,80,40.7
2118,female,50,162.5,52.9,72,96,37.9
2119,male,50,150.2,63.2,89,168,38.3
2120,female,61,169.6,86.8,63,134,41.4
2121,female,37,157.0,58.4,94,150,37.3
2122,female,64,160.6,59.7,20,139,39.0
2123,male,53,186.7,41.2,40,165,41.0
2124,male,24,166.0,81.0,23,136,40.1
2125,female,49,165.0,69.4,25,167,41.4
2126,female,65,155.5,67.9,103,136,41.4
2127,male,20,187.1,82.2,43,146,40.4
2128,male,56,173.0,83.8,41,123,39.2
2129,male,46,171.5,99.0,61,151,39.8
2130,female,41,168.9,66.2,25,128,40.6
2131,male,39,180.1,68.3,89,135,38.3
2132,male,23,177.8,91.0,17,101,39.1
2133,female,65,155.3,63.3,5,166,40.0
2134,male,41,178.6,75.6,39,174,38.2
2135,male,57,171.3,80.4,116,153,40.0
2136,male,40,170.5,75.5,101,93,37.7
2137,female,55,168.1,75.9,106,115,38.9
2138,female,27,162.0,55.4,54,170,37.5
2139,female,33,160.0,80.1,57,124,40.8
2140,female,28,159.5,65.3,13,143,38.4
2141,female,49,149.1,69.1,99,103,41.2
2142,female,62,168.3,70.5,90,104,40.5
2143,female,23,156.0,64.2,61,128,38.4
2144,male,41,163.6,79.2,10,171,39.7
2145,male,50,158.5,66.7,52,131,39.0
2146,female,68,172.2,44.9,63,171,40.6
2147,male,29,162.7,90.5,95,127,40.1
2148,male,44,178.1,62.6,91,117,39.9
2149,female,55,169.9,80.5,98,175,40.3
2150,male,35,173.2,86.9,71,107,38.9
2151,male,62,184.2,87.1,88,115,38.9
2152,male,56,169.5,80.0,119,123,38.6
2153,male,30,181.2,101.0,26,83,37.7
2154,male,57,187.1,91.5,25,79,38.6
2155,female,47,165.1,64.3,19,99,39.8
2156,female,66,160.5,74.5,53,138,38.4
2157,female,58,173.9,71.6,110,142,37.9
2158,male,69,182.4,76.6,83,157,41.3
2159,female,30,163.7,50.9,54,133,39.6
2160,male,51,161.8,84.7,51,83,37.1
2161,male,53,171.9,87.9,83,174,40.5
2162,male,47,167.9,94.0,73,128,40.0
2163,male,42,170.9,86.6,45,159,38.8
2164,female,19,155.5,64.8,88,156,40.1
2165,female,53,158.7,76.7,26,140,41.1
2166,male,35,171.7,86.2,96,170,38.0
2167,female,22,181.9,71.1,95,127,39.4
2168,male,36,172.2,80.7,81,102,40.5
2169,female,59,158.8,76.5,66,172,37.4
2170,female,35,158.3,63.0,82,117,40.4
2171,male,49,162.1,75.5,14,119,40.4
2172,female,38,169.3,57.2,78,164,39.5
2173,male,27,170.5,80.4,23,126,40.5
2174,female,54,160.0,79.8,95,83,40.0
2175,male,66,163.4,63.2,92,158,38.5
2176,male,39,170.7,85.1,109,72,37.7
2177,female,30,156.4,43.9,47,95,41.3
2178,female,34,156.5,74.4,69,161,39.6
2179,male,26,173.1,89.2,31,176,40.2
2180,female,41,164.4,68.9,12,66,39.4
2181,female,61,166.9,68.9,58,73,40.3
2182,male,31,187.4,76.8,85,166,37.7
2183,male,63,176.4,78.5,109,167,38.0
2184,female,25,157.6,84.1,32,66,40.8
2185,male,54,161.4,64.8,48,90,37.2
2186,male,36,177.9,94.9,111,162,39.1
2187,male,45,184.3,80.2,95,159,37.9
2188,female,63,163.9,67.7,101,150,39.6
2189,female,58,161.0,73.9,28,77,39.1
2190,male,47,166.0,97.8,69,120,40.3
2191,female,24,163.7,69.5,112,117,38.4
2192,male,43,180.3,80.7,12,146,38.9
2193,female,57,161.2,67.5,113,91,38.1
2194,male,63,166.0,103.6,6,136,37.5
2195,male,63,182.1,81.2,115,102,38.0
2196,female,28,170.7,68.3,22,107,41.0
2197,male,31,162.6,74.9,83,109,39.2
2198,female,38,160.9,77.0,65,182,39.4
2199,female,25,156.7,75.9,46,174,40.3
2200,male,20,181.2,75.7,44,106,40.9
2201,male,45,169.9,94.2,8,109,37.1
2202,female,46,161.4,70.7,68,180,37.6
2203,male,40,181.8,65.4,43,65,38.9
2204,male,35,172.2,82.7,83,121,37.9
2205,male,52,175.1,78.2,94,99,39.1
2206,male,30,169.8,80.6,81,120,39.8
2207,male,29,188.2,91.4,14,78,39.2
2208,female,64,160.7,72.0,105,71,40.1
2209,female,67,152.1,57.3,112,130,37.1
2210,male,22,169.3,78.3,38,135,39.4
2211,male,56,176.0,92.9,95,71,40.2
2212,male,28,181.0,71.4,31,69,41.5
2213,female,28,153.7,73.1,118,115,37.5
2214,male,64,189.8,77.3,49,128,37.1
2215,female,59,159.2,51.5,92,115,38.3
2216,female,64,169.8,67.2,119,180,38.5
2217,female,48,165.0,54.7,99,111,40.6
2218,male,48,175.2,75.6,14,104,38.1
2219,female,30,165.8,55.3,81,136,38.1
2220,male,31,183.1,64.4,87,151,40.9
2221,female,66,159.3,79.6,112,182,38.9
2222,male,62,181.1,48.1,41,95,40.0
2223,female,59,168.4,60.8,7,147,37.9
2224,male,42,176.6,83.8,117,122,39.7
2225,female,50,162.8,47.9,19,156,41.0
2226,male,50,184.7,56.9,66,89,40.3
2227,male,32,168.3,83.5,13,97,37.6
2228,male,33,172.4,73.5,71,102,37.6
2229,male,61,172.5,99.2,8,95,37.5
2230,female,55,163.2,46.3,33,71,41.1
2231,female,23,154.0,66.5,33,122,39.7
2232,male,61,172.5,59.7,35,94,37.1
2233,female,42,173.2,50.7,64,82,40.8
2234,male,32,168.5,89.7,26,76,38.5
2235,male,21,176.4,93.8,108,121,40.0
2236,female,21,154.3,62.9,86,120,40.8
2237,male,47,178.4,81.0,70,68,40.4
2238,male,51,174.9,76.0,48,89,40.7
2239,female,44,161.1,60.6,39,89,40.6
2240,male,48,184.5,94.6,16,126,37.7
2241,male,49,169.8,75.8,26,177,38.7
2242,male,61,179.7,87.9,109,142,41.1
2243,male,56,168.8,73.7,94,65,37.4
2244,female,69,161.9,58.1,93,143,41.4
2245,female,26,157.9,72.1,36,100,38.0
2246,female,58,160.2,76.6,13,142,39.8
2247,male,25,174.3,102.6,106,103,38.5
2248,male,31,189.5,49.0,68,74,41.4
2249,female,50,181.3,78.8,63,75,39.4
2250,male,40,188.2,85.6,78,117,37.7
2251,male,38,176.8,85.4,68,80,40.8
2252,male,29,171.9,82.9,103,178,38.8
2253,male,19,187.3,82.9,52,119,40.8
2254,female,30,167.8,62.6,57,66,39.0
2255,female,21,166.4,81.0,36,160,41.2
2256,female,37,162.2,55.6,58,68,37.2
2257,male,67,172.7,79.7,109,101,41.4
2258,female,68,156.7,58.7,45,184,39.1
2259,female,65,160.2,78.6,71,84,38.7
2260,male,31,183.8,75.0,59,82,37.2
2261,male,47,189.7,101.4,98,137,38.0
2262,female,46,172.3,54.5,109,126,38.4
2263,female,25,157.6,50.3,112,176,40.3
2264,female,29,167.3,46.0,39,174,40.1
2265,female,58,168.3,63.4,62,102,41.0
2266,male,55,188.1,83.6,73,177,41.2
2267,female,43,157.1,65.2,98,116,40.3
2268,female,67,170.5,67.3,5,82,40.1
2269,male,19,169.3,95.7,13,167,41.0
2270,female,57,162.6,74.8,53,94,37.6
2271,male,31,162.6,71.5,72,112,37.3
2272,male,23,181.2,66.7,50,154,40.2
2273,male,59,179.7,82.0,88,107,38.4
2274,female,57,168.9,60.3,92,94,38.9
2275,female,48,162.6,84.5,41,145,39.7
2276,male,34,187.3,74.1,112,172,41.3
2277,female,42,148.7,64.0,81,142,40.9
2278,female,49,162.0,63.3,81,92,40.3
2279,male,29,170.3,84.6,23,89,38.9
2280,male,66,168.0,88.4,117,160,40.6
2281,female,30,161.3,67.5,85,184,37.8
2282,male,36,167.0,76.0,24,180,40.6
2283,female,61,168.0,62.5,43,124,39.1
2284,female,65,159.3,63.7,19,140,38.2
2285,female,42,160.2,64.9,101,143,39.1
2286,female,48,165.7,66.7,97,175,40.5
2287,male,54,175.1,67.6,76,134,40.0
2288,male,42,182.1,64.8,25,127,37.6
2289,male,33,187.9,60.5,58,104,40.1
2290,male,55,161.5,86.8,108,116,40.7
2291,female,60,159.9,71.6,14,66,37.7
2292,female,66,160.8,87.5,53,163,37.3
2293,male,40,163.8,80.6,5,159,37.3
2294,female,31,167.3,57.5,36,109,37.1
2295,female,23,170.9,63.4,92,134,37.1
2296,female,42,168.4,59.9,18,70,40.6
2297,male,40,162.6,76.9,32,178,40.3
2298,male,60,198.0,94.2,44,130,41.2
2299,male,29,177.1,74.6,56,126,38.6
2300,female,30,152.8,59.3,31,138,40.2
2301,male,53,166.2,58.6,19,154,38.8
2302,male,56,177.1,77.3,65,116,39.5
2303,male,51,173.7,75.4,93,165,39.0
2304,male,23,159.9,63.2,66,103,38.9
2305,male,55,166.4,93.3,118,172,38.1
2306,male,67,181.4,72.3,5,70,39.6
2307,female,69,142.6,73.6,110,148,38.2
2308,female,57,160.0,46.7,8,149,37.6
2309,male,25,183.8,81.9,43,138,40.4
2310,male,25,173.8,89.4,31,152,39.9
2311,female,57,160.9,37.7,35,79,38.3
2312,female,50,172.5,84.0,55,172,39.8
2313,male,51,188.3,105.0,111,98,37.1
2314,male,61,185.4,90.2,88,166,41.4
2315,male,32,166.5,67.1,46,140,37.8
2316,male,53,174.5,82.7,67,124,41.2
2317,female,52,159.5,71.6,92,176,37.3
2318,male,63,172.9,96.7,85,94,40.2
2319,male,39,178.1,52.8,34,77,38.0
2320,male,40,181.6,83.3,107,92,41.3
2321,male,57,183.0,83.1,11,145,38.4
2322,female,62,182.3,58.9,58,134,37.2
2323,female,68,157.9,59.1,101,170,37.2
2324,female,39,157.7,54.8,63,130,40.8
2325,male,22,177.9,58.7,110,142,37.3
2326,male,48,190.1,64.6,72,88,40.7
2327,female,30,156.4,78.5,76,129,37.7
2328,male,45,180.5,70.0,70,162,38.2
2329,male,37,180.6,74.4,110,71,41.4
2330,female,50,162.2,60.5,33,74,40.3
2331,female,33,164.2,56.0,63,120,37.7
2332,female,46,156.8,59.1,38,144,38.2
2333,female,40,158.7,70.5,57,83,39.1
2334,male,41,166.1,89.3,85,90,41.0
2335,male,51,171.9,65.1,44,112,40.2
2336,female,24,148.2,53.1,62,121,40.1
2337,male,55,174.2,87.1,88,172,38.6
2338,female,54,162.2,59.2,106,111,39.9
2339,female,21,163.8,82.0,33,164,37.8
2340,male,51,180.3,80.3,74,168,39.6
2341,female,59,154.0,77.1,88,170,39.5
2342,male,39,183.5,74.1,95,102,40.1
2343,male,22,179.8,84.0,74,181,38.1
2344,male,67,163.2,77.5,53,125,37.5
2345,male,59,172.2,74.3,10,121,41.4
2346,female,40,158.7,67.9,114,98,37.7
2347,male,32,184.0,91.9,11,156,38.5
2348,female,48,165.5,61.0,106,144,40.9
2349,female,26,168.5,75.0,40,172,39.7
2350,female,60,164.0,50.4,74,121,38.0
2351,female,42,162.4,66.1,102,181,39.2
2352,male,42,156.5,65.9,5,151,40.8
2353,male,66,175.8,73.7,98,151,41.5
2354,female,38,159.5,66.3,26,178,39.9
2355,female,26,161.8,77.6,116,173,38.1
2356,male,65,172.2,95.4,85,72,40.7
2357,female,55,172.7,88.4,46,137,40.6
2358,male,39,174.9,73.9,88,90,41.0
2359,female,60,155.7,85.5,36,137,37.6
2360,male,40,173.2,103.5,36,73,38.6
2361,female,66,177.1,49.7,10,167,38.1
2362,female,21,156.3,65.3,10,148,38.0
2363,male,46,152.1,82.4,76,69,38.6
2364,female,32,172.4,80.3,112,121,37.2
2365,female,18,160.5,66.7,15,142,40.8
2366,male,47,166.5,63.4,33,153,40.8
2367,female,46,167.0,73.8,37,82,41.2
2368,male,37,184.2,78.6,5,160,37.3
2369,male,50,148.5,97.2,95,181,39.6
2370,female,58,177.5,60.5,76,109,37.0
2371,female,61,164.2,67.0,81,174,39.7
2372,female,53,154.7,46.9,41,175,37.4
2373,female,39,163.5,72.1,41,87,38.7
2374,female,30,164.7,81.9,110,166,38.5
2375,female,24,171.9,58.5,119,79,38.5
2376,female,25,161.6,83.4,110,166,37.9
2377,male,45,168.2,97.7,97,140,37.5
2378,female,62,153.4,64.2,30,81,37.1
2379,male,60,160.6,94.6,45,162,40.4
2380,female,26,186.4,81.0,94,87,41.1
2381,female,42,161.4,66.4,108,164,41.0
2382,male,33,189.4,66.3,100,123,39.9
2383,female,27,159.2,59.6,46,184,37.5
2384,female,28,154.0,63.8,64,125,39.6
2385,male,48,177.4,72.0,92,146,37.4
2386,female,29,163.2,63.2,7,160,39.3
2387,female,48,146.3,60.0,17,168,40.9
2388,female,31,174.3,76.5,15,174,37.9
2389,male,68,175.9,80.0,61,169,41.2
2390,female,61,163.5,60.2,73,122,38.7
2391,female,49,160.0,82.5,69,90,38.0
2392,female,67,165.8,86.1,102,113,39.3
2393,female,34,166.2,75.1,112,112,40.9
2394,male,52,163.2,85.6,36,144,38.2
2395,male,18,164.2,81.1,17,76,37.8
2396,female,46,172.1,70.9,21,96,39.9
2397,female,68,177.0,49.2,70,123,40.1
2398,male,21,179.7,85.0,25,86,37.3
2399,male,40,166.3,77.7,89,116,38.1
2400,female,45,165.5,76.2,74,86,37.5
2401,male,33,168.3,75.8,58,152,40.2
2402,female,29,158.7,69.8,98,157,39.4
2403,male,38,169.7,86.5,19,104,41.0
2404,male,62,185.4,89.9,19,126,40.0
2405,male,34,176.4,85.2,113,120,38.2
2406,male,57,189.8,85.5,115,171,38.5
2407,female,30,166.2,53.2,13,163,38.9
2408,male,69,155.7,77.2,80,84,37.4
2409,male,49,183.4,72.0,75,108,41.1
2410,female,54,157.3,72.9,92,77,40.1
2411,male,67,176.8,68.0,25,133,40.3
2412,male,32,168.8,76.6,13,166,40.0
2413,female,29,157.2,78.9,100,146,39.0
2414,male,66,186.5,83.6,70,140,38.7
2415,female,32,162.8,63.3,75,176,39.5
2416,female,51,173.2,75.2,6,94,40.3
2417,female,23,143.4,76.6,60,129,38.6
2418,female,34,161.0,62.7,113,172,39.2
2419,male,65,175.2,64.4,16,159,39.9
2420,female,66,150.2,56.9,60,120,38.2
2421,male,37,169.3,70.8,83,79,40.7
2422,male,26,175.0,77.1,103,147,38.0
2423,male,22,184.9,92.9,55,174,40.9
2424,male,40,178.4,77.3,74,69,37.0
2425,male,50,168.8,74.7,63,144,39.9
2426,male,55,180.2,76.6,75,171,39.1
2427,male,31,171.9,77.0,15,172,38.1
2428,male,34,182.1,68.1,7,70,41.3
2429,male,36,195.2,100.1,38,125,38.0
2430,male,50,172.1,73.4,99,138,39.2
2431,female,18,168.6,58.6,89,80,39.5
2432,female,30,158.1,56.5,97,183,41.3
2433,female,63,165.2,53.1,23,181,39.9
2434,male,44,175.2,82.0,11,133,37.3
2435,female,23,168.8,62.8,111,118,38.9
2436,female,23,164.4,67.7,15,172,40.9
2437,female,50,166.6,49.6,67,129,40.4
2438,male,47,179.7,77.3,71,133,37.2
2439,male,63,159.6,77.9,60,76,39.6
2440,male,52,178.5,86.9,107,176,37.5
2441,male,40,184.1,66.3,47,102,37.4
2442,female,27,155.6,58.7,60,165,41.3
2443,female,68,179.4,65.1,112,84,40.1
2444,female,36,174.2,58.7,49,179,37.5
2445,female,68,163.6,69.8,64,136,38.5
2446,male,45,180.8,101.7,37,72,40.1
2447,male,40,191.1,98.6,32,135,41.1
2448,male,21,172.0,73.2,107,158,37.3
2449,female,37,169.3,55.6,100,108,37.4
2450,male,36,165.7,92.4,61,115,37.5
2451,male,59,176.6,85.7,56,147,39.5
2452,female,44,153.4,49.6,8,89,39.1
2453,female,51,157.3,64.1,103,143,37.7
2454,male,21,181.2,89.6,21,179,39.4
2455,male,55,178.7,87.7,39,124,38.5
2456,male,24,175.3,61.4,46,177,37.8
2457,male,65,167.8,104.4,105,119,37.1
2458,male,24,171.1,108.8,64,129,37.4
2459,male,67,155.6,57.1,30,153,38.7
2460,female,69,156.6,67.9,52,183,39.3
2461,female,43,158.9,62.7,68,163,38.0
2462,female,43,149.1,57.4,21,156,40.5
2463,male,36,179.0,92.2,102,149,39.6
2464,female,26,148.6,67.3,117,128,40.5
2465,male,37,174.1,89.5,76,87,38.8
2466,male,59,175.4,82.9,77,93,41.0
2467,female,62,148.8,53.5,11,161,40.6
2468,male,67,170.3,67.6,69,154,39.5
2469,male,33,175.4,67.1,56,183,40.1
2470,female,34,162.1,58.9,108,110,37.7
2471,female,39,156.0,55.0,45,182,40.5
2472,female,30,150.5,74.2,20,141,39.7
2473,male,29,176.7,74.2,118,68,37.9
2474,female,27,166.7,70.8,70,161,38.2
2475,female,18,160.0,71.4,76,138,41.1
2476,male,49,182.2,79.4,90,103,37.9
2477,female,47,160.0,61.4,60,84,39.0
2478,female,25,162.0,86.3,31,102,40.8
2479,female,38,154.4,54.4,22,178,38.4
2480,male,39,187.2,64.9,67,159,37.7
2481,male,35,171.1,95.9,84,141,39.2
2482,male,19,176.9,70.1,119,98,37.9
2483,male,65,167.9,94.3,30,139,41.4
2484,female,61,165.6,62.6,26,91,39.9
2485,male,26,169.1,92.0,62,71,39.3
2486,male,20,170.7,82.1,5,177,39.0
2487,female,43,162.6,69.3,100,79,39.8
2488,female,38,163.2,75.0,50,126,38.6
2489,female,47,161.1,66.2,90,119,38.0
2490,male,45,174.9,92.9,31,139,38.2
2491,male,53,168.8,85.4,106,66,37.5
2492,male,43,179.3,63.8,48,75,41.0
2493,female,51,165.5,52.9,37,110,41.3
2494,female,25,165.9,80.8,98,169,38.1
2495,male,27,184.0,71.4,87,173,41.4
2496,female,65,169.5,79.4,37,119,39.5
2497,female,60,163.2,62.1,58,169,38.1
2498,female,67,160.1,57.4,29,89,39.3
2499,male,31,177.6,72.5,10,120,37.3
2500,female,57,152.2,60.4,52,143,37.6
2501,female,32,173.2,60.1,97,130,38.0
2502,male,34,163.8,80.5,64,86,41.1
2503,male,35,173.0,102.5,66,138,41.3
2504,female,49,160.1,67.7,19,164,38.8
2505,female,55,161.1,48.4,80,134,38.1
2506,male,40,173.3,86.3,63,96,38.5
2507,male,63,173.9,101.6,42,123,38.5
2508,female,40,181.4,79.1,19,141,39.5
2509,female,52,163.4,74.0,35,96,37.8
2510,female,56,177.4,66.4,118,164,39.6
2511,female,32,169.3,44.0,69,66,38.7
2512,male,41,178.3,74.1,24,77,39.8
2513,female,45,174.0,58.5,33,170,39.5
2514,female,33,170.9,69.1,116,135,39.1
2515,male,33,167.7,73.4,79,123,37.5
2516,female,57,179.2,67.6,77,96,37.7
2517,male,56,165.9,81.5,20,165,38.6
2518,female,23,156.0,51.1,84,164,40.3
2519,female,19,158.3,56.2,37,93,38.5
2520,male,30,164.1,65.7,59,103,38.3
2521,male,61,187.7,93.4,23,117,40.6
2522,female,64,159.3,48.4,93,106,40.9
2523,female,26,146.5,58.6,54,139,40.3
2524,female,51,161.6,58.8,38,140,39.0
2525,male,34,182.3,65.2,68,184,38.0
2526,female,44,159.5,63.1,107,178,41.5
2527,male,46,181.3,62.1,28,116,38.5
2528,male,54,168.0,75.2,117,164,38.9
2529,female,60,176.2,59.5,36,91,39.3
2530,male,39,181.1,71.8,107,155,39.5
2531,female,68,172.9,81.3,7,94,37.1
2532,female,41,161.5,65.0,17,183,41.0
2533,female,24,155.1,55.9,98,65,41.0
2534,female,51,166.6,54.5,91,154,37.6
2535,female,65,160.3,52.9,98,163,40.8
2536,male,29,168.2,66.6,16,124,37.7
2537,male,40,186.0,84.6,66,72,38.1
2538,female,32,157.3,63.2,49,156,39.3
2539,female,50,151.7,70.7,106,68,41.4
2540,male,30,170.9,86.4,28,159,39.2
2541,male,40,152.2,72.8,28,125,38.7
2542,male,55,163.8,57.3,98,121,39.3
2543,male,49,180.0,85.5,85,140,38.0
2544,female,62,173.5,62.2,19,145,41.2
2545,female,67,162.4,66.2,104,101,41.2
2546,male,52,187.4,82.2,54,177,40.0
2547,female,18,163.4,53.0,92,82,37.7
2548,male,64,177.5,78.8,100,162,39.2
2549,female,62,156.0,68.4,92,150,38.7
2550,male,22,153.8,80.5,71,182,41.5
2551,female,30,165.6,69.5,49,112,37.2
2552,male,22,175.8,73.9,69,76,38.2
2553,male,49,179.9,82.8,24,105,39.2
2554,female,68,160.4,57.7,25,99,40.7
2555,male,38,167.9,78.8,16,141,40.3
2556,female,41,165.2,76.3,104,154,41.3
2557,female,35,163.5,66.2,112,98,37.9
2558,male,38,182.5,74.8,89,141,37.5
2559,female,27,157.3,75.9,87,112,39.7
2560,female,41,152.4,56.1,23,131,38.9
2561,female,57,167.4,82.3,105,123,38.5
2562,female,64,163.7,63.4,6,164,40.5
2563,female,38,155.5,56.2,37,125,39.5
2564,male,42,177.9,103.6,41,102,38.4
2565,female,69,153.0,61.9,14,176,39.4
2566,female,40,155.7,69.4,36,123,41.2
2567,female,39,158.0,65.9,98,120,38.2
2568,female,21,166.8,51.2,85,163,39.0
2569,female,51,172.8,64.3,34,170,38.3
2570,male,23,182.1,85.3,18,69,39.6
2571,female,45,172.3,66.1,9,184,41.1
2572,male,48,172.6,80.2,40,165,39.9
2573,male,52,186.1,62.8,81,184,37.9
2574,male,56,172.2,96.9,62,178,37.6
2575,male,59,187.1,71.2,84,87,37.2
2576,female,40,166.1,60.1,17,172,40.8
2577,male,23,174.9,73.6,97,162,39.1
2578,male,33,167.9,76.2,92,135,38.9
2579,female,19,161.7,52.6,22,156,38.2
2580,female,41,174.7,72.7,107,95,38.9
2581,female,34,164.2,87.3,12,169,38.6
2582,male,62,173.3,83.8,73,74,40.3
2583,female,18,171.2,44.7,52,165,40.2
2584,female,23,159.5,60.7,82,111,39.0
2585,male,22,185.5,88.7,7,163,39.9
2586,female,62,168.7,62.1,74,89,39.7
2587,female,67,171.7,71.9,113,114,39.9
2588,female,46,146.4,57.8,21,70,40.4
2589,female,29,157.8,83.8,55,102,37.4
2590,male,56,181.1,75.7,61,101,40.7
2591,female,64,162.1,62.5,47,173,38.3
2592,female,20,156.5,68.8,46,159,38.7
2593,male,65,171.8,71.2,33,152,38.2
2594,female,18,164.2,54.1,90,118,40.7
2595,male,44,180.8,85.8,109,157,40.9
2596,female,65,169.7,84.3,111,99,37.6
2597,male,41,163.5,74.3,102,101,39.3
2598,male,61,179.4,93.4,59,163,38.7
2599,male,36,165.4,73.5,74,66,37.8
2600,male,25,165.8,81.4,47,143,39.5
2601,female,61,153.4,74.2,64,108,38.6
2602,male,64,165.4,68.5,45,129,40.2
2603,female,19,162.4,53.7,95,153,40.8
2604,male,47,180.0,83.5,53,74,37.1
2605,male,47,172.6,86.3,82,184,39.5
2606,male,66,173.3,76.6,88,162,39.6
2607,female,56,148.6,74.4,31,168,38.4
2608,male,62,176.9,82.7,7,133,40.6
2609,female,49,158.1,86.8,85,125,41.1
2610,female,18,164.5,50.1,72,146,40.4
2611,female,55,168.5,63.2,46,160,39.4
2612,female,30,168.3,50.5,81,153,37.1
2613,female,28,167.2,49.1,58,66,38.9
2614,female,27,162.8,63.8,5,95,40.1
2615,female,65,175.1,60.5,109,96,37.7
2616,female,43,167.9,54.9,25,85,40.5
2617,female,37,164.6,73.4,71,146,39.8
2618,male,34,170.1,94.7,51,173,38.5
2619,male,34,182.1,87.1,93,73,40.8
2620,male,21,175.3,101.7,110,151,39.9
2621,male,22,160.6,79.1,112,102,38.4
2622,male,40,189.0,79.3,63,151,37.9
2623,female,63,175.3,56.6,5,183,37.7
2624,female,69,164.0,68.5,18,80,41.4
2625,female,27,163.7,59.9,102,120,40.9
2626,female,63,170.0,56.8,44,79,40.1
2627,female,45,165.5,53.2,71,88,39.1
2628,female,50,157.5,73.3,110,116,40.8
2629,female,60,163.2,77.9,13,175,40.2
2630,male,43,180.9,78.7,73,169,39.5
2631,male,67,173.9,108.3,29,102,40.5
2632,male,65,181.3,100.8,68,144,37.5
2633,male,46,182.5,89.3,64,107,40.9
2634,female,44,159.4,64.2,37,149,37.6
2635,female,35,157.2,69.7,9,90,41.1
2636,female,57,162.2,56.6,80,122,38.0
2637,male,27,165.9,91.2,56,109,38.7
2638,female,59,154.5,66.5,107,99,40.4
2639,female,22,159.4,51.9,79,109,37.5
2640,female,27,163.7,52.1,37,90,41.4
2641,male,67,174.7,88.6,20,176,40.4
2642,female,38,145.3,70.1,7,164,38.2
2643,male,41,172.6,63.9,9,131,41.0
2644,male,55,165.6,72.8,108,90,37.2
2645,male,20,171.7,80.9,66,176,37.0
2646,male,57,186.0,90.5,23,71,38.5
2647,female,48,160.5,58.6,116,87,37.5
2648,male,58,190.4,67.3,15,169,40.7
2649,male,54,180.9,87.4,89,119,38.7
2650,female,19,174.6,55.3,77,83,39.8
2651,female,19,167.4,77.5,111,77,40.7
2652,male,56,168.2,109.7,22,151,37.7
2653,female,66,161.8,66.3,16,129,41.4
2654,male,59,210.8,91.6,47,70,39.9
2655,male,61,183.1,102.5,107,136,37.3
2656,male,51,181.9,90.2,91,166,39.4
2657,male,59,170.0,73.4,54,156,40.9
2658,female,37,167.4,74.3,106,156,41.0
2659,male,50,183.8,75.2,44,144,40.4
2660,female,21,160.9,64.4,81,181,41.4
2661,female,62,157.8,85.9,39,160,39.2
2662,female,61,163.6,61.3,61,87,38.8
2663,female,28,173.3,70.4,60,126,38.0
2664,male,59,167.0,92.7,32,70,39.1
2665,female,64,154.2,67.8,66,135,40.9
2666,male,22,177.6,82.3,103,135,37.2
2667,female,42,168.5,56.0,91,125,38.0
2668,female,66,162.3,57.9,19,73,41.4
2669,male,54,190.2,72.8,12,154,40.6
2670,male,51,174.9,64.5,19,175,38.3
2671,male,26,190.6,74.2,69,147,40.8
2672,female,23,163.3,67.7,39,155,37.6
2673,female,35,150.1,83.6,62,105,40.0
2674,male,31,158.9,105.6,80,141,37.9
2675,male,36,173.3,85.3,13,149,39.4
2676,male,31,169.8,81.4,43,170,39.8
2677,male,57,176.7,72.7,101,92,40.3
2678,female,34,166.2,79.8,25,68,41.1
2679,male,52,175.5,65.5,99,136,40.6
2680,male,46,179.2,83.8,64,97,38.3
2681,male,59,165.3,74.8,98,79,40.8
2682,male,34,178.3,81.5,47,121,37.3
2683,female,60,165.3,68.3,67,180,40.3
2684,male,25,176.6,66.3,46,71,39.2
2685,female,18,174.2,88.1,87,134,39.0
2686,male,62,165.2,68.8,38,114,40.2
2687,male,53,172.7,90.6,113,144,37.3
2688,female,24,158.8,56.8,21,128,40.9
2689,male,63,170.9,75.2,102,130,38.2
2690,female,22,159.9,64.4,69,153,40.7
2691,female,41,158.0,73.9,29,115,38.5
2692,male,45,170.6,92.5,103,83,40.3
2693,female,60,164.4,60.1,62,116,41.1
2694,female,34,157.3,69.8,14,165,40.1
2695,female,54,178.4,76.6,101,133,38.1
2696,female,37,169.8,67.1,82,123,40.1
2697,female,20,163.0,73.7,10,122,40.2
2698,female,54,179.8,65.8,54,84,41.2
2699,female,43,168.7,62.4,24,184,38.2
2700,female,32,162.9,72.0,50,183,41.4
2701,male,68,183.2,91.5,80,87,40.1
2702,male,65,174.9,79.1,95,143,38.4
2703,female,25,167.3,80.4,15,73,39.3
2704,male,30,164.7,86.2,83,71,40.4
2705,female,65,163.3,71.5,32,165,37.2
2706,female,20,160.1,75.7,106,67,38.5
2707,male,18,192.9,81.6,6,152,41.0
2708,female,26,151.7,70.1,68,149,37.5
2709,female,48,172.6,66.4,18,158,39.4
2710,female,58,156.9,67.6,73,82,39.6
2711,female,43,162.6,70.2,115,122,38.3
2712,male,34,176.1,93.0,105,144,38.8
2713,female,51,159.4,48.0,78,173,41.1
2714,female,26,167.8,64.1,82,178,37.3
2715,female,68,163.0,63.3,86,145,37.7
2716,male,30,168.5,61.3,102,113,41.1
2717,female,22,164.1,68.0,85,91,37.8
2718,male,58,173.4,80.0,32,172,37.8
2719,male,30,184.5,92.8,42,138,39.6
2720,female,18,152.5,59.0,99,126,41.4
2721,female,42,159.8,56.7,37,84,39.0
2722,male,64,172.6,87.2,104,111,39.4
2723,female,21,163.3,72.3,58,85,40.7
2724,male,53,170.5,99.7,64,143,40.1
2725,male,69,176.6,71.9,115,75,41.5
2726,female,27,159.8,70.5,8,74,39.8
2727,female,45,157.2,67.4,58,78,38.9
2728,male,23,174.9,78.6,105,121,38.5
2729,male,44,170.3,76.0,91,173,41.4
2730,male,29,169.8,73.6,25,183,40.6
2731,male,69,176.1,81.8,29,176,40.7
2732,female,65,161.6,67.3,55,112,37.9
2733,female,20,161.7,56.9,19,137,39.1
2734,female,63,166.0,56.5,82,173,37.1
2735,female,50,161.5,67.7,17,174,39.4
2736,female,27,171.5,59.1,118,94,37.3
2737,male,48,167.3,88.4,65,79,37.9
2738,female,32,171.5,63.8,101,145,38.3
2739,female,24,149.9,69.0,25,118,40.7
2740,female,53,164.0,70.7,111,160,37.5
2741,female,31,160.7,67.5,48,97,41.1
2742,female,65,152.4,67.1,65,80,39.5
2743,male,31,171.8,73.6,28,147,37.5
2744,male,20,180.5,70.2,93,115,41.4
2745,male,66,180.3,58.8,39,130,37.0
2746,female,63,158.8,58.1,27,121,37.7
2747,male,67,164.9,73.2,116,68,37.8
2748,male,20,178.2,95.2,72,69,40.9
2749,female,39,154.4,69.3,116,102,38.6
2750,female,36,167.8,54.0,59,72,40.8
2751,female,52,156.8,58.5,25,122,37.2
2752,male,29,183.5,90.2,106,168,41.3
2753,male,22,172.0,79.4,28,88,40.8
2754,female,27,167.3,71.6,94,95,39.1
2755,female,58,153.4,73.8,65,85,37.7
2756,male,50,171.8,83.2,93,142,38.0
2757,male,30,184.3,69.8,12,135,38.0
2758,female,52,157.5,56.7,74,131,40.2
2759,female,68,165.8,51.5,104,90,38.7
2760,male,49,189.9,84.3,66,92,37.0
2761,female,28,156.6,76.4,102,172,38.7
2762,male,65,175.2,88.7,108,147,39.6
2763,male,55,168.2,75.2,7,77,37.2
2764,male,41,184.4,74.8,20,123,39.5
2765,male,52,179.1,106.7,10,117,40.5
2766,female,36,157.1,71.1,117,129,39.5
2767,female,23,154.9,50.5,25,167,38.5
2768,male,57,181.7,88.2,7,102,38.6
2769,male,62,182.3,68.7,114,73,38.9
2770,male,61,169.6,72.8,69,149,40.8
2771,male,59,163.7,65.0,75,129,37.1
2772,male,52,179.7,83.4,28,136,38.6
2773,female,21,169.9,60.5,110,86,41.3
2774,female,50,174.1,53.0,24,90,40.7
2775,female,30,164.6,67.4,38,127,37.6
2776,female,53,158.9,69.9,50,156,38.6
2777,male,60,171.9,87.8,76,145,37.1
2778,male,36,183.9,109.5,93,125,40.3
2779,male,60,170.9,100.0,42,121,37.5
2780,male,29,183.0,97.9,32,85,38.7
2781,male,28,191.5,90.0,41,156,41.1
2782,female,23,182.8,80.9,65,146,37.6
2783,male,29,177.3,83.5,29,97,38.5
2784,female,44,158.4,50.8,80,157,40.7
2785,female,58,175.1,69.1,47,159,39.8
2786,female,42,166.7,61.0,24,76,40.4
2787,female,59,166.3,74.9,86,182,41.3
2788,male,20,175.3,68.1,37,123,41.1
2789,female,20,159.4,55.4,37,110,38.3
2790,female,37,162.7,65.7,105,147,38.3
2791,female,45,149.2,66.7,43,161,37.4
2792,male,40,171.7,70.4,16,182,38.7
2793,male,65,184.7,73.3,105,158,40.5
2794,male,20,172.1,62.9,82,70,38.2
2795,female,59,158.7,99.5,24,84,40.7
2796,female,41,168.7,65.3,109,182,39.6
2797,male,60,168.2,76.4,118,97,38.6
2798,female,57,171.2,63.7,22,93,38.9
2799,male,23,177.2,58.9,78,117,40.5
2800,male,37,173.5,67.9,21,123,38.4
2801,female,28,165.8,76.0,9,181,40.2
2802,female,49,164.5,71.2,68,118,38.9
2803,female,44,162.3,68.1,32,117,40.7
2804,female,38,154.3,64.4,105,177,38.0
2805,male,61,172.7,59.9,37,99,38.4
2806,male,65,178.8,88.5,42,90,39.2
2807,male,67,184.5,76.2,89,87,40.4
2808,male,30,172.7,72.8,43,101,37.7
2809,male,39,180.2,57.6,111,91,41.1
2810,female,52,169.0,50.2,96,112,37.1
2811,male,64,182.0,86.1,69,112,37.1
2812,male,39,175.3,81.7,7,87,39.0
2813,male,45,167.7,82.0,81,102,40.7
2814,female,38,170.1,64.5,116,114,37.6
2815,female,63,163.1,71.3,30,178,39.2
2816,female,35,159.1,64.9,113,94,38.9
2817,female,48,174.2,81.0,109,115,40.4
2818,male,63,181.4,74.1,74,177,38.0
2819,male,54,172.4,66.5,118,171,39.7
2820,female,38,169.4,49.9,93,170,41.1
2821,female,31,152.6,68.5,39,82,37.2
2822,male,42,181.1,86.3,23,114,41.0
2823,male,44,165.1,87.0,54,128,37.9
2824,female,57,157.1,53.4,105,158,37.4
2825,female,40,169.1,75.9,39,147,38.4
2826,female,48,163.3,55.3,90,183,39.3
2827,female,64,154.9,66.7,105,173,38.6
2828,male,46,168.4,65.6,15,128,37.6
2829,male,64,180.6,79.9,93,106,39.1
2830,male,47,183.0,68.5,30,107,37.0
2831,female,68,155.6,63.8,14,65,37.0
2832,female,43,150.9,55.3,50,109,40.7
2833,male,37,181.6,79.7,32,132,39.6
2834,male,55,173.1,95.1,87,145,38.6
2835,male,36,168.5,91.2,23,101,38.8
2836,male,44,167.2,86.6,40,134,39.1
2837,female,42,156.4,62.4,110,168,38.1
2838,male,57,171.1,75.2,22,177,40.3
2839,male,55,188.4,79.7,30,172,38.4
2840,male,69,186.7,73.3,53,178,39.6
2841,male,40,180.1,71.6,59,169,37.6
2842,male,46,165.6,79.1,12,95,37.1
2843,male,32,169.6,69.5,9,102,37.7
2844,male,20,185.0,70.2,76,86,38.6
2845,female,27,164.1,59.0,34,149,37.6
2846,female,32,175.9,80.6,12,150,40.0
2847,female,33,168.8,53.1,40,179,37.7
2848,female,34,157.3,74.2,78,109,40.7
2849,male,36,169.4,75.3,31,99,40.6
2850,female,28,168.6,70.5,119,157,38.3
2851,female,65,154.8,77.7,109,88,39.1
2852,male,22,183.3,80.9,19,126,40.1
2853,male,22,167.9,89.3,88,81,38.9
2854,female,31,157.0,62.4,42,164,37.4
2855,female,67,158.0,61.1,86,109,38.2
2856,male,43,180.3,75.3,112,128,39.3
2857,female,25,160.5,44.9,43,114,40.7
2858,male,22,164.5,71.9,80,87,37.3
2859,male,24,180.4,97.9,114,138,37.8
2860,male,33,162.9,83.6,114,181,41.2
2861,male,31,185.3,105.2,47,157,38.4
2862,female,54,170.9,73.1,117,165,38.7
2863,male,58,162.6,90.0,86,91,40.0
2864,male,21,171.2,68.5,39,84,38.7
2865,female,53,176.8,71.2,55,76,38.0
2866,male,65,170.7,76.2,42,102,41.4
2867,female,34,149.1,72.9,95,122,39.3
2868,female,64,155.8,58.0,76,134,38.7
2869,female,53,147.2,64.3,39,118,40.4
2870,male,23,167.5,78.1,56,154,37.5
2871,female,33,154.5,55.9,100,152,41.1
2872,female,46,157.3,64.3,13,174,40.7
2873,male,53,188.5,89.6,48,130,38.7
2874,female,55,150.7,55.1,12,132,37.8
2875,female,54,163.9,59.5,76,158,40.9
2876,female,65,163.9,81.3,5,66,41.3
2877,female,65,162.4,65.3,29,126,37.2
2878,female,27,163.9,91.4,75,125,41.4
2879,male,58,160.9,99.8,36,96,38.7
2880,female,53,157.3,74.8,66,70,40.6
2881,female,46,173.8,54.1,14,122,39.1
2882,male,31,163.9,85.6,116,129,39.3
2883,male,21,164.5,70.0,104,170,39.4
2884,male,61,179.8,54.8,113,151,41.3
2885,female,59,152.3,60.4,90,182,39.8
2886,male,53,181.3,80.9,21,93,38.3
2887,female,67,170.9,73.3,15,181,39.8
2888,female,62,159.2,62.4,51,72,37.4
2889,male,30,174.4,66.2,60,119,38.5
2890,male,63,170.9,60.9,116,107,37.8
2891,female,35,162.6,69.5,45,152,39.7
2892,male,50,167.3,60.3,20,118,39.4
2893,female,38,168.4,67.5,29,77,40.3
2894,male,33,183.6,68.2,34,76,38.5
2895,male,32,168.5,65.3,80,133,41.4
2896,male,22,185.3,79.3,45,83,38.4
2897,female,23,165.2,63.1,115,146,37.2
2898,male,55,176.9,81.2,65,79,38.2
2899,female,20,152.9,65.7,53,140,39.8
2900,female,65,169.2,78.2,94,174,40.4
2901,female,29,167.9,65.6,94,139,38.1
2902,female,53,156.6,67.7,80,69,40.5
2903,male,50,169.6,86.2,46,83,38.5
2904,female,53,174.2,62.8,67,66,37.7
2905,female,50,173.2,62.4,99,100,37.6
2906,male,48,167.7,83.2,30,73,40.7
2907,female,38,166.9,70.5,42,136,38.1
2908,male,44,194.8,78.6,32,95,38.0
2909,female,44,160.2,70.2,74,111,41.0
2910,male,25,179.2,71.4,5,158,38.6
2911,female,54,156.9,74.0,70,120,41.5
2912,male,49,180.7,92.2,95,78,38.2
2913,female,43,171.9,48.5,46,123,40.0
2914,female,19,151.7,83.5,12,87,37.9
2915,male,29,184.0,66.7,54,135,37.9
2916,male,39,192.8,86.3,14,85,40.6
2917,male,34,175.5,75.2,77,136,41.2
2918,male,24,181.3,82.1,56,132,41.0
2919,female,60,162.6,60.3,15,136,40.8
2920,female,21,161.6,59.1,8,169,39.6
2921,male,54,173.6,81.9,34,139,37.5
2922,female,55,167.8,62.4,41,88,38.5
2923,male,49,184.6,92.0,107,73,38.3
2924,male,28,174.1,73.8,95,145,38.1
2925,female,18,161.5,63.2,21,82,41.4
2926,female,42,163.3,55.3,13,85,37.7
2927,female,59,150.9,68.0,115,159,39.1
2928,female,69,159.3,62.6,10,73,41.2
2929,female,41,163.1,71.3,97,109,37.3
2930,female,60,166.8,65.1,73,162,40.4
2931,female,34,175.9,52.3,113,145,39.7
2932,male,25,165.3,78.9,53,85,38.6
2933,male,62,180.4,85.9,5,151,41.2
2934,male,44,166.4,80.4,22,108,38.5
2935,male,69,181.6,76.3,18,100,37.8
2936,male,35,175.1,79.7,16,162,40.3
2937,female,44,170.8,66.9,72,138,38.5
2938,male,39,184.1,79.4,76,158,38.3
2939,male,33,186.5,78.1,74,100,41.2
2940,male,19,186.7,77.2,64,96,38.4
2941,male,22,176.1,68.1,88,91,39.6
2942,male,35,165.7,92.5,91,184,39.9
2943,male,20,166.6,74.6,85,129,39.2
2944,male,44,158.3,97.6,69,145,38.4
2945,female,34,160.5,59.3,57,108,39.4
2946,female,33,159.0,66.1,43,137,38.8
2947,male,23,170.5,77.6,106,146,37.2
2948,female,68,162.8,73.9,117,86,38.4
2949,female,24,151.7,54.2,53,158,39.6
2950,female,67,164.5,90.1,82,139,37.1
2951,female,31,163.9,76.8,6,184,39.9
2952,male,55,174.6,86.9,20,170,37.1
2953,female,57,164.9,56.3,113,106,39.5
2954,female,32,162.7,68.4,52,167,37.3
2955,female,64,167.4,72.0,49,143,40.8
2956,male,64,172.8,71.1,30,176,41.1
2957,male,65,189.2,51.2,15,128,39.8
2958,male,50,186.5,90.8,59,164,37.6
2959,male,60,170.4,79.9,101,76,41.1
2960,male,44,166.1,91.5,17,175,40.3
2961,male,46,174.6,81.1,31,117,41.0
2962,male,54,184.2,80.3,66,154,39.1
2963,female,22,165.8,59.6,16,113,38.9
2964,female,46,164.0,74.6,105,70,39.7
2965,female,49,161.8,77.0,67,163,39.1
2966,male,23,168.8,78.9,115,173,37.8
2967,male,19,169.6,81.9,7,130,40.7
2968,male,23,180.7,45.9,8,128,37.9
2969,male,63,176.2,85.9,19,87,40.4
2970,male,60,169.5,96.3,96,68,41.0
2971,female,21,170.7,58.6,51,166,39.4
2972,female,46,162.0,77.1,82,107,38.1
2973,male,42,162.5,84.7,28,131,37.1
2974,male,26,181.1,100.9,45,170,39.9
2975,male,20,171.2,85.6,74,137,39.5
2976,male,43,152.7,82.6,79,147,40.1
2977,female,65,163.2,60.3,97,66,41.3
2978,male,60,169.1,67.2,20,183,39.0
2979,male,44,188.5,80.3,81,83,40.0
2980,male,53,170.3,80.5,79,65,37.6
2981,male,49,166.2,56.8,102,181,37.6
2982,female,18,162.4,68.0,86,135,39.2
2983,male,33,169.7,93.9,61,138,39.6
2984,male,68,168.8,76.9,45,178,41.4
2985,female,65,162.5,70.7,51,133,39.6
2986,female,28,177.6,60.1,50,168,41.1
2987,female,43,157.8,64.3,78,71,40.5
2988,male,57,188.8,74.4,107,118,41.0
2989,male,18,179.6,92.7,66,102,40.9
2990,female,43,161.0,59.5,40,180,39.4
2991,female,45,166.9,56.1,34,74,37.0
2992,female,26,169.6,56.3,19,88,39.0
2993,female,61,164.7,76.4,22,70,38.0
2994,female,39,166.3,62.4,33,172,40.2
2995,female,25,163.7,72.6,62,170,37.9
2996,male,66,170.9,65.8,97,103,39.1
2997,male,59,173.5,68.1,26,71,37.1
2998,male,44,176.3,76.1,59,183,37.4
2999,female,56,163.1,70.0,27,158,38.8
3000,female,36,171.3,60.7,97,112,40.3
3001,female,42,150.8,66.6,48,155,40.0
3002,female,55,156.6,76.1,74,97,38.9
3003,female,38,178.9,78.2,64,131,37.9
3004,female,41,164.9,60.6,106,122,38.4
3005,male,41,189.6,76.6,112,103,39.2
3006,male,36,168.2,90.5,92,128,41.3
3007,female,67,157.5,67.4,9,68,39.9
3008,male,64,170.7,60.6,109,101,37.6
3009,female,19,165.5,72.7,91,133,40.6
3010,male,31,176.4,52.7,38,166,40.2
3011,female,49,163.7,86.6,16,95,41.0
3012,female,59,165.3,63.4,79,104,39.8
3013,male,49,168.6,75.7,71,109,38.4
3014,male,45,197.0,94.2,92,150,40.8
3015,female,65,163.2,63.2,97,105,39.6
3016,female,56,166.1,71.1,45,136,40.2
3017,male,57,186.3,66.3,99,96,39.1
3018,male,59,171.2,92.9,12,144,40.6
3019,female,64,155.5,54.0,6,78,39.8
3020,male,57,168.0,84.3,97,112,41.0
3021,female,30,149.0,74.3,62,109,38.6
3022,female,29,168.8,72.2,41,164,40.8
3023,female,25,165.7,68.6,84,134,40.5
3024,female,32,161.2,82.4,64,79,38.7
3025,male,43,165.9,80.5,45,75,40.9
3026,male,29,185.2,75.9,76,154,39.7
3027,male,60,163.7,72.9,40,149,38.7
3028,male,68,166.6,80.3,82,81,38.2
3029,male,63,168.6,88.1,80,91,37.4
3030,male,44,179.0,101.3,95,95,37.4
3031,male,35,175.3,86.6,23,142,40.5
3032,female,62,163.0,41.4,55,180,38.7
3033,male,53,176.2,82.4,119,97,39.4
3034,male,66,179.7,101.4,58,66,40.8
3035,female,68,175.8,61.1,81,87,39.9
3036,male,44,183.8,82.9,33,126,41.2
3037,male,26,189.6,78.0,119,166,39.4
3038,female,56,164.7,54.5,71,118,37.5
3039,male,18,170.8,85.2,12,101,38.6
3040,male,24,179.9,63.0,65,154,37.6
3041,male,43,165.8,88.4,60,66,40.4
3042,female,24,158.5,62.0,82,100,39.1
3043,male,69,183.0,88.4,11,155,37.3
3044,male,24,174.0,87.2,72,77,37.1
3045,female,25,152.9,54.9,117,68,37.2
3046,male,33,163.1,69.7,25,152,40.0
3047,female,20,159.8,81.6,49,179,37.9
3048,female,62,165.4,72.6,16,152,40.5
3049,male,27,184.0,67.1,99,75,39.3
3050,female,67,152.0,52.5,77,104,39.6
3051,female,24,167.6,60.0,11,81,37.8
3052,male,38,174.2,79.4,49,103,40.9
3053,female,54,163.0,71.8,39,151,39.1
3054,female,48,167.1,42.0,44,103,38.9
3055,male,40,171.4,86.5,15,164,40.6
3056,male,44,181.8,79.1,105,164,37.1
3057,male,39,187.5,80.6,46,171,39.3
3058,female,56,161.7,65.6,6,133,40.2
3059,male,44,178.7,80.4,38,94,40.6
3060,female,66,169.2,72.9,58,135,37.7
3061,female,21,167.7,47.0,103,126,38.8
3062,female,41,159.4,60.8,106,128,38.4
3063,female,40,153.4,44.2,84,110,41.5
3064,female,65,167.1,64.8,55,119,40.3
3065,female,36,154.5,60.5,36,125,38.9
3066,female,59,167.9,48.7,83,66,38.0
3067,male,20,165.8,90.0,78,168,37.8
3068,male,44,154.4,80.3,16,182,41.5
3069,female,20,162.2,75.3,17,128,39.6
3070,female,45,164.4,49.9,34,94,40.3
3071,male,34,187.8,83.1,115,106,37.7
3072,female,48,153.3,77.0,90,157,40.4
3073,male,27,172.2,78.9,75,110,38.1
3074,male,66,174.3,57.1,84,143,40.4
3075,male,39,179.5,88.3,49,75,41.1
3076,female,47,157.5,63.9,101,135,38.7
3077,female,66,170.5,71.2,91,83,41.1
3078,male,38,183.8,66.0,109,158,39.1
3079,male,53,172.6,90.6,101,121,40.6
3080,male,40,167.0,93.4,74,128,39.0
3081,male,55,174.5,48.0,50,102,37.6
3082,male,29,176.6,85.3,36,71,40.0
3083,female,42,176.6,69.1,87,182,38.5
3084,male,37,164.3,80.9,40,100,37.3
3085,female,66,179.2,63.9,34,78,39.9
3086,male,66,171.7,70.9,7,152,39.6
3087,female,59,151.0,70.6,41,133,41.2
3088,female,24,172.0,60.1,114,139,37.4
3089,female,46,157.9,73.4,86,176,38.9
3090,female,65,164.0,48.3,102,103,38.0
3091,female,46,153.5,67.0,84,91,39.2
3092,female,30,162.7,61.2,8,90,40.8
3093,male,20,181.8,81.4,72,144,41.2
3094,female,19,162.5,52.9,47,178,38.7
3095,male,33,174.7,72.9,11,137,39.8
3096,female,47,164.6,72.5,116,136,38.1
3097,female,55,167.4,65.2,86,95,40.4
3098,male,23,170.9,87.9,47,78,41.1
3099,female,62,166.2,73.1,41,124,39.1
3100,male,24,188.6,80.4,103,72,40.9
3101,male,22,169.5,76.3,70,102,41.4
3102,male,24,166.8,84.0,50,107,39.7
3103,male,51,174.1,41.6,73,157,39.5
3104,female,49,162.5,71.7,7,96,38.7
3105,female,66,165.8,74.6,39,148,40.5
3106,male,30,186.6,82.2,19,109,40.7
3107,female,47,173.0,59.7,119,181,37.0
3108,female,42,161.3,61.4,84,150,38.1
3109,male,38,162.2,108.0,31,150,37.1
3110,female,38,162.7,73.4,80,123,40.5
3111,male,45,173.6,85.4,73,65,37.8
3112,male,65,176.4,87.7,57,97,37.5
3113,female,37,162.7,60.7,71,169,40.6
3114,female,51,173.1,65.8,79,165,39.6
3115,female,22,140.6,56.1,43,95,37.7
3116,male,35,174.2,93.0,10,167,40.8
3117,male,56,169.6,68.8,18,143,38.8
3118,female,60,150.1,56.7,116,70,38.7
3119,female,28,169.5,66.8,91,180,39.9
3120,female,34,170.4,55.8,110,97,37.2
3121,female,65,166.9,60.8,8,134,38.5
3122,male,62,160.8,87.3,20,139,37.4
3123,female,39,167.8,86.2,119,111,40.3
3124,male,54,175.8,86.9,11,150,38.2
3125,male,37,176.4,78.2,31,82,40.8
3126,female,65,166.1,54.8,71,182,38.9
3127,female,65,160.5,54.4,7,138,41.0
3128,female,65,169.2,56.2,36,184,38.0
3129,male,63,167.4,69.7,52,127,39.9
3130,female,23,158.9,79.3,72,156,41.3
3131,female,51,162.7,76.7,111,106,38.8
3132,male,31,165.0,87.8,14,154,37.7
3133,female,65,162.0,62.3,5,146,39.5
3134,male,40,176.2,93.6,22,72,38.9
3135,female,37,169.1,65.6,98,70,39.3
3136,male,30,181.2,100.1,119,183,39.1
3137,female,64,153.0,71.6,32,154,38.2
3138,female,61,172.5,81.2,47,111,39.3
3139,male,58,172.8,83.0,84,95,37.7
3140,male,49,187.0,73.6,26,161,39.6
3141,female,43,157.7,63.6,68,157,39.0
3142,male,67,175.6,73.6,34,147,41.4
3143,male,31,162.0,70.6,45,91,37.4
3144,male,69,177.8,83.8,43,123,40.4
3145,male,53,180.6,79.4,105,146,38.6
3146,female,25,157.0,70.1,78,68,40.1
3147,female,57,170.2,73.4,29,151,41.3
3148,male,39,171.7,75.0,15,72,41.0
3149,male,39,173.2,89.3,91,168,37.5
3150,male,33,167.7,58.0,26,88,40.9
3151,male,44,173.8,49.0,24,69,38.8
3152,female,27,158.0,54.0,9,112,37.3
3153,female,42,171.4,71.1,26,139,37.9
3154,male,48,182.7,84.7,85,171,37.1
3155,male,38,168.5,47.9,22,78,37.6
3156,male,44,181.1,79.9,83,75,39.1
3157,female,34,166.1,66.7,98,141,41.3
3158,male,50,177.8,81.6,80,86,40.6
3159,female,48,162.4,71.1,6,168,39.4
3160,male,67,180.1,111.4,107,78,38.5
3161,female,59,153.1,63.3,7,84,37.1
3162,male,43,163.6,65.4,48,65,37.3
3163,female,38,168.4,59.7,82,85,40.3
3164,male,53,158.7,97.9,40,115,39.5
3165,male,18,170.8,64.6,41,153,37.5
3166,male,21,174.6,62.1,119,156,40.9
3167,female,21,160.0,65.3,82,165,39.3
3168,male,43,169.5,79.6,27,160,40.8
3169,female,21,166.2,63.3,57,120,40.5
3170,female,66,169.7,57.0,83,164,38.5
3171,male,26,167.3,89.4,66,100,40.2
3172,male,47,170.4,63.3,75,66,41.5
3173,male,68,169.1,67.1,62,104,40.4
3174,female,62,158.2,60.7,37,93,38.2
3175,male,21,176.1,89.3,61,112,39.7
3176,female,22,168.9,77.1,53,174,38.9
3177,female,62,166.3,64.3,42,80,38.4
3178,male,40,168.0,86.7,80,155,38.3
3179,male,33,165.0,72.5,55,137,39.1
3180,male,39,175.2,77.6,62,184,38.4
3181,male,54,181.6,62.5,28,168,37.7
3182,male,25,176.2,87.5,82,173,40.4
3183,male,65,177.3,72.5,46,69,38.3
3184,female,50,155.7,54.5,75,121,38.7
3185,female,55,158.7,78.0,24,77,41.1
3186,female,60,163.6,57.9,97,173,40.0
3187,male,33,188.1,85.0,48,153,41.2
3188,female,22,156.8,61.2,58,69,39.7
3189,female,33,171.0,85.4,51,174,38.6
3190,female,24,162.2,55.5,11,73,38.0
3191,female,68,159.3,59.0,9,113,40.7
3192,female,18,155.4,61.6,104,83,39.0
3193,male,26,167.8,63.8,101,69,39.9
3194,male,35,177.2,80.8,56,160,40.3
3195,female,62,153.4,58.3,81,72,38.1
3196,female,64,168.0,71.2,36,83,41.4
3197,female,20,163.2,78.6,105,67,38.1
3198,male,41,176.2,86.0,105,87,40.4
3199,male,45,179.1,71.1,31,107,37.7
3200,female,27,157.9,70.1,54,74,41.4
3201,male,26,168.8,87.6,70,148,38.1
3202,male,30,178.2,81.5,115,166,39.3
3203,female,65,153.9,77.7,81,85,38.7
3204,male,52,175.1,74.2,42,83,41.1
3205,male,40,178.4,73.2,60,142,39.3
3206,female,64,167.3,72.5,67,130,40.0
3207,male,34,162.7,75.6,34,160,38.0
3208,male,63,182.7,75.0,50,90,41.3
3209,female,24,169.3,74.6,74,101,38.6
3210,male,69,180.7,78.0,71,173,37.4
3211,male,33,173.5,76.3,55,172,38.0
3212,female,57,160.4,48.4,98,104,37.9
3213,female,53,156.5,60.2,63,156,37.5
3214,female,37,162.8,65.8,87,88,39.2
3215,male,41,182.9,73.3,63,82,38.4
3216,female,64,150.7,74.2,54,81,39.2
3217,male,22,164.5,84.3,84,107,37.4
3218,female,62,173.1,61.0,72,175,39.7
3219,male,23,177.1,78.0,56,101,39.8
3220,female,45,168.0,67.4,49,180,38.1
3221,female,22,162.2,80.5,13,83,39.6
3222,female,66,149.8,41.9,68,141,38.4
3223,female,56,162.1,60.1,12,84,37.7
3224,male,55,160.9,80.9,53,145,40.1
3225,female,19,154.7,43.7,59,91,40.8
3226,female,60,168.2,63.8,94,179,37.7
3227,male,56,159.7,89.1,13,68,41.0
3228,female,38,163.1,60.6,16,95,39.7
3229,male,57,163.3,75.7,96,124,40.5
3230,female,54,160.8,64.1,73,154,40.1
3231,female,35,180.3,53.3,117,101,41.0
3232,female,65,159.5,56.6,113,129,37.3
3233,male,63,162.9,88.6,84,76,41.4
3234,female,29,164.4,75.2,23,106,41.0
3235,female,34,157.7,69.1,91,173,37.2
3236,female,54,152.9,71.1,12,179,38.1
3237,male,63,171.5,92.7,106,144,39.4
3238,male,55,164.3,47.9,22,162,40.9
3239,female,32,160.9,54.5,30,152,38.4
3240,male,24,164.7,63.3,47,105,37.2
3241,female,31,159.9,56.4,30,88,40.5
3242,female,67,168.0,63.6,109,101,39.0
3243,female,18,166.6,60.9,83,107,40.4
3244,female,55,159.8,55.6,18,132,38.5
3245,female,20,156.8,74.2,11,179,40.7
3246,female,54,150.9,75.0,93,72,38.6
3247,female,61,166.9,66.8,6,144,39.1
3248,male,48,163.4,72.3,52,177,41.2
3249,male,60,173.4,76.7,74,171,37.7
3250,male,30,180.7,85.6,77,73,39.6
3251,male,65,151.5,71.7,60,169,40.7
3252,male,35,185.7,64.6,110,152,40.1
3253,male,34,177.8,68.7,25,103,38.9
3254,male,34,180.7,77.6,79,65,40.6
3255,female,28,160.3,74.0,118,67,39.2
3256,female,37,154.3,67.0,11,73,39.9
3257,female,27,159.7,61.7,100,112,38.5
3258,female,46,160.5,88.9,108,174,37.3
3259,male,65,175.3,95.3,44,117,37.9
3260,male,51,183.7,72.1,31,111,39.1
3261,female,34,166.1,65.2,81,164,41.0
3262,female,69,157.5,68.4,6,111,37.6
3263,male,59,176.2,67.4,17,127,38.4
3264,female,30,157.5,54.2,8,75,38.5
3265,female,61,157.1,51.6,72,113,40.5
3266,female,64,171.9,52.2,30,105,39.4
3267,female,56,158.0,60.5,91,119,38.9
3268,male,44,163.3,71.0,24,173,37.3
3269,female,43,170.3,58.1,98,67,41.4
3270,female,45,168.3,50.6,93,162,40.6
3271,male,30,173.1,82.7,61,163,37.3
3272,male,29,182.4,70.4,31,144,37.2
3273,female,61,158.8,69.8,68,78,38.1
3274,male,45,182.6,85.1,24,164,37.2
3275,female,19,167.1,77.2,84,131,40.3
3276,female,54,161.9,59.7,119,176,37.9
3277,male,51,175.2,73.4,8,178,41.0
3278,female,40,164.3,64.6,77,70,39.7
3279,female,69,161.3,56.6,75,80,39.2
3280,female,62,153.4,73.1,51,116,37.5
3281,female,46,174.4,68.3,24,168,37.6
3282,male,52,178.2,66.8,45,96,37.5
3283,male,28,180.0,70.1,109,98,38.0
3284,female,65,177.5,54.0,65,160,37.5
3285,male,50,167.3,92.4,100,161,38.4
3286,female,68,167.6,78.6,69,141,40.7
3287,female,28,157.5,63.6,77,156,37.7
3288,female,26,165.2,74.5,44,82,38.3
3289,female,31,164.4,50.2,87,117,39.0
3290,female,26,168.5,45.8,44,101,39.8
3291,male,56,163.2,83.6,104,152,38.1
3292,female,65,158.9,71.6,102,65,39.8
3293,male,20,176.2,67.1,58,176,37.8
3294,male,46,177.6,64.7,102,93,39.8
3295,female,36,161.3,77.6,27,155,40.5
3296,female,53,163.0,55.4,69,78,37.1
3297,female,49,159.5,73.3,40,88,41.2
3298,female,24,160.9,78.9,60,143,40.2
3299,female,45,154.6,75.3,91,138,41.3
3300,male,61,189.5,80.2,68,88,38.2
3301,female,35,148.6,46.5,97,80,41.2
3302,female,22,158.1,60.5,91,159,39.0
3303,male,40,167.0,94.9,51,93,37.7
3304,male,39,171.7,66.7,91,73,40.3
3305,female,43,159.2,55.3,46,100,40.1
3306,male,59,169.9,95.9,31,139,41.1
3307,female,29,162.4,54.2,95,83,38.4
3308,male,57,180.8,81.4,107,80,39.8
3309,male,36,179.3,84.1,95,73,41.3
3310,female,64,168.8,68.6,27,108,40.9
3311,male,18,167.8,84.7,91,117,40.7
3312,male,20,182.5,82.6,89,155,41.0
3313,male,44,169.4,80.1,75,162,40.8
3314,male,35,167.5,96.2,89,139,38.7
3315,male,67,179.3,76.8,49,147,37.1
3316,male,47,184.7,80.0,88,136,41.4
3317,female,19,171.7,58.9,36,107,40.5
3318,female,22,168.5,51.5,43,176,38.0
3319,male,46,177.5,79.2,58,183,40.4
3320,female,50,155.0,63.2,48,148,38.6
3321,female,59,175.0,51.8,68,105,38.1
3322,female,37,151.9,78.5,74,75,39.5
3323,male,47,174.4,82.9,86,77,37.0
3324,female,59,167.5,59.6,10,145,41.4
3325,male,22,175.1,101.9,12,107,41.2
3326,female,67,161.7,78.5,118,107,40.6
3327,male,38,173.3,68.7,70,151,37.2
3328,male,32,179.5,75.3,44,118,37.3
3329,female,37,163.9,67.0,114,114,39.9
3330,female,25,154.9,52.5,67,76,40.6
3331,male,66,175.6,112.6,88,137,37.2
3332,female,48,168.3,63.2,46,155,39.5
3333,female,29,160.0,70.8,81,153,40.1
3334,female,38,169.4,58.6,106,151,37.7
3335,male,47,167.8,70.3,76,119,37.8
3336,male,44,163.5,86.5,94,180,41.2
3337,female,61,171.2,69.5,66,103,38.8
3338,female,43,153.8,56.2,78,73,38.2
3339,female,50,158.8,62.6,77,170,37.2
3340,male,43,170.8,86.7,96,153,37.2
3341,male,43,176.5,76.7,11,153,38.2
3342,female,53,159.3,64.6,5,74,39.8
3343,female,57,156.5,85.9,101,79,39.7
3344,female,18,164.1,70.7,47,101,38.0
3345,female,32,161.5,72.3,117,172,40.3
3346,female,67,159.7,67.5,17,115,39.1
3347,female,18,164.5,70.3,102,67,40.6
3348,male,28,182.5,75.6,15,88,41.2
3349,female,19,150.9,83.2,115,152,38.1
3350,male,18,163.5,86.1,116,73,39.0
3351,female,48,163.7,73.3,97,178,37.2
3352,female,61,164.2,85.9,116,97,40.4
3353,male,33,176.8,93.9,115,78,38.5
3354,male,39,164.2,91.2,95,67,39.9
3355,male,59,165.4,75.3,39,120,38.7
3356,male,35,188.4,81.1,42,134,37.6
3357,female,64,159.0,68.9,93,144,37.0
3358,male,34,167.5,61.0,115,99,39.9
3359,female,47,161.8,71.0,108,81,41.2
3360,male,27,183.1,95.1,49,133,41.1
3361,female,52,158.5,62.0,55,126,41.2
3362,female,38,157.8,63.5,19,150,40.1
3363,female,33,160.9,51.6,63,80,38.9
3364,female,23,151.5,60.4,70,183,39.4
3365,female,20,149.3,60.0,18,77,40.3
3366,female,58,163.7,92.8,18,171,38.3
3367,male,60,186.8,78.7,114,76,37.9
3368,female,38,169.2,54.3,45,138,37.3
3369,male,30,181.9,71.4,28,74,39.1
3370,male,35,166.2,103.3,9,116,37.4
3371,female,41,149.4,79.1,38,176,39.1
3372,male,44,171.2,54.8,112,142,40.7
3373,female,21,166.0,81.1,36,161,37.7
3374,male,39,170.1,66.2,96,103,37.5
3375,female,41,163.4,62.5,50,169,38.1
3376,male,57,175.3,95.5,81,173,37.4
3377,female,62,156.8,77.6,20,105,38.6
3378,female,27,157.1,70.5,89,92,39.7
3379,female,19,160.2,74.0,26,150,39.1
3380,female,57,170.8,62.3,91,146,40.2
3381,male,23,177.9,66.4,36,143,37.5
3382,female,65,161.8,79.8,80,81,38.5
3383,male,35,186.2,86.2,45,66,38.9
3384,male,34,170.0,72.2,26,137,39.1
3385,male,55,163.1,97.0,57,141,37.3
3386,female,62,175.5,72.5,27,149,37.3
3387,male,40,163.6,40.5,39,142,37.4
3388,male,63,194.6,70.7,93,169,37.6
3389,male,47,186.6,83.7,115,79,37.0
3390,female,38,163.1,71.2,47,130,38.4
3391,female,27,155.1,51.5,66,155,38.9
3392,male,60,179.4,76.7,49,98,39.5
3393,female,30,168.4,66.2,98,149,37.1
3394,female,29,153.7,85.0,61,101,39.0
3395,male,26,165.3,84.5,98,112,41.2
3396,male,21,154.7,74.1,71,77,40.4
3397,female,56,157.3,72.3,59,106,38.4
3398,male,41,163.4,80.1,35,71,39.4
3399,female,51,173.0,63.8,104,99,40.1
3400,female,56,146.3,63.9,58,152,37.7
3401,female,58,160.6,67.1,40,125,37.3
3402,female,22,164.8,60.2,39,179,39.8
3403,female,32,150.5,74.9,18,119,40.3
3404,female,67,159.3,60.2,26,175,39.3
3405,male,21,171.9,94.1,19,129,40.1
3406,male,68,170.4,82.0,91,170,40.2
3407,female,69,152.6,82.2,76,149,39.9
3408,female,56,170.9,43.8,54,169,41.2
3409,female,25,166.1,54.4,28,148,39.4
3410,male,66,169.5,64.7,117,83,37.3
3411,female,62,162.3,66.0,46,85,39.5
3412,male,41,173.3,86.0,44,125,39.9
3413,female,45,165.1,52.2,53,82,38.5
3414,female,60,167.5,60.6,101,167,39.1
3415,male,44,191.3,90.7,75,153,40.5
3416,male,18,171.7,108.8,106,84,40.2
3417,female,51,167.4,68.2,104,165,37.8
3418,female,34,170.7,47.1,118,126,38.1
3419,female,54,161.4,66.4,13,95,39.6
3420,male,55,163.7,73.7,102,85,38.8
3421,male,43,192.9,81.8,47,112,40.4
3422,male,41,172.2,73.0,66,144,37.5
3423,male,56,172.0,49.2,24,71,38.5
3424,male,38,176.3,72.0,23,105,38.7
3425,male,47,188.8,92.9,100,168,38.9
3426,female,64,149.9,57.2,118,171,40.4
3427,female,68,167.8,57.8,25,96,37.1
3428,male,65,191.7,70.8,94,71,37.7
3429,female,30,164.0,52.8,13,104,39.5
3430,female,54,160.8,71.3,104,140,39.2
3431,male,20,170.1,96.8,65,116,41.3
3432,female,49,162.2,75.8,38,181,37.3
3433,male,52,185.6,69.8,112,162,38.3
3434,male,36,172.3,101.2,74,181,40.5
3435,female,31,173.6,68.4,37,122,41.3
3436,male,65,163.5,62.2,83,146,41.5
3437,male,39,163.5,58.9,86,141,38.3
3438,male,34,171.1,62.9,91,65,39.7
3439,male,21,186.5,74.1,63,120,41.3
3440,male,62,175.6,90.8,75,98,41.4
3441,male,57,177.3,90.5,18,129,37.5
3442,male,36,177.2,84.1,82,153,38.6
3443,male,54,183.9,78.3,57,118,40.3
3444,female,19,160.9,65.0,58,73,39.5
3445,female,32,167.8,51.4,88,124,39.6
3446,female,19,155.2,57.2,102,85,38.9
3447,male,28,190.9,73.9,98,135,40.8
3448,male,62,168.6,106.5,48,182,37.3
3449,female,40,160.6,54.8,33,147,38.0
3450,female,27,164.4,54.9,11,159,40.2
3451,female,20,174.8,66.2,98,97,40.7
3452,male,22,177.6,59.8,111,92,41.4
3453,female,20,162.4,63.0,98,114,38.3
3454,female,55,155.5,82.8,50,182,38.0
3455,male,30,187.9,66.0,114,85,38.2
3456,female,59,155.4,75.2,94,119,38.1
3457,male,36,185.9,90.7,73,102,39.1
3458,male,57,170.8,97.9,93,67,38.3
3459,male,67,178.3,62.4,98,172,37.6
3460,female,52,157.7,54.0,38,149,37.2
3461,female,41,166.6,47.3,50,75,38.2
3462,male,41,184.3,99.7,117,167,40.7
3463,female,34,162.6,68.9,23,174,40.8
3464,female,57,154.3,55.5,111,117,39.7
3465,female,27,164.1,57.5,34,155,38.8
3466,female,19,164.3,65.8,12,99,38.2
3467,male,61,170.1,86.9,90,149,37.2
3468,female,40,165.8,75.3,98,95,41.5
3469,male,23,162.9,55.3,22,183,38.7
3470,male,19,183.4,83.1,91,72,38.7
3471,female,38,161.5,64.3,64,96,38.8
3472,male,52,173.2,103.2,92,87,40.5
3473,female,66,161.1,80.0,48,165,40.0
3474,female,46,169.7,67.7,112,67,41.2
3475,male,24,175.9,88.3,56,182,37.3
3476,male,46,180.1,84.1,114,74,41.3
3477,male,54,174.8,93.2,84,121,39.7
3478,male,40,174.7,72.4,12,182,41.2
3479,female,50,150.6,77.8,17,87,40.4
3480,female,25,161.2,51.6,46,103,41.4
3481,female,29,154.1,65.7,82,133,38.0
3482,male,63,168.9,73.9,24,174,39.3
3483,male,65,177.0,65.8,100,107,41.2
3484,male,27,173.0,72.5,39,104,37.6
3485,female,32,168.7,70.7,76,131,40.5
3486,male,41,172.4,73.2,70,102,41.1
3487,female,43,161.3,68.3,104,113,38.7
3488,male,64,171.1,69.1,91,108,39.0
3489,female,59,157.1,69.3,53,68,40.7
3490,female,56,157.0,76.8,70,120,39.5
3491,male,20,178.1,79.1,96,75,39.2
3492,male,19,173.6,74.1,73,75,38.2
3493,female,23,162.7,77.2,93,123,39.4
3494,female,38,161.2,57.2,5,112,38.7
3495,male,26,195.8,75.0,55,83,39.1
3496,male,27,166.0,70.7,90,68,40.8
3497,female,53,166.7,78.8,75,160,40.8
3498,male,20,179.1,92.3,58,95,37.1
3499,female,58,154.4,66.0,112,173,39.5
3500,female,41,160.7,68.6,91,100,41.3
3501,male,39,171.5,78.1,92,115,39.0
3502,male,66,176.9,59.5,30,146,37.5
3503,male,31,175.5,77.8,82,114,37.1
3504,male,59,172.5,62.6,99,119,38.8
3505,male,62,177.0,74.1,95,161,40.9
3506,female,61,162.0,43.1,26,67,41.0
3507,female,44,164.0,56.6,53,134,40.0
3508,male,50,174.9,69.2,113,74,41.3
3509,male,39,183.5,69.2,50,171,37.3
3510,male,46,182.7,60.0,104,147,38.7
3511,female,36,157.5,74.4,21,65,40.6
3512,male,36,161.0,83.3,112,109,40.8
3513,male,23,182.2,101.7,98,163,37.4
3514,female,62,162.0,51.0,64,141,39.6
3515,female,36,162.8,69.2,89,116,40.0
3516,male,30,177.0,91.3,12,97,38.0
3517,male,43,183.4,75.7,65,148,37.2
3518,male,39,168.4,74.4,65,137,37.1
3519,female,38,147.1,76.3,6,138,38.6
3520,male,53,182.0,82.0,52,162,37.6
3521,male,19,166.4,90.9,50,147,39.6
3522,male,64,173.9,72.5,65,181,38.1
3523,female,61,179.5,93.3,10,79,38.5
3524,female,47,162.7,76.2,17,166,38.6
3525,male,44,168.0,88.0,33,165,41.2
3526,male,24,173.9,80.6,67,88,40.9
3527,female,37,167.7,61.1,103,165,39.9
3528,female,67,165.5,75.1,98,126,37.7
3529,female,48,158.3,56.9,50,149,37.3
3530,female,40,162.2,77.1,38,97,38.6
3531,female,30,155.2,74.2,88,159,39.6
3532,female,34,162.2,71.4,110,127,40.3
3533,female,21,160.1,85.7,19,86,37.1
3534,female,31,164.0,75.1,78,91,37.9
3535,female,37,158.0,75.2,113,183,39.0
3536,male,30,175.0,66.9,28,181,38.6
3537,male,20,171.7,66.5,86,83,39.1
3538,male,43,171.9,98.6,7,75,38.5
3539,female,43,164.9,58.2,32,77,39.6
3540,male,35,166.5,85.0,54,135,40.9
3541,female,49,157.5,69.3,80,155,37.4
3542,female,31,163.6,71.1,101,88,38.3
3543,male,64,164.2,83.8,20,110,38.2
3544,female,20,170.2,60.2,53,89,39.4
3545,male,18,178.3,54.6,46,175,41.0
3546,male,43,175.1,102.2,7,151,40.7
3547,male,41,172.5,70.0,37,115,41.1
3548,female,66,168.7,62.8,92,127,38.0
3549,male,52,187.6,79.6,5,101,38.5
3550,female,31,167.1,63.9,55,183,38.2
3551,male,20,177.0,86.2,110,86,39.5
3552,male,30,171.1,64.2,82,86,40.0
3553,male,64,175.3,62.2,13,67,38.9
3554,female,67,164.3,85.1,103,139,38.4
3555,female,31,167.0,71.6,20,117,39.8
3556,female,38,156.1,64.9,77,88,39.2
3557,male,43,184.5,86.2,80,153,40.7
3558,male,20,189.1,71.8,35,173,37.2
3559,female,68,172.3,64.7,53,146,40.3
3560,female,57,166.9,58.0,10,114,40.1
3561,female,21,158.6,55.6,107,112,40.9
3562,female,53,169.1,67.1,34,115,40.8
3563,female,68,155.7,75.6,113,92,37.7
3564,female,60,163.8,56.2,111,103,39.9
3565,male,18,182.7,77.4,49,138,39.7
3566,female,57,164.7,63.0,104,162,40.1
3567,male,64,183.7,75.7,93,154,41.4
3568,male,50,177.7,89.6,33,164,37.5
3569,female,24,163.9,72.5,56,152,39.8
3570,female,69,157.9,72.2,33,84,39.7
3571,male,69,170.0,84.3,90,175,37.0
3572,female,28,158.7,62.1,72,161,40.0
3573,female,44,170.0,65.8,108,100,39.2
3574,male,31,171.7,64.6,77,87,40.5
3575,male,39,174.4,109.7,89,89,40.4
3576,male,33,176.5,96.2,115,173,37.2
3577,female,63,161.5,47.2,108,72,40.5
3578,male,29,170.5,84.9,15,118,41.0
3579,female,66,160.0,78.6,81,70,39.8
3580,male,63,181.8,59.7,24,160,40.9
3581,male,27,167.9,64.9,78,121,37.9
3582,male,41,161.0,66.4,61,136,41.1
3583,female,63,163.6,34.6,91,97,41.2
3584,female,35,170.0,64.5,100,130,38.3
3585,male,39,185.9,89.7,92,120,38.6
3586,male,26,175.1,68.4,48,131,40.2
3587,male,34,179.0,92.3,15,66,38.5
3588,female,55,173.7,82.8,117,138,41.5
3589,male,57,175.4,75.0,106,133,38.3
3590,female,30,160.6,69.5,37,110,37.1
3591,male,67,183.4,86.1,95,177,40.7
3592,male,54,176.2,65.0,63,97,37.2
3593,male,23,186.2,92.8,91,111,41.4
3594,male,38,180.0,81.1,72,122,39.7
3595,male,68,170.1,54.3,113,150,39.0
3596,male,53,171.0,69.9,53,132,40.3
3597,female,24,173.8,57.5,19,184,40.2
3598,male,53,184.7,66.0,110,83,38.7
3599,female,42,167.6,53.4,7,138,38.0
3600,male,28,168.6,75.5,71,67,40.8
3601,male,61,177.6,85.5,93,72,41.1
3602,female,31,142.6,81.8,90,146,41.5
3603,male,62,177.4,88.5,15,66,38.6
3604,female,46,164.1,70.8,79,167,39.6
3605,female,27,149.8,69.6,59,138,41.4
3606,male,67,175.2,100.9,12,148,38.9
3607,female,65,167.1,71.4,41,180,40.6
3608,female,22,150.0,71.4,32,158,41.2
3609,male,25,180.7,83.9,24,71,37.8
3610,female,63,177.5,63.5,119,153,40.3
3611,male,22,192.1,74.5,26,78,40.2
3612,male,41,175.1,78.3,62,138,38.8
3613,male,57,175.4,85.3,50,78,41.4
3614,male,43,169.7,79.7,116,97,40.9
3615,female,23,170.1,66.6,79,137,41.5
3616,male,33,165.7,64.1,27,184,39.5
3617,male,53,192.3,61.0,102,83,38.0
3618,female,29,141.4,59.6,38,166,38.3
3619,male,28,182.9,98.9,110,85,40.6
3620,male,20,163.9,64.8,54,118,38.6
3621,female,61,158.3,82.7,51,179,38.0
3622,female,54,163.3,72.7,92,175,41.1
3623,female,23,162.9,49.4,53,124,38.5
3624,female,36,163.9,59.2,7,95,37.4
3625,female,35,164.2,48.8,34,67,39.5
3626,female,33,165.3,71.5,27,181,39.5
3627,female,40,156.3,77.8,69,132,38.9
3628,male,60,187.2,59.6,22,96,39.0
3629,female,54,162.7,77.2,105,111,38.0
3630,female,26,162.9,66.8,56,115,38.3
3631,female,20,155.4,74.7,71,141,39.2
3632,male,25,167.3,65.3,92,146,41.4
3633,male,55,158.9,73.0,29,138,41.4
3634,female,21,157.0,72.7,6,81,37.4
3635,female,29,161.5,63.4,62,88,41.1
3636,female,61,177.1,79.6,90,147,39.0
3637,male,48,165.4,105.0,77,116,39.1
3638,male,42,183.1,80.6,58,127,38.6
3639,female,33,158.7,57.9,20,97,41.0
3640,male,59,175.8,89.2,67,70,39.1
3641,female,31,173.6,68.6,47,171,37.0
3642,male,30,181.6,70.5,109,118,41.2
3643,male,58,180.5,82.4,48,116,41.4
3644,female,24,163.1,61.5,20,162,38.9
3645,female,29,180.8,64.2,83,104,39.0
3646,female,54,163.3,61.9,11,113,37.1
3647,female,67,157.2,66.4,31,180,37.9
3648,male,21,169.5,66.3,22,100,37.5
3649,male,19,176.0,88.6,11,176,40.6
3650,male,52,168.5,87.4,90,83,39.3
3651,female,61,166.2,54.0,66,100,38.3
3652,male,20,183.0,88.8,65,65,41.2
3653,female,21,150.0,67.8,66,107,39.9
3654,male,55,175.9,88.0,66,141,41.2
3655,female,29,163.2,72.5,17,89,38.1
3656,female,36,172.8,48.6,63,140,40.9
3657,male,27,172.7,72.8,87,93,40.8
3658,female,18,160.9,60.6,30,155,41.0
3659,female,34,169.8,80.2,21,154,40.7
3660,male,33,180.9,90.1,21,136,40.6
3661,female,26,152.7,51.5,20,88,40.8
3662,female,26,163.1,75.9,61,84,41.0
3663,female,26,152.5,65.9,17,111,38.9
3664,male,29,167.7,77.4,73,148,38.0
3665,male,58,178.5,103.5,102,129,37.3
3666,female,32,156.8,78.6,23,152,38.2
3667,male,19,173.5,74.1,97,170,40.9
3668,female,28,164.0,51.9,97,121,41.5
3669,female,28,169.1,62.3,95,88,38.9
3670,female,25,154.3,59.1,80,151,39.1
3671,female,49,167.2,65.3,58,125,38.8
3672,female,23,153.8,58.2,73,162,39.5
3673,male,37,175.9,81.7,65,137,39.2
3674,female,56,170.4,63.2,98,160,40.1
3675,male,52,170.1,76.8,53,170,38.2
3676,male,25,179.8,86.9,33,124,38.8
3677,female,67,152.0,74.0,63,67,38.8
3678,female,66,170.7,57.5,27,166,38.4
3679,male,60,178.6,74.6,65,161,40.6
3680,male,51,170.6,74.3,116,141,39.4
3681,male,36,167.2,84.8,5,166,39.5
3682,female,24,165.2,61.6,111,73,38.1
3683,male,48,158.3,78.7,73,65,38.9
3684,female,35,181.4,65.8,52,77,38.6
3685,female,57,158.9,90.6,114,165,41.1
3686,female,31,172.2,51.3,8,85,37.2
3687,male,56,165.6,85.9,15,139,37.8
3688,female,53,174.2,66.8,47,101,40.0
3689,female,34,177.1,69.0,18,141,39.7
3690,female,54,165.7,52.9,36,183,40.2
3691,female,61,165.0,69.6,116,98,37.2
3692,female,26,156.3,68.0,104,129,41.0
3693,male,37,168.9,48.6,60,117,41.2
3694,female,62,165.1,66.3,81,133,40.5
3695,female,45,173.2,62.6,100,168,37.8
3696,male,67,190.2,72.6,54,83,40.5
3697,female,37,178.5,64.5,66,149,38.4
3698,male,58,174.7,65.5,13,160,37.7
3699,female,53,164.6,69.6,35,123,37.4
3700,male,44,182.6,85.0,55,69,37.2
3701,male,25,177.8,79.3,54,68,40.8
3702,female,49,148.7,64.6,109,128,40.8
3703,female,18,158.7,58.8,85,180,37.1
3704,female,34,164.4,52.6,81,162,40.2
3705,male,26,184.7,72.4,34,127,38.1
3706,male,37,181.4,71.1,30,130,38.0
3707,male,62,182.3,68.6,114,123,39.5
3708,female,49,161.3,54.2,15,132,39.1
3709,male,19,178.3,76.3,7,87,37.9
3710,male,49,186.8,93.7,58,143,37.0
3711,female,62,153.5,70.4,113,99,38.5
3712,male,26,173.2,91.1,87,172,38.8
3713,male,47,174.9,84.3,26,118,39.1
3714,female,37,168.2,59.5,53,165,38.8
3715,male,55,170.8,64.5,59,130,38.7
3716,female,18,161.8,66.5,90,157,41.3
3717,female,22,164.6,51.3,67,142,41.1
3718,female,52,166.0,65.8,100,150,38.8
3719,female,53,175.6,52.8,75,127,41.2
3720,female,18,150.6,63.1,68,87,37.4
3721,male,31,165.9,90.2,92,115,37.1
3722,male,26,168.2,73.0,77,88,38.5
3723,female,47,160.4,67.8,51,84,37.8
3724,female,41,165.3,78.4,93,94,40.2
3725,male,21,177.0,77.4,90,147,39.8
3726,female,67,167.1,82.0,28,131,41.4
3727,female,31,178.1,57.8,48,180,40.4
3728,female,42,163.9,56.9,11,162,38.8
3729,male,21,171.0,62.6,57,76,38.2
3730,male,42,177.5,88.2,27,98,37.2
3731,female,27,166.9,70.2,69,69,38.2
3732,female,52,162.8,77.5,41,111,37.8
3733,male,24,182.0,81.2,104,71,40.8
3734,male,59,183.7,76.1,73,173,38.5
3735,female,30,162.1,51.2,27,143,40.1
3736,female,21,158.7,66.0,46,122,39.9
3737,male,67,168.8,110.2,89,117,37.3
3738,male,60,171.9,65.8,19,153,37.1
3739,male,53,170.8,57.6,70,146,39.0
3740,female,31,163.8,60.6,89,152,41.2
3741,male,35,177.8,91.8,118,152,39.9
3742,female,25,174.0,69.2,22,159,40.9
3743,male,49,165.7,64.7,44,167,37.2
3744,male,44,186.5,84.1,22,74,38.7
3745,male,59,171.6,100.6,22,68,37.3
3746,male,54,166.2,69.5,83,126,38.5
3747,female,40,159.0,66.9,63,135,38.3
3748,female,24,148.0,82.4,79,118,41.1
3749,male,29,171.9,77.6,115,154,40.7
3750,female,42,173.3,56.7,80,183,40.6
3751,male,20,173.5,97.6,69,133,37.1
3752,male,43,173.8,71.5,103,158,39.3
3753,male,21,168.7,88.2,110,131,37.4
3754,male,59,176.1,70.7,36,184,40.9
3755,female,53,162.9,75.1,67,128,39.0
3756,male,32,177.5,104.9,14,183,37.4
3757,male,49,166.1,101.5,16,136,41.4
3758,female,46,168.3,59.5,91,115,38.3
3759,male,27,170.6,84.8,95,84,37.9
3760,male,38,175.4,77.5,5,96,39.5
3761,male,33,185.6,83.4,101,81,39.2
3762,female,64,171.2,77.5,107,176,38.2
3763,male,36,174.3,84.7,23,102,40.3
3764,female,46,158.3,63.0,27,173,38.3
3765,male,69,182.0,71.0,15,167,38.6
3766,male,68,179.6,72.8,53,152,40.1
3767,female,35,160.6,84.3,72,121,39.6
3768,male,61,178.9,94.1,71,89,38.3
3769,male,33,159.1,118.2,79,178,41.2
3770,female,18,165.2,86.9,52,118,40.2
3771,female,65,157.3,63.7,13,104,38.4
3772,female,19,158.8,64.4,28,139,40.9
3773,female,32,147.7,69.0,43,154,38.4
3774,female,56,176.6,53.0,13,73,41.4
3775,male,45,172.1,88.8,19,68,41.1
3776,female,18,159.5,58.8,109,88,38.8
3777,male,22,172.2,79.3,5,76,40.0
3778,male,59,183.3,62.3,79,167,39.4
3779,male,39,169.3,87.1,115,105,40.7
3780,female,53,154.1,63.7,107,160,40.9
3781,female,63,145.1,72.8,27,169,39.8
3782,male,30,173.5,57.5,13,177,39.5
3783,female,18,152.1,68.0,10,172,38.5
3784,female,33,164.2,72.6,16,71,41.1
3785,female,58,164.2,55.8,112,112,39.7
3786,female,39,156.2,71.5,58,87,37.3
3787,male,49,184.0,74.2,114,144,40.0
3788,male,33,174.4,77.4,19,68,38.0
3789,female,68,168.4,59.8,7,178,37.6
3790,male,32,176.2,66.8,5,124,41.4
3791,female,63,179.0,50.3,17,130,41.0
3792,female,69,154.6,65.8,101,181,40.3
3793,male,59,154.8,86.0,79,161,39.6
3794,male,29,166.4,83.4,66,118,38.7
3795,male,18,168.2,99.8,84,109,38.4
3796,female,34,175.5,74.2,7,174,38.5
3797,male,58,176.5,75.5,20,120,39.0
3798,female,68,157.5,62.3,36,174,38.5
3799,male,67,177.1,84.3,94,79,38.0
3800,male,45,164.6,71.5,32,110,41.1
3801,female,24,160.9,76.0,95,83,40.4
3802,female,26,154.5,62.3,109,123,39.9
3803,female,39,152.9,69.5,85,156,39.0
3804,female,43,178.3,60.4,52,91,40.6
3805,female,29,153.5,50.7,52,152,37.7
3806,female,24,174.9,72.5,31,119,37.6
3807,female,63,157.1,52.7,16,119,41.3
3808,female,64,168.5,62.4,39,150,41.2
3809,male,32,181.0,65.6,23,165,40.0
3810,female,55,167.7,58.2,101,122,39.1
3811,female,38,168.1,80.7,21,115,41.0
3812,male,31,176.5,89.2,13,93,40.3
3813,female,19,158.3,56.9,115,120,40.5
3814,male,25,174.6,91.8,50,159,39.9
3815,male,62,167.9,90.1,16,170,41.1
3816,female,23,153.7,76.5,37,102,38.4
3817,male,54,179.1,84.9,83,127,38.2
3818,female,54,161.3,72.5,33,163,39.6
3819,male,50,169.8,83.5,17,126,38.6
3820,male,58,183.2,104.0,71,125,37.3
3821,male,23,171.6,72.5,103,115,41.3
3822,female,69,157.1,65.5,62,150,41.1
3823,female,43,147.0,69.3,89,103,37.0
3824,male,56,172.2,79.6,107,173,40.9
3825,male,58,176.9,76.1,103,165,39.3
3826,female,54,160.5,58.0,103,148,39.3
3827,female,31,150.5,54.5,104,145,37.8
3828,male,54,178.9,72.7,99,151,37.9
3829,male,25,176.4,75.2,81,148,38.3
3830,female,56,165.1,51.3,100,118,39.5
3831,female,30,157.9,78.8,67,100,39.2
3832,female,30,162.8,47.9,86,83,38.2
3833,female,57,159.1,49.5,112,132,40.6
3834,female,60,162.4,61.8,22,87,38.6
3835,male,45,171.0,87.7,14,139,37.9
3836,female,35,160.7,68.1,114,125,38.9
3837,male,36,173.0,91.8,84,65,40.2
3838,female,55,164.7,68.3,91,67,38.5
3839,male,49,172.4,67.2,35,112,38.4
3840,female,39,157.8,55.2,119,147,37.5
3841,female,19,159.3,61.2,57,135,37.5
3842,male,30,178.2,84.5,102,176,38.3
3843,male,40,174.9,99.6,48,111,40.2
3844,female,42,155.0,54.2,33,165,39.4
3845,female,45,161.2,53.0,53,81,40.7
3846,female,28,157.7,63.5,84,172,40.2
3847,female,50,168.6,68.4,61,74,39.9
3848,female,41,159.7,66.5,98,126,37.6
3849,male,19,165.4,79.0,93,100,41.1
3850,male,47,180.0,73.7,105,102,37.1
3851,female,34,171.3,67.3,41,165,41.3
3852,male,57,176.4,94.3,52,105,40.6
3853,male,51,172.7,76.5,87,107,38.1
3854,male,55,175.0,85.1,100,135,41.4
3855,female,39,155.8,62.4,118,137,39.0
3856,male,22,167.3,104.5,105,126,40.6
3857,female,65,170.4,81.3,63,157,41.2
3858,male,57,170.2,84.1,107,121,39.2
3859,female,68,157.0,77.7,16,86,39.8
3860,male,33,178.3,74.2,19,101,39.9
3861,female,30,154.8,33.4,60,94,39.6
3862,female,43,164.1,76.8,83,97,37.8
3863,male,48,194.4,72.6,88,175,38.3
3864,female,69,156.4,59.4,64,177,37.5
3865,female,56,168.2,74.0,74,86,39.0
3866,female,65,161.6,85.3,23,106,37.8
3867,female,40,165.8,80.4,57,80,37.8
3868,female,65,147.2,66.7,33,120,37.5
3869,female,29,166.5,72.4,66,131,38.9
3870,female,31,158.0,53.9,31,110,37.4
3871,female,35,149.8,48.8,103,138,40.3
3872,male,44,179.5,76.8,101,168,41.1
3873,male,45,170.9,64.8,114,81,38.4
3874,female,35,164.6,50.5,87,184,40.8
3875,female,33,171.7,64.5,44,139,39.7
3876,male,69,182.9,81.0,40,156,38.8
3877,male,33,176.0,73.3,73,81,40.7
3878,male,30,176.7,79.5,24,161,40.5
3879,female,46,158.3,61.4,102,179,41.2
3880,male,26,163.3,63.2,52,172,41.2
3881,female,43,154.2,66.2,75,158,40.1
3882,female,45,156.2,73.0,102,151,41.1
3883,male,58,182.3,75.3,59,166,37.2
3884,female,30,165.3,80.8,62,70,37.9
3885,female,53,159.5,65.4,96,113,38.4
3886,female,26,155.8,53.9,43,81,40.6
3887,female,64,160.2,75.9,114,128,37.2
3888,male,31,181.4,74.0,90,141,40.4
3889,male,68,172.6,91.6,45,170,40.0
3890,female,29,169.6,71.2,54,83,41.0
3891,female,49,179.6,79.1,63,127,37.2
3892,male,55,174.2,67.4,60,82,39.8
3893,female,20,169.3,79.2,108,97,37.4
3894,male,69,185.7,89.8,57,66,37.3
3895,female,33,155.1,57.7,106,127,41.3
3896,female,37,155.1,73.5,67,172,38.0
3897,male,49,174.5,83.5,45,153,37.9
3898,male,40,160.3,103.3,118,87,40.9
3899,male,34,184.0,90.6,34,139,38.4
3900,male,33,152.9,77.5,59,69,40.8
3901,female,55,157.8,71.3,89,169,40.0
3902,male,25,179.2,65.4,65,80,37.9
3903,female,36,146.0,45.1,44,75,39.3
3904,male,47,169.9,91.1,77,132,40.0
3905,male,51,176.2,72.4,40,93,40.3
3906,female,31,157.4,54.8,17,73,39.2
3907,male,39,180.7,80.6,50,82,38.6
3908,male,61,177.0,101.8,101,82,41.3
3909,male,34,174.6,80.8,94,121,38.9
3910,male,32,175.2,68.2,5,102,40.1
3911,female,67,178.7,74.7,64,91,40.8
3912,female,65,180.7,77.7,6,134,37.8
3913,male,49,160.0,95.2,40,164,39.2
3914,male,30,192.6,86.2,49,155,39.5
3915,male,38,184.6,75.9,98,139,39.6
3916,female,66,163.9,63.9,84,122,37.7
3917,female,57,174.1,70.8,13,102,37.1
3918,female,50,167.4,60.0,19,73,40.0
3919,female,44,154.6,54.0,43,141,39.8
3920,male,52,157.7,84.1,59,82,40.2
3921,male,33,171.0,63.8,63,175,38.0
3922,male,45,160.9,82.1,90,146,38.5
3923,female,51,163.1,53.2,83,129,39.6
3924,male,64,171.2,80.0,8,157,37.3
3925,female,18,151.4,70.2,20,184,37.9
3926,female,58,156.4,49.8,109,151,41.0
3927,male,65,169.0,84.0,15,101,37.7
3928,male,48,180.0,78.3,116,96,37.7
3929,male,53,178.6,96.6,100,118,40.2
3930,female,61,169.9,66.3,26,91,41.0
3931,female,50,169.2,64.4,69,82,41.4
3932,male,50,170.4,92.7,58,112,40.8
3933,male,56,174.0,83.0,94,120,40.2
3934,female,35,163.9,62.8,7,175,41.0
3935,male,40,157.6,72.3,100,144,39.3
3936,female,40,147.8,78.3,101,102,38.3
3937,female,32,170.9,69.0,101,117,40.2
3938,male,43,175.5,70.8,70,153,38.8
3939,male,47,173.8,86.8,90,123,38.7
3940,male,42,154.5,83.0,61,127,38.9
3941,male,62,171.5,70.0,16,112,39.8
3942,female,33,162.2,69.5,70,65,41.1
3943,female,56,170.2,69.4,105,107,41.3
3944,female,65,164.5,58.8,12,65,39.9
3945,male,62,175.1,72.2,85,161,37.2
3946,female,31,160.5,77.6,8,74,38.8
3947,male,34,180.3,81.6,48,70,37.6
3948,male,29,173.2,59.1,69,169,39.5
3949,male,46,178.4,53.9,10,173,38.8
3950,male,49,188.4,77.5,66,88,40.3
3951,male,41,183.1,96.0,44,134,39.7
3952,male,69,193.7,94.8,90,73,37.8
3953,female,30,160.2,69.4,39,97,37.7
3954,male,37,188.4,71.2,54,79,37.5
3955,female,32,163.3,59.3,44,102,40.3
3956,female,21,154.7,59.7,15,164,38.5
3957,male,51,180.9,93.0,70,72,39.0
3958,male,45,170.9,86.8,22,178,38.9
3959,male,67,175.7,91.6,77,154,40.0
3960,female,19,172.4,57.7,74,135,37.2
3961,male,64,169.3,91.3,38,74,38.6
3962,female,47,168.0,60.0,16,82,37.4
3963,male,43,163.9,69.3,25,90,37.2
3964,male,68,190.5,66.7,64,68,37.4
3965,female,64,149.1,66.9,94,105,38.9
3966,female,43,171.3,86.3,14,171,40.1
3967,male,37,171.8,62.6,20,136,39.1
3968,female,59,160.2,71.4,83,153,38.1
3969,female,45,161.9,50.8,27,146,39.9
3970,female,37,162.6,61.7,110,175,37.9
3971,female,28,169.7,54.2,25,69,38.7
3972,female,27,163.0,71.0,65,68,41.3
3973,male,40,176.6,65.3,47,171,40.7
3974,male,54,168.2,89.6,20,72,41.1
3975,female,58,167.2,74.6,62,66,37.7
3976,male,69,173.5,83.3,15,67,39.8
3977,male,36,166.8,66.7,88,180,38.4
3978,female,62,157.2,78.2,25,94,40.7
3979,male,35,191.8,76.4,20,71,39.0
3980,female,66,154.3,76.1,79,178,40.3
3981,female,44,163.6,66.1,37,108,38.4
3982,male,23,181.5,86.7,90,88,37.3
3983,female,27,145.2,68.9,93,182,40.4
3984,female,19,153.2,49.1,37,71,39.7
3985,female,41,142.8,59.6,105,164,40.9
3986,female,55,160.6,69.2,102,65,37.5
3987,female,45,170.5,62.1,19,94,41.4
3988,male,45,155.5,82.4,69,176,41.1
3989,male,62,184.7,87.5,8,128,39.9
3990,female,67,161.9,66.2,85,162,39.4
3991,female,56,155.6,63.8,96,122,38.8
3992,male,19,172.5,68.3,36,125,37.4
3993,female,63,166.8,68.9,12,134,41.2
3994,male,22,178.2,78.4,40,129,37.9
3995,female,67,152.6,45.7,104,154,38.6
3996,female,28,148.4,40.3,87,167,37.8
3997,female,27,178.5,60.5,60,95,38.2
3998,female,60,170.9,77.3,92,126,38.8
3999,female,19,159.8,92.2,7,104,40.1
4000,female,32,163.6,46.8,18,168,40.7
4001,female,56,159.6,81.3,100,130,37.3
4002,male,58,177.3,69.1,80,75,40.7
4003,male,54,178.4,76.9,99,173,40.6
4004,male,24,169.5,97.1,38,116,37.6
4005,female,37,166.2,69.7,99,125,38.2
4006,female,51,173.2,62.7,40,126,37.4
4007,female,52,168.2,47.2,100,169,39.2
4008,female,51,171.6,66.0,39,102,41.4
4009,female,39,160.8,65.4,36,158,40.9
4010,female,48,158.6,87.4,84,151,40.9
4011,female,40,149.4,55.5,5,117,37.6
4012,male,36,175.1,56.6,115,144,41.1
4013,female,21,165.7,59.9,108,155,37.1
4014,male,41,175.2,68.6,56,121,40.4
4015,male,37,164.3,87.4,17,100,38.3
4016,female,56,171.7,78.1,79,151,39.3
4017,female,45,167.4,49.4,119,184,40.3
4018,male,56,181.6,84.1,79,118,39.9
4019,male,34,167.6,58.2,29,97,38.5
4020,female,36,158.0,58.0,68,150,40.7
4021,female,65,171.4,72.2,9,103,39.9
4022,male,52,174.5,67.2,67,144,40.8
4023,female,49,159.0,48.8,89,68,38.6
4024,female,64,159.5,61.9,103,110,37.5
4025,female,63,162.9,55.8,80,174,38.7
4026,male,64,184.5,76.9,56,143,39.2
4027,male,63,176.6,74.3,50,81,37.6
4028,male,56,180.4,84.5,81,95,39.5
4029,female,52,166.3,61.8,71,103,40.0
4030,female,47,156.9,67.8,80,159,37.0
4031,male,34,185.4,53.2,51,163,39.5
4032,male,59,183.1,68.0,38,86,37.6
4033,male,64,173.1,78.2,24,150,37.6
4034,female,46,159.4,76.8,43,128,38.7
4035,male,23,184.9,59.6,56,131,37.4
4036,male,34,181.8,77.5,54,82,39.6
4037,female,34,157.6,68.0,72,117,40.3
4038,female,31,176.4,57.9,45,124,38.5
4039,female,41,156.5,79.1,47,154,41.2
4040,male,67,183.9,71.3,53,163,40.2
4041,female,54,171.6,56.0,75,179,41.5
4042,female,57,167.6,73.5,51,152,39.7
4043,male,56,166.1,66.3,61,154,39.1
4044,female,49,168.8,61.4,71,100,40.4
4045,male,53,183.9,63.6,50,149,38.8
4046,male,67,170.3,59.4,45,112,37.0
4047,female,54,146.2,66.7,112,184,38.0
4048,female,65,159.0,76.0,81,177,37.9
4049,female,31,170.6,75.9,33,135,39.2
4050,female,44,160.0,65.5,45,133,40.2
4051,female,36,166.2,58.7,89,95,39.5
4052,female,48,164.3,65.0,50,143,37.5
4053,male,63,172.0,79.7,29,175,38.2
4054,male,26,187.7,83.8,7,66,37.6
4055,female,55,165.5,63.1,34,82,37.4
4056,male,34,171.7,74.8,107,120,37.7
4057,female,36,160.5,78.4,90,74,39.3
4058,male,61,174.4,69.7,6,180,40.4
4059,male,21,167.2,72.1,13,110,38.8
4060,male,65,183.2,73.3,62,130,37.9
4061,female,28,165.7,77.6,8,74,38.9
4062,male,39,173.9,74.2,76,123,38.5
4063,female,21,159.7,76.1,23,168,37.2
4064,male,34,177.7,89.5,89,140,41.2
4065,male,25,169.3,84.0,18,175,37.0
4066,male,63,180.3,84.0,5,86,37.2
4067,male,51,167.9,91.7,109,169,38.4
4068,male,28,174.8,70.1,24,85,40.5
4069,female,48,157.7,74.9,87,113,39.2
4070,female,28,154.0,58.3,110,156,39.3
4071,male,55,169.6,69.2,84,67,39.8
4072,male,38,184.6,55.6,78,101,37.2
4073,male,63,175.7,71.7,70,106,41.3
4074,male,47,180.9,91.5,69,92,39.5
4075,female,27,167.8,69.2,12,133,40.7
4076,male,43,183.9,74.4,13,119,38.9
4077,female,44,157.9,83.5,43,133,39.0
4078,male,25,176.5,77.7,68,137,37.8
4079,female,56,156.1,59.1,110,152,38.6
4080,male,25,176.7,62.2,61,165,37.8
4081,male,25,165.3,74.7,86,182,41.1
4082,female,51,156.3,59.6,19,183,38.5
4083,male,33,177.1,93.4,110,95,38.8
4084,male,58,179.7,80.8,84,183,37.6
4085,male,30,174.0,65.9,89,142,41.5
4086,female,40,173.6,67.2,115,169,39.6
4087,male,29,180.3,88.6,29,115,39.6
4088,male,44,164.5,74.9,92,91,37.7
4089,female,39,157.8,70.7,115,85,40.1
4090,female,49,161.2,82.6,20,151,40.1
4091,female,66,170.6,66.3,53,166,41.1
4092,male,44,179.5,85.7,77,132,38.3
4093,male,19,179.7,84.4,106,68,40.9
4094,male,62,163.7,66.2,83,175,39.0
4095,female,50,167.1,72.5,52,133,38.0
4096,male,43,177.4,78.5,81,77,40.0
4097,male,45,169.9,48.0,64,173,37.1
4098,female,36,162.1,79.0,65,96,40.9
4099,female,60,171.1,56.9,48,179,37.3
4100,female,22,163.8,54.0,28,133,38.8
4101,female,50,161.6,74.5,55,95,37.6
4102,female,37,168.5,67.7,37,174,39.1
4103,male,47,178.6,79.0,16,124,41.3
4104,female,62,169.0,72.0,14,79,37.6
4105,male,25,173.4,73.2,35,82,37.5
4106,male,55,181.1,78.9,60,168,37.9
4107,female,34,161.1,66.8,8,177,41.2
4108,female,61,145.1,69.6,106,82,38.3
4109,female,18,163.6,55.5,40,92,39.7
4110,male,20,187.4,88.1,14,72,38.3
4111,female,63,165.0,60.2,71,92,40.2
4112,female,43,164.3,75.4,26,126,39.8
4113,female,48,162.5,64.1,117,142,41.3
4114,female,25,166.1,59.0,89,133,38.5
4115,female,60,164.4,55.1,42,82,38.4
4116,male,63,181.9,71.2,114,71,40.5
4117,male,25,170.4,56.0,106,146,37.7
4118,male,52,185.2,84.5,50,83,40.3
4119,female,56,168.4,61.8,71,179,40.5
4120,female,45,170.5,54.9,33,144,40.9
4121,female,68,167.7,63.7,105,79,40.1
4122,male,21,193.1,77.7,55,120,37.8
4123,female,33,164.2,58.7,64,96,38.5
4124,female,30,163.0,69.7,63,107,37.3
4125,female,37,158.5,75.9,9,66,40.4
4126,male,68,177.4,90.9,7,157,40.1
4127,female,22,157.9,66.1,118,167,39.3
4128,male,54,175.6,93.9,68,154,41.4
4129,female,37,156.6,62.7,98,85,38.4
4130,male,41,159.1,84.1,51,128,41.0
4131,male,53,172.7,56.6,44,161,37.8
4132,male,51,186.1,69.0,12,101,41.3
4133,female,62,156.7,77.1,112,79,38.3
4134,female,65,167.9,77.1,60,93,40.6
4135,male,51,186.3,65.7,81,147,37.5
4136,male,36,174.5,73.7,58,95,38.8
4137,female,34,156.1,68.5,88,103,41.3
4138,female,22,172.8,71.5,81,122,38.4
4139,male,42,196.3,63.2,10,177,40.5
4140,female,35,166.7,66.4,78,103,39.2
4141,female,67,168.5,71.4,57,152,39.7
4142,female,25,157.6,69.2,30,179,39.7
4143,female,44,161.2,54.5,74,79,39.6
4144,male,32,177.0,74.5,30,120,39.2
4145,female,62,166.0,62.5,32,94,37.9
4146,female,30,163.5,59.4,80,89,37.1
4147,male,33,185.6,98.8,57,124,40.0
4148,male,39,160.6,73.8,65,111,40.2
4149,female,37,170.9,62.3,44,145,40.5
4150,female,30,167.5,54.3,72,120,41.2
4151,female,37,163.5,61.0,92,157,37.7
4152,female,19,160.5,88.9,19,89,41.0
4153,male,52,169.5,82.8,92,110,38.1
4154,male,64,178.5,93.3,17,67,39.4
4155,male,36,172.5,91.3,71,86,38.2
4156,female,62,152.8,69.4,95,180,37.6
4157,female,54,171.6,63.6,107,100,37.2
4158,female,23,158.0,58.1,49,182,38.5
4159,female,31,165.8,71.7,83,69,41.4
4160,male,21,174.5,107.0,30,104,39.1
4161,male,39,164.1,92.7,60,135,37.2
4162,female,68,166.1,62.2,27,91,40.0
4163,male,56,178.4,93.3,43,143,37.9
4164,female,53,171.2,73.8,101,172,37.3
4165,female,51,160.3,73.7,25,124,40.6
4166,male,44,162.5,87.1,18,127,39.0
4167,female,24,158.3,60.4,17,142,41.4
4168,female,20,164.4,62.4,36,140,40.2
4169,male,64,180.7,90.6,110,143,38.3
4170,female,50,158.5,70.2,112,111,41.4
4171,female,19,159.4,46.3,16,168,40.9
4172,male,59,182.6,79.8,67,154,38.4
4173,female,33,146.6,63.6,56,115,38.3
4174,male,42,178.0,71.2,78,108,39.3
4175,female,32,174.7,62.7,26,171,39.4
4176,male,41,171.6,76.4,51,181,39.6
4177,male,32,172.0,94.6,29,91,38.0
4178,male,48,181.5,65.4,112,117,37.2
4179,female,31,162.6,66.0,115,178,39.4
4180,male,31,157.9,79.4,97,69,39.7
4181,male,23,171.5,77.0,75,86,41.3
4182,male,31,182.4,65.9,118,103,39.4
4183,male,34,177.0,82.5,39,85,37.7
4184,male,35,181.9,67.9,97,121,38.4
4185,female,37,152.7,73.3,84,181,37.2
4186,female,68,157.1,59.9,76,114,37.1
4187,female,34,161.5,63.2,55,104,39.2
4188,female,33,160.4,66.7,63,109,40.0
4189,female,57,177.4,55.0,77,111,41.3
4190,female,56,153.8,75.3,24,151,39.9
4191,female,69,162.7,40.3,23,88,37.8
4192,male,49,157.6,79.9,20,120,41.1
4193,female,61,165.3,48.2,66,133,41.0
4194,male,26,171.8,92.3,33,79,38.8
4195,male,44,162.1,76.9,102,98,39.4
4196,female,63,161.0,59.7,96,93,39.2
4197,male,69,177.2,90.7,38,165,39.0
4198,male,50,183.3,80.6,85,99,38.5
4199,male,27,188.8,64.8,8,89,41.4
4200,male,34,186.4,74.9,59,117,41.1
4201,female,66,166.0,78.9,56,119,38.5
4202,female,66,159.5,80.6,102,132,39.8
4203,female,53,169.5,73.5,34,90,37.4
4204,female,34,155.0,67.6,113,166,40.4
4205,female,35,142.5,74.2,63,111,40.8
4206,female,69,165.0,72.1,68,68,39.1
4207,female,40,172.0,53.8,42,182,37.3
4208,female,51,172.1,55.9,34,100,39.6
4209,female,25,153.9,71.3,99,66,37.2
4210,female,30,159.2,58.3,47,111,40.7
4211,male,40,180.0,75.1,100,80,39.6
4212,female,37,158.6,77.9,60,142,40.9
4213,male,39,185.9,83.1,102,104,38.7
4214,male,64,172.9,101.9,113,84,38.1
4215,male,69,172.6,98.2,86,182,41.2
4216,male,40,180.3,87.9,10,182,41.1
4217,female,58,169.7,61.6,119,83,37.3
4218,male,52,175.7,61.4,7,117,40.9
4219,female,20,171.9,52.8,44,84,41.2
4220,female,51,166.6,82.5,82,156,39.0
4221,male,50,160.4,74.3,119,173,41.0
4222,female,63,168.7,64.0,42,183,39.0
4223,male,34,164.3,62.1,21,69,37.3
4224,male,62,166.7,78.5,55,118,39.5
4225,female,36,184.1,60.5,31,114,41.2
4226,female,47,163.8,42.5,41,176,39.4
4227,male,40,180.3,86.5,30,110,37.6
4228,female,32,164.9,44.8,82,101,39.0
4229,female,31,156.1,64.1,64,121,37.5
4230,female,19,170.1,67.0,104,184,39.6
4231,male,56,177.5,58.6,92,79,39.8
4232,male,66,172.4,69.4,25,83,40.0
4233,female,35,156.8,62.9,69,164,37.2
4234,female,23,164.0,82.3,66,154,40.8
4235,female,49,158.5,68.0,46,180,41.1
4236,female,38,168.5,85.1,100,167,38.3
4237,female,57,166.9,47.4,67,119,40.5
4238,male,45,187.1,71.3,79,120,39.2
4239,female,44,159.9,62.1,62,177,39.4
4240,male,19,181.8,70.4,116,128,38.1
4241,female,50,161.9,62.6,85,94,41.0
4242,male,33,188.2,72.7,66,140,41.3
4243,female,56,170.2,71.1,71,147,39.9
4244,male,39,174.0,58.9,105,111,37.7
4245,female,60,176.8,57.3,33,73,39.4
4246,male,64,172.8,91.5,23,100,38.4
4247,male,30,199.8,92.9,111,182,39.0
4248,male,19,162.4,71.8,101,69,40.0
4249,male,31,171.2,106.6,117,93,37.3
4250,male,55,163.7,67.4,107,160,37.9
4251,male,58,176.0,77.3,115,131,40.4
4252,female,45,158.8,64.7,9,89,37.2
4253,male,24,174.1,85.2,70,162,39.7
4254,female,35,158.5,74.8,13,125,38.2
4255,female,58,172.5,59.6,45,159,41.1
4256,female,53,168.0,47.9,29,175,40.7
4257,female,58,161.8,66.1,88,149,41.1
4258,female,53,161.7,76.3,79,172,37.4
4259,male,61,173.7,93.4,16,111,41.5
4260,male,21,176.4,89.0,69,177,37.6
4261,male,47,174.7,81.0,92,173,40.9
4262,female,41,149.7,74.9,85,124,38.7
4263,male,37,184.9,92.7,20,74,41.3
4264,male,63,168.5,95.6,59,98,37.0
4265,male,48,172.5,62.0,114,157,40.1
4266,male,41,182.2,82.7,42,149,41.5
4267,male,24,163.6,86.9,47,105,40.1
4268,female,43,176.1,79.8,12,77,40.2
4269,male,30,176.8,95.3,57,160,40.0
4270,female,25,164.0,57.8,65,90,41.4
4271,female,22,161.0,59.7,92,82,40.2
4272,female,61,166.1,76.7,74,103,39.2
4273,female,30,170.5,56.2,50,121,38.1
4274,female,46,167.3,68.3,13,154,40.5
4275,male,37,180.5,100.0,71,88,37.7
4276,male,31,165.6,88.9,104,182,37.3
4277,male,49,172.9,74.5,27,95,40.4
4278,female,67,160.8,60.7,35,111,38.7
4279,male,44,163.4,76.7,38,119,38.0
4280,male,42,182.0,80.2,106,80,40.5
4281,female,69,171.1,51.2,108,165,40.9
4282,female,21,160.5,70.1,39,93,37.5
4283,female,38,178.2,67.1,52,76,38.9
4284,female,35,163.5,50.3,85,69,37.1
4285,male,56,181.0,61.2,25,119,40.7
4286,female,32,171.4,62.2,71,178,37.0
4287,female,55,158.7,59.1,42,172,38.8
4288,male,65,173.4,58.7,57,138,41.1
4289,male,69,178.3,64.8,39,115,39.6
4290,female,41,158.9,73.9,102,140,40.6
4291,male,25,181.8,79.5,119,168,37.6
4292,female,45,161.3,70.9,18,92,37.5
4293,female,38,160.9,51.1,84,65,38.6
4294,male,33,170.8,74.9,62,110,40.0
4295,male,33,184.8,73.8,72,106,37.7
4296,female,52,154.8,61.0,77,154,37.3
4297,female,34,166.1,65.6,42,162,41.4
4298,female,26,167.1,81.7,19,149,38.3
4299,male,52,166.8,74.1,58,121,39.8
4300,female,69,169.7,73.5,69,113,40.0
4301,female,46,161.1,56.7,14,146,37.2
4302,female,56,152.7,65.2,15,157,39.5
4303,female,35,173.8,63.5,99,138,37.9
4304,female,29,156.5,55.8,119,93,37.4
4305,male,36,170.6,98.6,40,118,38.8
4306,female,65,166.0,81.0,102,99,40.6
4307,female,39,165.7,59.7,61,105,41.4
4308,female,66,165.6,75.0,42,179,39.2
4309,female,69,156.2,71.8,85,84,41.0
4310,male,32,178.5,74.7,72,73,41.3
4311,male,18,184.9,93.8,111,139,39.0
4312,male,19,177.6,74.9,41,139,37.7
4313,female,25,153.7,69.9,22,167,38.4
4314,female,39,156.2,60.9,43,172,38.7
4315,male,42,170.8,93.0,40,181,39.0
4316,male,19,185.3,81.2,44,120,39.9
4317,male,68,177.1,65.9,11,134,39.9
4318,female,26,153.7,64.7,80,158,39.4
4319,female,26,156.9,60.8,23,86,38.0
4320,male,30,183.9,83.3,41,68,38.6
4321,male,23,178.6,79.8,12,69,38.9
4322,male,47,189.6,78.4,78,70,40.0
4323,female,32,165.4,75.9,40,116,37.6
4324,female,68,166.2,71.8,75,97,38.1
4325,female,32,164.2,73.0,96,134,38.3
4326,male,67,173.6,91.3,45,179,39.3
4327,male,24,175.6,86.2,47,144,40.4
4328,female,28,144.0,63.7,86,67,40.8
4329,male,57,180.1,79.2,41,176,40.3
4330,female,55,168.6,73.3,69,119,40.4
4331,male,57,176.0,85.6,58,184,38.1
4332,male,19,180.8,66.6,97,144,41.0
4333,male,68,168.1,92.2,90,77,37.2
4334,male,65,188.6,89.7,26,95,39.4
4335,female,56,159.9,52.6,51,140,37.4
4336,male,27,186.6,83.5,49,87,39.7
4337,female,61,170.5,72.2,92,122,37.2
4338,female,34,179.8,72.9,29,177,39.9
4339,female,24,164.0,70.2,24,72,37.2
4340,male,57,177.8,66.9,34,130,37.7
4341,female,56,157.2,53.9,55,71,40.4
4342,female,21,159.5,52.9,75,115,38.4
4343,female,52,162.0,77.5,7,86,41.0
4344,male,68,183.3,77.6,74,132,37.4
4345,male,64,166.3,100.4,84,109,39.4
4346,female,53,176.5,58.0,81,102,41.2
4347,male,48,181.7,78.2,11,182,38.9
4348,female,42,153.7,52.3,33,77,38.5
4349,female,58,170.7,73.0,59,95,41.3
4350,male,30,171.9,86.1,79,115,38.9
4351,female,35,163.2,70.4,6,65,40.1
4352,male,38,169.6,78.6,92,74,41.1
4353,male,65,189.0,71.8,30,179,37.0
4354,female,18,165.3,71.1,49,148,39.6
4355,male,53,162.7,47.9,58,133,40.2
4356,male,67,165.4,92.1,119,92,38.9
4357,female,25,176.3,67.8,42,99,40.0
4358,female,69,173.0,76.1,13,124,40.6
4359,male,65,190.8,60.0,106,112,38.4
4360,male,38,166.7,93.3,104,114,38.5
4361,female,60,159.5,64.3,109,183,37.4
4362,male,69,166.5,86.8,74,168,41.3
4363,male,38,171.1,79.9,58,136,37.1
4364,male,44,188.5,60.6,51,181,39.1
4365,male,36,165.9,95.2,98,106,39.4
4366,male,40,179.7,92.9,82,93,37.6
4367,male,68,178.1,89.2,52,109,39.2
4368,male,67,174.8,83.8,82,95,38.3
4369,female,68,164.9,62.5,82,108,40.6
4370,female,60,165.9,68.9,28,76,40.7
4371,female,52,166.3,92.2,86,101,38.9
4372,female,57,166.9,64.2,6,125,39.0
4373,female,69,167.4,72.2,100,136,37.3
4374,male,68,194.4,66.8,94,128,38.6
4375,male,59,171.8,55.2,35,184,38.8
4376,male,65,178.2,75.7,25,172,39.0
4377,male,22,186.5,97.8,97,151,39.0
4378,female,69,154.6,63.0,82,175,37.4
4379,male,58,163.9,79.2,109,147,37.7
4380,male,25,162.1,85.2,68,164,39.0
4381,female,28,150.1,53.0,53,88,38.7
4382,male,33,170.8,81.3,51,178,37.6
4383,male,56,173.5,73.7,5,147,39.9
4384,female,64,158.0,74.3,38,111,37.5
4385,male,41,182.6,76.7,36,182,37.0
4386,male,38,168.7,76.5,67,98,39.8
4387,male,69,171.1,92.0,116,163,37.4
4388,male,40,177.4,103.6,67,171,37.3
4389,male,66,166.5,78.0,56,77,37.4
4390,female,55,152.9,60.0,43,171,41.2
4391,female,64,160.2,73.5,80,127,37.5
4392,female,25,160.1,52.6,52,143,40.8
4393,female,24,159.1,60.4,7,158,40.5
4394,female,19,162.5,61.9,119,105,40.8
4395,female,47,168.4,74.9,18,131,39.7
4396,male,30,191.0,93.4,90,167,37.7
4397,female,40,158.8,60.5,30,91,40.5
4398,female,46,166.2,64.0,39,90,39.5
4399,male,55,175.9,94.8,91,111,39.6
4400,male,54,183.1,93.1,107,92,39.7
4401,female,37,163.3,76.0,8,128,37.7
4402,male,50,174.7,72.9,49,150,38.3
4403,female,46,156.9,65.2,30,178,41.5
4404,male,67,177.6,69.9,105,162,40.9
4405,female,32,166.1,65.6,111,98,38.6
4406,male,40,162.3,70.1,57,138,41.4
4407,male,59,170.2,88.1,117,92,37.3
4408,female,20,156.8,56.9,68,176,38.6
4409,female,54,170.0,57.2,30,130,39.5
4410,female,46,160.9,46.5,94,168,39.8
4411,female,62,169.5,68.3,98,96,40.6
4412,female,25,162.1,67.2,119,128,40.3
4413,male,39,165.0,106.0,33,72,40.1
4414,female,46,165.4,56.1,100,90,41.4
4415,female,19,168.7,64.5,65,84,39.7
4416,male,58,173.7,84.6,18,126,37.0
4417,male,66,175.5,68.3,97,179,39.8
4418,female,67,167.7,45.5,57,104,40.4
4419,male,62,162.5,103.4,63,169,41.1
4420,male,18,176.8,69.7,73,83,38.8
4421,female,61,165.6,52.9,34,144,37.2
4422,male,37,168.5,105.8,26,166,37.6
4423,male,69,180.7,96.7,100,84,41.1
4424,female,38,172.2,63.3,85,99,41.3
4425,female,54,167.4,68.6,98,124,38.0
4426,male,25,168.5,63.4,10,96,40.0
4427,male,44,176.5,106.4,9,128,39.1
4428,female,64,153.8,65.9,45,105,39.7
4429,male,52,180.0,87.0,104,137,37.2
4430,male,23,196.9,68.8,90,78,41.3
4431,male,62,169.3,66.4,51,110,39.1
4432,female,61,153.1,76.4,27,159,40.5
4433,male,36,187.4,103.0,81,107,39.3
4434,male,35,186.9,73.5,118,138,40.9
4435,female,18,166.7,68.6,106,137,39.8
4436,male,42,175.0,83.7,57,91,38.4
4437,male,44,186.9,99.6,44,155,39.2
4438,female,24,181.6,55.8,112,109,40.6
4439,female,61,168.8,94.0,65,117,38.2
4440,female,59,154.2,80.9,84,183,40.5
4441,female,46,166.2,51.3,18,133,40.2
4442,male,48,192.7,76.6,26,95,37.0
4443,male,61,180.8,93.2,72,146,40.9
4444,female,60,153.0,75.4,115,98,39.3
4445,female,53,166.2,59.0,85,118,41.2
4446,male,36,177.5,90.8,7,140,37.0
4447,female,23,155.7,72.5,71,152,40.9
4448,male,42,167.8,67.4,77,104,40.5
4449,female,48,165.0,78.7,42,72,40.0
4450,male,26,161.8,84.1,11,93,39.7
4451,female,37,170.6,67.8,17,177,39.7
4452,female,27,161.9,61.4,100,146,40.8
4453,male,54,178.7,83.0,59,90,41.5
4454,female,44,155.1,55.2,118,155,39.1
4455,male,30,176.8,86.6,6,123,39.5
4456,male,58,174.1,98.3,112,77,37.8
4457,male,19,176.6,85.6,41,181,38.8
4458,male,67,175.5,79.7,114,143,37.8
4459,male,38,185.0,92.1,112,74,37.0
4460,female,50,183.5,56.4,81,140,40.3
4461,female,41,159.8,64.7,97,166,38.4
4462,male,61,183.4,83.5,81,73,40.9
4463,female,59,161.4,68.6,54,145,39.2
4464,male,51,164.3,90.6,24,162,40.6
4465,female,26,159.2,45.8,53,75,38.9
4466,female,19,164.8,66.4,15,150,40.7
4467,female,47,167.4,66.4,108,154,40.9
4468,female,39,157.9,84.5,54,73,39.1
4469,male,63,170.5,75.3,45,70,41.2
4470,male,28,182.6,63.5,77,94,38.3
4471,female,60,161.4,65.4,8,66,38.7
4472,female,34,158.1,39.2,47,83,39.1
4473,male,53,167.0,103.0,83,180,40.4
4474,female,30,154.5,64.5,104,79,38.8
4475,male,24,167.4,65.4,35,136,37.4
4476,male,33,187.9,73.6,6,121,37.0
4477,male,50,184.5,78.2,16,124,40.9
4478,female,62,170.3,55.2,89,126,39.9
4479,male,18,176.0,71.6,116,67,37.8
4480,female,28,154.9,68.9,34,157,41.1
4481,male,23,165.5,83.8,48,110,40.3
4482,female,37,163.9,60.4,118,174,40.4
4483,female,52,166.7,78.4,91,118,39.0
4484,female,61,152.7,67.1,79,74,40.4
4485,male,54,188.5,71.5,40,116,39.7
4486,male,58,170.2,80.6,29,151,40.3
4487,female,43,154.7,69.0,75,167,38.5
4488,female,29,168.0,60.2,54,154,39.4
4489,female,47,169.7,64.7,76,178,37.2
4490,male,45,173.5,72.1,26,169,37.7
4491,male,44,178.9,90.4,40,71,40.9
4492,male,59,172.4,75.2,106,70,40.0
4493,male,36,185.5,88.1,7,157,40.7
4494,female,22,173.7,70.6,82,121,39.5
4495,female,22,164.1,58.2,31,178,38.9
4496,male,58,180.3,65.6,104,151,40.7
4497,male,44,170.4,66.1,94,76,37.2
4498,female,45,163.8,86.2,11,148,40.1
4499,male,43,158.4,85.3,41,105,39.7
4500,male,44,168.6,94.5,59,133,37.2
4501,male,69,183.4,70.6,48,145,38.5
4502,male,66,174.6,74.2,76,125,39.3
4503,male,59,184.3,77.0,108,89,37.1
4504,male,38,170.0,76.8,64,68,38.4
4505,female,18,164.0,80.1,63,146,37.1
4506,male,45,169.3,78.8,56,93,38.2
4507,male,65,167.3,81.8,8,183,41.4
4508,female,32,169.7,67.5,111,127,39.0
4509,female,34,166.6,79.3,119,100,41.3
4510,female,43,156.0,69.0,6,109,40.6
4511,male,37,173.5,95.1,21,165,38.2
4512,female,42,156.8,67.5,89,69,41.2
4513,male,30,185.1,78.7,104,78,38.4
4514,male,50,182.5,73.2,88,65,38.6
4515,male,42,184.8,106.2,34,80,38.4
4516,female,25,172.9,56.8,52,70,39.0
4517,female,22,167.7,55.1,111,120,37.3
4518,female,23,160.5,70.5,6,88,40.7
4519,female,40,158.1,61.1,83,144,37.4
4520,female,69,168.6,64.7,108,88,39.2
4521,male,47,186.7,58.4,70,77,37.3
4522,male,31,180.5,92.8,31,126,39.9
4523,male,40,184.9,71.3,25,144,39.0
4524,male,28,166.7,60.2,93,98,37.0
4525,female,48,160.9,60.9,97,93,38.9
4526,female,23,168.5,67.0,9,169,38.6
4527,male,28,184.3,88.5,69,77,41.1
4528,female,30,153.4,72.6,29,73,39.7
4529,female,29,154.4,61.7,110,164,40.7
4530,male,19,180.5,74.1,29,154,37.7
4531,male,52,166.0,89.7,52,153,37.6
4532,female,53,155.1,58.3,15,67,37.8
4533,female,34,169.9,54.0,101,123,41.2
4534,male,45,159.7,91.8,113,68,37.4
4535,male,45,175.1,88.3,23,109,39.2
4536,male,39,188.6,75.0,109,178,37.3
4537,female,55,170.8,50.5,22,151,40.4
4538,male,24,181.0,64.6,118,136,38.7
4539,male,32,175.3,85.8,11,102,39.8
4540,female,49,169.6,77.6,91,112,37.3
4541,female,28,174.2,46.2,8,76,38.9
4542,female,41,170.8,55.1,25,109,37.6
4543,female,20,162.3,72.6,45,140,38.5
4544,female,47,154.8,49.3,81,85,37.8
4545,male,23,177.8,82.7,95,165,39.2
4546,male,19,180.0,88.0,10,147,41.0
4547,female,31,156.6,75.3,81,140,38.8
4548,female,58,166.0,64.5,67,181,41.1
4549,female,35,162.7,63.4,22,126,40.5
4550,female,68,161.4,71.0,31,122,40.4
4551,female,61,157.4,65.2,91,122,40.5
4552,male,48,179.2,65.1,50,140,40.2
4553,male,30,167.5,50.8,50,161,37.9
4554,male,43,165.6,74.5,99,94,40.8
4555,male,61,185.0,63.1,89,139,38.7
4556,female,29,159.3,43.6,93,83,38.2
4557,male,35,189.8,73.9,49,106,40.7
4558,female,26,171.1,64.7,47,115,39.8
4559,female,66,152.6,70.3,84,156,38.1
4560,female,38,162.4,56.6,54,175,41.0
4561,male,65,175.9,59.0,84,177,39.4
4562,female,66,161.5,72.7,107,182,37.1
4563,male,57,190.1,83.1,25,154,39.4
4564,male,60,180.7,77.3,117,123,41.3
4565,female,41,169.9,75.2,37,87,37.7
4566,female,51,169.5,58.9,96,108,38.4
4567,female,25,161.2,68.7,34,169,38.0
4568,male,61,175.0,88.2,5,166,38.0
4569,female,50,173.5,53.2,73,165,37.3
4570,male,40,174.6,73.9,37,67,39.1
4571,female,30,160.2,62.0,79,139,40.7
4572,female,66,171.6,62.0,76,117,38.1
4573,male,31,180.8,101.4,99,111,40.2
4574,male,31,186.9,81.9,89,168,39.6
4575,male,33,182.3,77.6,93,107,38.0
4576,male,66,169.2,105.0,22,156,39.6
4577,male,55,178.0,66.8,16,150,39.4
4578,male,56,175.5,98.4,16,79,38.0
4579,female,43,155.5,66.8,103,126,37.1
4580,female,43,159.3,69.3,68,183,38.8
4581,male,18,189.9,77.9,33,98,38.5
4582,female,49,165.7,70.9,82,96,38.3
4583,male,32,162.2,75.9,81,128,40.1
4584,female,69,174.0,60.0,23,67,40.2
4585,female,38,155.4,67.6,88,138,41.2
4586,male,35,181.9,73.3,6,184,37.1
4587,male,47,179.2,73.8,16,130,41.1
4588,male,30,173.6,79.8,48,150,40.0
4589,female,41,156.7,93.6,78,132,40.0
4590,male,47,173.3,97.3,40,174,41.5
4591,female,19,145.8,53.7,21,88,37.3
4592,male,36,168.8,89.7,11,94,40.6
4593,female,64,164.6,63.7,105,107,39.7
4594,female,61,178.7,70.7,104,129,37.7
4595,male,64,171.9,88.4,22,147,40.5
4596,female,42,159.5,57.2,17,92,38.6
4597,female,67,154.6,60.4,81,116,38.1
4598,male,31,177.6,70.3,64,80,39.6
4599,female,23,166.1,61.3,108,183,39.1
4600,male,29,161.6,74.4,16,85,37.7
4601,male,37,170.3,79.0,83,114,40.3
4602,male,40,178.2,79.7,52,105,38.4
4603,male,47,169.2,89.5,55,96,39.2
4604,female,47,149.8,66.3,105,129,38.3
4605,female,55,169.1,87.4,71,130,39.0
4606,female,47,165.2,75.1,64,177,38.1
4607,male,58,169.0,64.8,14,124,39.2
4608,female,47,166.0,66.2,27,95,37.7
4609,female,53,156.0,76.9,8,82,38.3
4610,male,66,169.4,76.9,112,174,38.0
4611,male,51,184.4,91.2,29,171,38.6
4612,female,33,161.8,60.0,69,81,40.7
4613,male,41,172.2,84.8,65,176,39.2
4614,male,31,176.5,69.8,73,72,38.9
4615,male,43,169.7,68.8,73,74,39.6
4616,male,25,166.9,70.8,51,124,40.5
4617,female,31,165.2,78.0,31,119,38.3
4618,male,48,166.9,85.3,66,161,40.6
4619,male,19,175.1,84.4,75,124,38.1
4620,male,65,177.8,76.5,53,171,40.8
4621,male,21,181.8,87.6,65,144,40.8
4622,male,18,184.0,100.2,92,175,39.7
4623,male,37,171.8,78.6,91,175,38.6
4624,male,31,179.0,81.1,76,88,38.9
4625,male,57,178.9,72.7,34,176,40.7
4626,female,42,154.0,44.8,35,69,37.4
4627,male,42,171.2,95.0,20,153,40.5
4628,female,20,161.4,75.0,96,179,37.6
4629,male,22,179.0,77.6,69,140,40.7
4630,male,55,161.3,85.9,15,132,41.1
4631,male,43,172.9,91.0,66,100,39.3
4632,male,57,154.6,74.6,119,129,40.4
4633,female,55,168.2,67.1,42,99,37.9
4634,male,55,168.0,88.3,91,180,40.5
4635,male,21,183.8,90.8,100,164,40.2
4636,female,24,162.2,61.1,100,173,37.5
4637,female,47,159.5,60.0,97,147,39.3
4638,male,47,180.8,98.3,99,88,40.4
4639,female,36,164.9,56.0,63,70,37.4
4640,female,56,162.1,73.5,23,176,40.0
4641,female,52,159.4,60.5,13,139,40.6
4642,male,57,173.3,76.4,100,116,38.6
4643,male,50,174.2,82.7,99,130,38.7
4644,male,50,165.1,76.5,73,78,38.2
4645,female,31,161.3,61.1,27,104,37.8
4646,male,55,177.2,84.8,114,175,41.3
4647,female,27,164.7,58.7,59,170,40.2
4648,male,45,177.2,52.8,89,142,37.2
4649,male,31,180.8,82.8,24,172,41.2
4650,female,53,166.1,69.4,17,179,37.5
4651,male,55,176.6,102.4,113,174,41.2
4652,female,33,157.7,74.7,61,98,39.0
4653,female,38,159.1,74.1,24,65,39.2
4654,male,45,185.7,63.7,51,87,39.4
4655,female,50,158.5,68.0,81,65,37.4
4656,male,23,182.0,67.8,11,108,40.0
4657,male,58,170.0,89.5,38,173,39.9
4658,female,32,170.4,51.2,60,111,39.6
4659,male,61,177.1,84.8,57,92,41.0
4660,female,20,153.2,65.1,57,162,39.2
4661,male,60,168.5,101.1,85,160,40.2
4662,male,64,168.2,75.5,67,151,38.5
4663,male,52,173.2,84.5,34,163,41.2
4664,male,31,168.6,58.5,72,92,41.2
4665,male,19,187.8,62.1,8,133,39.2
4666,female,46,154.6,67.9,118,144,40.3
4667,female,21,166.4,65.5,41,175,38.0
4668,female,43,160.0,71.7,43,84,39.9
4669,female,68,159.4,82.3,40,116,37.4
4670,female,29,152.2,86.9,19,112,40.9
4671,female,19,170.2,72.2,90,148,40.2
4672,male,34,173.0,73.3,79,81,41.3
4673,male,52,169.0,70.3,40,128,40.5
4674,female,27,157.9,89.9,100,69,37.8
4675,female,65,151.4,57.3,23,124,39.1
4676,male,39,174.1,87.9,20,121,39.4
4677,male,58,163.0,93.5,78,84,40.7
4678,male,60,173.4,86.3,111,133,39.5
4679,female,38,160.5,82.2,85,131,39.1
4680,female,32,158.0,47.6,111,160,40.2
4681,female,52,152.5,43.5,47,153,39.9
4682,male,65,177.3,77.4,10,98,40.4
4683,male,38,183.7,87.0,116,114,39.1
4684,female,38,172.2,69.3,113,65,40.3
4685,female,38,164.1,64.9,119,66,41.4
4686,male,61,168.3,74.8,101,138,37.8
4687,male,49,172.6,97.4,88,82,37.2
4688,male,22,178.7,76.5,18,77,39.6
4689,male,56,161.8,89.2,111,86,37.7
4690,female,26,154.8,80.5,32,71,37.7
4691,male,35,176.0,64.9,108,159,40.0
4692,male,38,175.7,75.1,10,96,38.9
4693,male,25,178.0,94.5,23,130,37.1
4694,female,61,159.5,69.2,111,107,39.5
4695,female,69,175.9,69.2,10,119,38.1
4696,male,51,176.5,73.9,111,175,39.0
4697,male,27,175.4,89.5,9,101,37.2
4698,male,68,180.3,95.3,70,113,37.3
4699,female,58,159.8,83.2,52,132,37.9
4700,female,41,169.8,76.7,74,111,40.2
4701,female,57,167.4,66.5,18,95,40.6
4702,male,41,166.4,90.8,82,136,38.5
4703,female,49,154.2,55.0,98,141,37.6
4704,male,50,180.4,89.2,49,128,41.2
4705,male,55,151.0,78.6,44,130,40.5
4706,male,61,174.8,85.2,92,68,37.7
4707,female,68,172.8,74.0,34,172,38.0
4708,male,66,183.0,80.3,79,94,37.2
4709,female,51,160.7,67.6,82,172,41.1
4710,female,28,164.9,66.9,26,118,41.2
4711,male,48,170.1,97.0,7,94,37.4
4712,male,35,171.9,88.4,33,176,37.7
4713,female,40,151.7,61.8,52,109,37.9
4714,male,39,167.9,96.9,114,81,37.8
4715,female,60,178.6,79.2,12,144,41.2
4716,male,35,176.1,78.3,53,160,38.2
4717,female,57,161.8,42.0,11,67,38.7
4718,female,64,162.2,67.2,28,92,37.3
4719,female,58,169.9,75.7,9,129,39.8
4720,female,64,165.8,52.5,88,153,38.2
4721,male,56,161.1,47.7,68,95,38.1
4722,male,37,168.2,89.2,9,111,41.4
4723,female,30,166.0,60.5,53,155,37.2
4724,female,62,139.4,45.2,74,171,37.8
4725,male,18,169.6,73.7,96,77,39.3
4726,male,69,182.3,54.3,19,155,39.5
4727,male,21,190.8,70.0,63,87,40.2
4728,male,41,176.5,98.7,94,68,37.9
4729,male,53,175.7,74.6,113,136,38.8
4730,male,53,181.8,74.7,25,121,38.3
4731,female,62,162.1,71.6,89,147,40.8
4732,male,19,175.2,58.3,13,82,38.6
4733,male,45,182.8,93.3,51,183,38.2
4734,female,43,150.3,57.6,112,109,39.8
4735,male,40,165.2,91.9,45,99,37.5
4736,male,32,173.5,71.0,60,99,40.8
4737,male,53,174.5,62.4,78,163,38.3
4738,male,44,167.7,76.9,52,139,40.7
4739,male,23,191.8,73.1,66,101,41.5
4740,female,52,160.8,68.3,93,140,37.1
4741,male,56,165.8,70.3,89,80,37.9
4742,female,55,166.3,88.3,102,76,40.4
4743,female,52,174.0,71.5,35,125,37.4
4744,male,53,175.1,68.8,70,123,39.0
4745,female,27,150.1,75.6,110,136,37.7
4746,male,47,168.0,85.5,108,175,39.1
4747,female,58,164.4,58.2,20,129,37.1
4748,female,55,165.0,74.0,39,134,37.7
4749,male,46,183.4,88.0,53,135,38.2
4750,male,69,177.9,86.4,118,107,37.9
4751,male,60,181.6,67.6,35,129,38.6
4752,male,56,168.0,61.6,80,103,37.7
4753,male,67,171.1,52.7,58,78,40.7
4754,female,21,158.4,67.3,27,98,39.3
4755,female,22,161.4,72.5,110,92,38.4
4756,female,21,167.3,45.2,112,172,38.3
4757,female,53,158.0,72.2,106,129,38.1
4758,female,62,169.2,61.3,21,90,39.3
4759,female,33,164.1,59.4,112,100,39.4
4760,female,42,165.7,51.7,18,98,41.5
4761,male,31,184.1,67.6,101,124,39.8
4762,male,28,178.6,75.8,52,89,39.4
4763,female,46,163.5,73.5,52,88,37.2
4764,female,51,162.4,77.9,10,164,39.5
4765,male,39,172.1,65.6,27,172,39.2
4766,male,31,178.3,76.1,52,71,41.0
4767,male,41,186.2,74.0,53,168,40.3
4768,male,56,158.4,81.4,65,89,39.2
4769,female,43,158.2,54.2,35,159,38.0
4770,male,60,162.7,77.1,108,101,40.2
4771,female,53,159.0,57.5,9,77,38.3
4772,female,56,164.5,56.1,71,148,38.6
4773,female,33,158.9,74.0,42,157,40.1
4774,male,55,180.6,72.0,32,95,38.4
4775,male,49,177.9,78.1,35,88,38.3
4776,female,23,170.8,62.7,62,131,39.0
4777,female,51,162.6,46.4,58,109,40.0
4778,female,25,152.6,55.7,21,98,41.2
4779,male,47,165.4,67.9,26,123,37.7
4780,female,44,157.7,73.1,68,179,38.1
4781,male,24,175.9,66.3,115,70,41.4
4782,female,44,162.4,54.2,17,120,39.8
4783,female,42,166.6,63.0,117,163,37.0
4784,female,63,171.2,62.5,48,77,41.0
4785,male,58,173.8,64.3,89,178,38.3
4786,male,32,176.0,66.2,51,104,39.5
4787,female,42,169.5,86.1,89,139,38.7
4788,male,39,165.5,71.7,10,77,37.8
4789,female,35,174.4,74.0,14,170,39.7
4790,male,29,183.6,69.9,62,126,38.0
4791,male,40,181.8,79.4,44,117,38.0
4792,male,68,185.3,90.7,18,173,40.6
4793,female,62,167.1,83.7,27,120,39.9
4794,male,56,170.3,70.7,75,108,41.1
4795,male,42,183.8,73.6,92,156,39.0
4796,female,27,157.8,53.6,19,132,39.3
4797,female,47,159.6,70.6,91,150,37.3
4798,female,27,169.3,43.7,9,125,38.6
4799,female,51,149.6,73.7,45,118,37.2
4800,male,63,176.5,74.5,24,113,38.6
4801,male,30,182.5,64.1,56,101,38.8
4802,male,46,183.2,69.6,14,82,37.8
4803,male,55,171.6,68.4,91,66,40.8
4804,male,58,177.5,77.2,117,120,38.5
4805,female,62,151.0,67.0,31,114,37.2
4806,male,26,182.9,71.2,55,161,38.8
4807,male,30,168.7,64.7,111,184,39.5
4808,male,54,181.3,77.9,114,171,39.2
4809,female,31,169.3,72.2,64,133,39.5
4810,female,54,156.3,50.3,99,76,41.0
4811,male,26,177.6,87.3,10,80,37.1
4812,female,25,167.9,79.8,116,122,40.6
4813,female,56,160.4,74.7,81,158,38.7
4814,female,57,160.7,68.3,32,82,38.7
4815,female,20,158.5,61.2,20,91,39.7
4816,female,64,157.2,55.6,21,175,39.7
4817,female,57,165.5,59.7,50,184,37.5
4818,female,50,166.4,71.4,115,155,39.9
4819,male,49,171.6,75.9,99,75,37.8
4820,male,24,185.9,93.0,14,141,38.3
4821,female,36,161.6,77.4,35,130,39.2
4822,male,51,188.0,95.9,63,89,40.0
4823,male,31,188.2,68.7,43,97,40.4
4824,female,67,176.2,66.1,110,99,40.2
4825,male,64,173.5,81.1,10,152,39.3
4826,female,63,161.7,61.3,114,128,37.8
4827,female,36,169.7,86.2,88,109,40.0
4828,female,68,148.5,63.6,53,129,41.4
4829,male,43,174.9,66.9,109,179,40.7
4830,male,34,164.7,91.5,25,89,38.9
4831,male,45,174.7,84.2,20,178,39.1
4832,male,36,191.9,62.3,29,117,41.3
4833,female,44,168.3,59.8,43,141,37.3
4834,female,65,174.5,63.7,40,125,39.7
4835,male,69,182.3,62.9,111,98,37.6
4836,female,36,153.1,75.7,38,79,37.3
4837,female,50,170.1,54.8,76,134,38.3
4838,male,68,172.1,64.1,18,146,38.0
4839,female,24,163.2,50.8,61,170,37.2
4840,male,46,167.3,74.6,53,92,40.8
4841,female,60,168.8,61.7,91,117,40.8
4842,male,22,161.1,93.5,80,86,40.1
4843,female,47,162.0,62.8,88,171,40.5
4844,female,66,154.7,69.4,64,72,37.3
4845,male,60,182.7,79.6,92,120,38.2
4846,male,25,172.2,86.5,81,88,39.7
4847,male,59,165.1,77.3,37,76,41.0
4848,male,29,179.6,88.3,38,88,40.2
4849,female,59,151.4,65.0,36,65,37.1
4850,female,30,169.4,52.5,110,168,38.1
4851,male,43,180.8,102.6,59,177,38.8
4852,female,35,161.7,78.5,33,92,39.8
4853,male,59,164.4,80.2,31,72,40.0
4854,male,68,185.3,85.2,106,67,39.7
4855,female,69,154.8,62.0,81,145,37.3
4856,female,66,150.5,76.3,117,137,40.4
4857,male,37,169.4,65.0,90,180,40.0
4858,male,33,167.6,81.9,75,123,38.0
4859,male,54,173.7,82.9,75,179,39.2
4860,female,20,159.6,72.2,97,174,38.2
4861,female,44,154.9,80.4,108,139,40.1
4862,female,32,167.6,46.3,18,169,38.0
4863,female,51,165.3,67.9,6,98,37.1
4864,male,62,178.4,68.0,11,84,38.9
4865,male,39,178.7,83.9,85,83,37.2
4866,male,57,184.3,93.6,37,176,37.2
4867,male,40,171.9,77.6,26,184,37.9
4868,male,66,164.9,71.1,18,182,40.2
4869,male,21,184.7,60.8,58,162,41.2
4870,female,68,160.4,83.0,5,123,39.3
4871,female,58,163.4,48.0,76,137,40.1
4872,male,40,169.9,74.8,45,147,37.2
4873,male,64,170.1,90.9,12,102,40.6
4874,female,26,177.0,71.0,33,89,39.0
4875,female,41,157.5,69.4,85,92,39.2
4876,female,38,156.9,72.0,95,161,40.6
4877,female,58,163.9,66.0,49,107,37.5
4878,male,63,179.6,74.7,12,166,39.1
4879,male,33,176.1,69.5,10,173,39.4
4880,male,42,173.6,68.1,55,78,39.8
4881,male,43,184.7,85.7,112,90,40.2
4882,male,66,172.0,66.9,98,89,39.8
4883,female,62,154.5,69.7,27,159,40.8
4884,male,26,168.6,76.6,83,121,41.4
4885,female,32,164.7,46.3,64,159,37.1
4886,male,56,173.1,94.3,45,155,38.9
4887,male,50,168.6,61.6,18,90,38.8
4888,male,18,181.4,99.0,31,78,40.4
4889,male,22,164.2,65.4,71,130,38.3
4890,male,26,175.8,81.9,16,134,37.1
4891,female,61,166.2,64.2,111,128,37.3
4892,female,23,176.1,78.2,71,90,41.2
4893,female,45,156.3,53.1,44,98,41.1
4894,male,62,177.0,100.1,69,119,38.2
4895,male,43,178.4,78.3,21,84,41.2
4896,female,45,152.4,65.1,22,169,40.9
4897,male,57,180.4,67.1,14,168,40.1
4898,male,32,174.1,63.0,63,118,38.1
4899,female,23,156.9,69.2,16,100,37.5
4900,male,44,177.0,86.3,21,124,37.8
4901,female,55,169.5,86.0,26,67,37.9
4902,male,21,169.6,91.7,110,121,40.6
4903,female,28,157.5,73.6,18,182,38.4
4904,male,38,169.6,80.1,45,99,40.1
4905,male,47,172.3,86.4,12,164,40.5
4906,female,35,162.8,71.9,119,91,39.0
4907,male,52,179.6,91.3,21,72,38.0
4908,male,20,166.0,86.7,83,180,39.1
4909,female,29,161.7,58.5,10,157,37.6
4910,male,44,178.0,88.6,75,160,40.7
4911,female,47,157.7,64.9,54,148,40.6
4912,male,38,169.2,89.9,100,121,41.2
4913,male,55,185.8,101.0,116,179,40.7
4914,male,38,170.1,73.5,47,138,39.9
4915,male,55,182.6,90.0,13,146,38.7
4916,female,57,153.7,68.7,88,183,39.2
4917,male,32,169.1,91.4,46,97,37.8
4918,female,35,167.0,84.1,49,131,40.0
4919,male,69,172.8,91.2,43,154,40.8
4920,male,46,166.3,100.2,70,147,40.1
4921,male,65,176.0,89.6,68,167,41.3
4922,male,55,173.4,75.0,86,170,41.4
4923,female,38,160.8,61.5,65,167,40.1
4924,female,34,170.6,69.5,42,66,40.4
4925,female,58,175.6,57.3,70,150,38.5
4926,female,68,166.1,58.2,83,90,37.2
4927,male,35,159.3,73.9,15,87,40.9
4928,female,54,159.5,72.0,7,178,40.1
4929,female,55,169.4,72.6,13,97,41.3
4930,male,29,150.9,86.0,113,92,37.0
4931,male,28,180.5,81.5,47,159,40.2
4932,male,65,173.7,70.2,91,67,38.2
4933,male,69,168.2,101.6,67,117,39.0
4934,female,66,157.0,62.0,113,125,39.0
4935,female,37,161.9,82.4,111,106,37.2
4936,male,26,181.2,91.2,14,131,40.8
4937,male,18,172.0,79.9,105,130,37.4
4938,male,20,167.5,78.0,92,111,41.3
4939,female,38,165.5,71.0,36,157,39.6
4940,female,40,166.3,60.3,72,110,38.2
4941,male,26,171.9,100.0,107,95,39.9
4942,male,36,172.7,85.6,11,122,41.2
4943,female,62,158.4,79.3,97,79,40.5
4944,male,63,183.6,76.8,49,74,37.7
4945,male,69,184.2,100.7,50,171,38.4
4946,female,36,167.9,63.8,64,150,37.5
4947,male,40,169.3,91.9,33,184,40.3
4948,female,44,166.3,78.2,68,180,37.9
4949,male,44,167.0,92.0,77,162,40.4
4950,male,56,187.8,84.7,110,165,37.6
4951,female,53,169.0,53.0,50,106,40.4
4952,female,29,176.8,64.1,6,168,39.3
4953,male,44,189.3,105.2,7,121,40.8
4954,female,63,157.9,68.4,109,137,39.3
4955,male,51,195.7,95.2,96,78,38.1
4956,male,50,176.2,94.3,88,148,40.1
4957,female,45,158.3,62.9,46,163,38.4
4958,male,48,186.2,99.9,72,129,37.4
4959,male,49,185.2,53.9,66,154,40.7
4960,female,67,169.1,65.7,34,80,40.3
4961,female,37,157.5,87.4,35,144,37.3
4962,male,57,179.1,72.2,45,106,41.2
4963,female,52,165.0,60.2,26,142,37.9
4964,female,48,174.6,94.4,77,179,40.3
4965,female,48,171.2,64.3,13,89,37.1
4966,female,55,159.3,79.0,35,112,39.2
4967,male,39,175.4,75.3,20,85,38.2
4968,male,62,185.1,87.4,39,171,39.5
4969,male,58,182.4,80.7,26,117,38.2
4970,female,26,160.7,66.5,114,143,39.2
4971,female,69,155.6,64.2,56,66,37.1
4972,female,26,167.8,64.5,63,69,41.1
4973,female,32,158.5,53.6,99,147,40.6
4974,female,30,162.8,75.7,17,169,37.1
4975,female,39,162.9,58.4,96,75,41.4
4976,female,33,164.3,67.1,117,156,41.2
4977,male,49,169.9,93.5,55,172,40.0
4978,male,19,178.7,96.9,43,173,38.8
4979,female,43,157.8,64.9,63,66,41.0
4980,female,31,150.0,62.3,43,161,40.9
4981,female,55,163.7,69.1,75,85,38.9
4982,male,51,179.3,55.1,93,107,40.2
4983,male,25,168.1,84.6,52,92,40.6
4984,female,53,163.4,63.9,69,104,40.7
4985,female,38,169.0,77.7,54,145,41.4
4986,male,63,171.9,63.5,50,140,40.6
4987,male,60,191.9,72.9,39,105,39.5
4988,male,45,179.2,78.9,67,183,40.6
4989,male,63,182.4,85.6,79,159,38.4
4990,female,61,174.2,59.1,102,89,38.1
4991,male,65,169.8,63.6,86,119,38.3
4992,male,23,185.0,76.4,35,148,39.4
4993,female,37,153.5,51.4,64,120,39.6
4994,male,48,170.6,89.5,20,108,38.4
4995,male,50,172.8,72.2,55,87,39.2
4996,male,61,170.0,78.8,114,134,39.6
4997,female,24,159.8,66.7,98,80,38.2
4998,male,25,177.1,81.4,59,131,37.3
4999,female,26,162.1,55.7,41,177,37.5
5000,female,19,152.2,65.2,29,155,39.8
5001,male,34,172.8,81.0,32,75,41.1
5002,male,69,172.4,70.5,28,67,39.0
5003,male,62,175.4,89.8,102,87,39.3
5004,male,54,178.7,80.7,25,174,37.2
5005,female,59,154.2,87.5,117,167,41.3
5006,male,61,172.1,108.9,119,136,40.9
5007,male,34,181.8,99.9,15,145,39.2
5008,male,55,173.2,109.3,57,138,41.0
5009,female,52,170.9,63.1,95,154,39.0
5010,male,64,163.3,70.0,77,95,39.1
5011,male,56,182.9,89.7,20,168,40.1
5012,female,47,162.0,78.4,119,85,38.5
5013,female,23,161.5,67.1,15,90,41.0
5014,male,21,183.4,54.8,18,116,38.0
5015,male,68,171.2,68.2,47,124,41.3
5016,male,54,164.0,85.1,83,160,41.2
5017,male,52,175.6,72.1,90,143,38.6
5018,male,26,177.5,63.6,110,155,40.0
5019,female,23,164.9,52.4,46,127,39.2
5020,female,30,152.6,75.8,90,125,39.6
5021,male,39,155.1,72.8,93,150,37.8
5022,male,45,184.0,74.9,90,102,40.4
5023,female,47,148.9,78.2,71,155,39.3
5024,male,69,178.7,86.6,107,147,37.5
5025,male,53,148.3,84.5,34,72,40.6
5026,male,19,185.3,90.8,69,170,41.1
5027,male,53,166.8,78.0,49,91,37.0
5028,male,25,170.9,62.5,119,101,40.6
5029,female,62,167.4,52.1,7,98,39.6
5030,male,59,178.3,69.5,51,93,37.2
5031,male,67,180.1,63.7,85,123,39.0
5032,male,26,182.1,86.9,101,99,38.9
5033,female,18,167.9,65.8,81,169,37.9
5034,female,30,157.9,65.6,65,152,38.6
5035,female,67,155.1,60.5,60,112,39.3
5036,female,32,163.5,79.9,12,127,39.5
5037,male,49,169.0,73.2,36,130,37.7
5038,female,51,150.2,56.6,61,104,39.6
5039,male,60,181.7,87.1,30,175,38.2
5040,male,48,180.8,70.1,74,80,37.7
5041,female,31,167.4,55.5,80,177,38.5
5042,female,64,150.4,60.5,12,129,39.9
5043,female,31,176.5,56.4,97,122,41.3
5044,female,65,160.6,56.0,24,99,40.7
5045,female,46,156.9,51.0,113,133,40.9
5046,male,64,188.5,94.9,17,139,38.0
5047,female,36,166.9,59.7,49,153,39.1
5048,female,44,169.2,51.5,12,180,39.0
5049,female,26,161.1,70.4,22,136,39.1
5050,male,54,172.0,65.0,30,125,37.9
5051,female,54,154.5,61.2,88,79,40.8
5052,male,60,169.4,78.0,37,167,38.5
5053,female,45,169.9,76.3,12,131,39.1
5054,female,69,170.8,59.3,116,92,38.6
5055,male,41,169.4,110.2,80,156,38.6
5056,female,45,169.8,61.3,70,141,39.8
5057,male,53,167.8,86.6,20,121,41.5
5058,male,69,168.9,54.4,118,70,41.0
5059,male,35,164.0,84.7,111,68,41.2
5060,female,42,157.4,66.6,47,180,39.0
5061,female,52,169.7,52.4,105,165,37.9
5062,female,21,166.2,57.9,15,162,37.1
5063,male,31,169.1,86.5,85,69,37.2
5064,female,56,171.8,66.9,112,168,40.3
5065,male,43,172.0,68.1,98,158,38.6
5066,female,25,162.3,64.8,48,105,39.9
5067,male,41,173.7,70.0,12,176,39.5
5068,male,33,177.7,73.2,91,139,41.4
5069,male,37,182.6,57.4,78,95,40.2
5070,female,32,164.9,61.3,74,75,41.4
5071,male,24,176.9,87.1,69,128,38.4
5072,male,34,173.7,80.1,79,126,38.5
5073,male,39,191.2,88.9,109,100,39.3
5074,male,39,174.2,87.8,91,180,39.2
5075,male,29,171.5,75.6,71,76,39.3
5076,male,35,169.8,70.6,82,152,40.8
5077,female,63,178.7,66.4,81,147,40.2
5078,female,64,165.2,44.9,24,163,37.8
5079,male,32,156.2,64.3,103,65,39.6
5080,female,54,166.8,66.3,53,70,37.8
5081,female,33,167.2,86.2,119,130,38.9
5082,male,22,192.9,75.2,19,122,41.1
5083,male,19,160.3,92.6,9,84,37.3
5084,male,69,167.8,68.2,57,170,41.3
5085,female,45,172.3,73.8,45,76,38.0
5086,male,58,173.4,77.3,89,74,37.8
5087,female,44,173.6,37.7,53,112,39.2
5088,male,48,174.4,81.5,114,167,41.0
5089,female,58,169.5,63.9,105,72,37.8
5090,male,53,177.9,85.0,79,98,37.0
5091,male,64,156.4,68.3,75,67,38.9
5092,female,60,170.5,71.6,80,113,39.6
5093,female,18,157.1,63.8,72,83,40.4
5094,female,67,164.7,65.8,27,148,37.3
5095,female,46,161.1,65.1,30,178,39.3
5096,female,18,177.5,60.8,52,174,37.8
5097,female,25,171.8,70.7,64,103,38.9
5098,male,33,172.5,66.3,70,123,41.4
5099,female,45,157.7,64.6,20,131,41.4
5100,male,39,189.0,77.0,102,134,41.4
5101,male,35,179.2,69.0,79,175,38.6
5102,female,39,151.9,68.5,91,98,40.2
5103,male,58,180.5,67.8,55,82,40.9
5104,female,29,173.6,66.6,27,86,39.3
5105,female,36,156.1,66.3,55,116,39.1
5106,male,42,164.4,72.1,113,159,40.3
5107,male,67,172.8,86.5,59,75,39.3
5108,female,22,168.9,34.6,98,130,39.6
5109,female,51,178.5,63.0,107,124,39.0
5110,male,56,182.2,56.0,49,88,40.3
5111,male,27,178.1,86.2,88,71,40.8
5112,male,64,168.0,73.8,84,183,39.0
5113,male,24,164.4,80.5,117,135,39.2
5114,female,54,155.3,67.6,15,116,41.2
5115,female,64,150.4,51.5,50,152,39.5
5116,female,69,176.7,55.3,99,179,39.1
5117,female,69,163.3,63.7,92,96,41.4
5118,male,32,170.1,88.5,62,116,37.3
5119,male,59,183.4,81.8,30,175,39.8
5120,female,41,160.0,66.8,70,149,37.1
5121,female,43,157.6,61.4,61,145,39.0
5122,female,43,158.5,76.3,83,96,38.5
5123,female,63,169.1,66.5,49,108,39.0
5124,female,43,167.0,65.5,113,89,41.1
5125,female,27,169.1,68.0,105,172,39.3
5126,female,34,172.4,60.8,26,115,39.6
5127,female,31,170.8,61.5,30,111,38.5
5128,female,19,155.9,69.8,53,161,41.4
5129,male,65,168.7,97.4,72,145,41.4
5130,female,30,163.9,73.8,10,97,40.9
5131,male,44,176.4,75.8,26,152,40.2
5132,male,26,182.0,75.9,42,182,38.9
5133,female,24,163.7,58.9,27,183,37.6
5134,female,65,167.7,72.9,68,102,41.1
5135,male,27,174.1,114.5,93,177,39.4
5136,male,26,179.8,66.6,71,100,39.5
5137,female,39,169.7,73.8,24,118,37.5
5138,male,40,179.9,83.5,37,144,40.6
5139,female,24,157.7,68.0,116,89,39.5
5140,female,65,162.5,62.3,117,134,38.2
5141,female,26,160.8,46.5,24,91,37.8
5142,male,44,181.6,54.4,74,166,39.8
5143,male,41,168.2,62.8,80,139,40.9
5144,female,46,153.3,58.1,48,93,39.4
5145,male,34,172.9,71.0,87,158,40.9
5146,male,37,171.1,78.3,116,115,37.8
5147,male,24,168.6,77.4,29,164,39.5
5148,male,60,189.6,58.1,117,91,39.0
5149,male,57,192.4,60.7,53,135,38.5
5150,male,24,172.2,54.6,86,66,37.5
5151,male,45,175.7,61.4,19,73,37.9
5152,female,36,168.2,70.6,106,179,41.0
5153,male,37,183.9,76.8,31,152,38.6
5154,male,61,185.4,68.6,109,92,40.9
5155,male,56,160.8,57.0,92,175,40.7
5156,male,57,178.8,67.8,111,110,38.4
5157,male,24,164.5,87.3,25,83,39.2
5158,male,23,189.1,85.7,108,79,39.0
5159,male,42,178.5,77.0,105,66,41.0
5160,male,58,168.4,76.8,83,113,39.8
5161,female,30,162.3,73.7,30,78,39.0
5162,male,56,172.7,70.7,14,82,39.3
5163,male,57,179.2,86.7,71,138,40.8
5164,male,39,183.3,71.9,107,70,38.4
5165,male,66,165.8,99.5,97,159,38.9
5166,female,34,163.2,59.9,42,85,37.6
5167,female,65,169.4,55.0,59,87,39.6
5168,female,39,161.4,66.5,73,81,41.4
5169,female,51,164.3,52.9,92,103,38.5
5170,female,25,170.9,69.6,108,127,41.2
5171,female,66,163.9,62.7,73,114,40.6
5172,female,62,164.2,51.4,36,162,40.6
5173,female,35,157.4,68.0,94,135,40.3
5174,female,41,159.3,67.8,52,70,40.4
5175,female,59,155.9,41.5,31,129,38.5
5176,female,19,157.8,64.5,80,82,40.7
5177,female,19,171.8,65.1,36,99,41.4
5178,female,44,175.7,65.9,107,171,37.5
5179,female,31,154.3,46.8,40,111,37.6
5180,female,65,165.8,68.5,59,131,37.1
5181,female,56,160.8,70.1,74,129,40.2
5182,male,29,169.7,97.1,112,67,37.3
5183,female,49,163.9,51.0,17,146,39.3
5184,male,45,161.0,61.1,54,79,40.1
5185,female,45,157.8,66.3,99,78,39.7
5186,female,63,152.3,52.6,22,101,39.7
5187,male,42,161.1,62.7,33,182,41.3
5188,female,21,165.5,86.0,14,81,38.4
5189,male,43,177.3,86.7,43,156,39.8
5190,male,53,185.6,74.4,107,179,39.8
5191,male,67,175.5,59.4,7,80,38.2
5192,female,20,168.5,60.8,119,93,38.4
5193,female,18,169.9,83.0,113,83,40.3
5194,female,34,154.8,73.2,86,152,38.4
5195,male,24,176.1,100.2,52,84,38.0
5196,male,65,165.4,84.8,97,156,41.4
5197,female,22,164.4,55.4,46,85,37.4
5198,female,36,169.2,67.7,51,87,38.4
5199,female,56,161.0,70.5,30,134,40.8
5200,female,63,158.4,71.1,36,180,37.9
5201,female,51,160.7,60.6,31,136,38.2
5202,male,52,184.4,64.9,79,175,37.7
5203,male,66,162.2,84.6,109,75,39.6
5204,male,33,174.4,87.1,74,119,37.0
5205,female,57,165.2,62.1,99,125,40.9
5206,male,67,182.0,66.8,12,101,38.7
5207,male,64,181.0,80.3,112,74,39.3
5208,male,56,179.1,85.5,92,81,38.1
5209,male,44,169.4,74.2,22,140,37.2
5210,male,58,182.1,83.1,77,114,41.3
5211,female,55,158.7,44.8,26,179,41.0
5212,male,67,161.1,93.7,111,81,38.2
5213,female,67,162.8,60.9,67,166,37.4
5214,female,42,158.7,70.3,54,107,39.0
5215,female,43,166.5,74.2,78,90,39.5
5216,female,31,161.7,66.9,5,88,39.6
5217,female,31,164.5,45.0,7,130,41.1
5218,male,31,176.0,52.2,112,98,40.0
5219,male,42,162.5,78.7,94,160,39.8
5220,female,53,159.3,73.1,60,177,37.4
5221,female,21,174.3,57.7,11,152,39.4
5222,female,64,161.4,77.3,31,177,39.5
5223,male,32,183.8,92.1,19,158,39.8
5224,female,49,167.2,64.3,91,142,37.7
5225,male,35,171.7,89.8,89,122,41.3
5226,female,31,169.4,71.5,114,150,39.6
5227,male,18,188.7,73.7,81,157,38.9
5228,female,59,167.6,67.1,36,180,40.0
5229,male,37,197.8,52.6,53,178,37.7
5230,female,27,159.3,51.4,88,148,39.0
5231,male,27,169.2,78.8,116,80,40.2
5232,male,41,173.9,74.4,73,80,41.2
5233,male,51,186.0,78.5,109,136,39.0
5234,male,45,172.1,81.2,36,66,39.8
5235,male,44,176.0,92.2,57,152,38.9
5236,male,57,175.8,87.7,115,144,39.4
5237,male,18,175.3,83.9,32,128,39.3
5238,female,50,175.6,73.2,109,144,40.1
5239,female,21,160.9,65.5,96,66,39.9
5240,female,24,165.9,56.5,80,106,37.0
5241,female,26,151.4,69.4,74,176,37.4
5242,female,33,155.3,64.3,94,68,40.4
5243,male,22,189.1,72.4,85,74,37.7
5244,male,51,168.3,96.5,40,179,40.5
5245,male,40,171.9,73.6,66,87,40.7
5246,male,60,168.4,87.0,14,142,41.2
5247,male,67,176.5,87.7,94,88,40.7
5248,female,42,144.8,59.2,84,138,39.4
5249,female,68,164.6,64.4,100,159,38.0
5250,female,30,155.7,77.5,84,124,37.6
5251,female,41,168.6,62.1,18,154,40.9
5252,male,28,178.9,82.4,119,79,38.8
5253,male,69,171.3,91.0,29,91,37.2
5254,male,68,178.7,57.4,69,156,38.6
5255,female,34,157.7,80.9,43,149,40.9
5256,male,54,184.6,60.2,47,142,39.5
5257,female,30,169.3,62.3,84,71,39.9
5258,male,44,179.5,81.0,101,103,38.1
5259,male,37,181.3,75.5,90,134,37.1
5260,female,50,169.6,69.3,115,99,41.1
5261,male,59,170.0,72.8,96,80,37.3
5262,male,49,181.0,86.2,54,90,41.5
5263,female,25,156.8,69.8,27,132,40.9
5264,male,46,186.6,94.3,6,125,37.5
5265,female,57,156.7,58.7,19,74,41.5
5266,male,36,179.0,93.0,119,169,40.6
5267,male,23,191.8,73.5,48,90,40.8
5268,male,61,169.4,83.5,48,77,40.6
5269,male,56,175.6,68.4,67,107,41.2
5270,male,65,183.4,64.9,110,181,40.4
5271,male,58,182.6,94.2,115,178,39.4
5272,male,38,172.4,65.8,41,136,37.0
5273,male,39,170.9,64.5,9,91,38.3
5274,female,59,163.4,60.7,36,76,39.7
5275,female,27,174.0,66.6,106,123,38.4
5276,male,27,172.8,77.8,91,106,38.8
5277,male,69,175.6,107.7,27,96,37.5
5278,female,46,156.0,50.3,101,80,41.4
5279,male,33,180.6,85.9,74,114,37.5
5280,male,18,176.2,81.0,52,99,37.3
5281,female,34,164.3,58.3,37,86,39.6
5282,male,47,167.2,70.6,109,135,39.8
5283,male,43,159.0,77.3,24,160,39.4
5284,female,63,151.5,60.8,6,155,38.6
5285,male,36,181.4,62.8,88,146,41.2
5286,male,38,185.6,58.3,91,105,38.5
5287,female,34,166.9,52.8,119,182,38.4
5288,male,63,179.4,96.1,94,111,41.3
5289,female,57,162.8,52.4,58,75,41.0
5290,male,38,181.2,77.4,30,184,39.1
5291,male,58,177.3,93.8,6,179,38.2
5292,female,57,175.5,66.6,70,167,37.6
5293,female,62,160.4,46.9,101,180,40.6
5294,male,66,185.7,112.0,78,71,40.3
5295,female,36,169.2,61.2,32,127,37.5
5296,female,24,156.5,43.8,19,157,40.3
5297,male,34,158.9,84.8,86,175,41.0
5298,male,18,182.4,97.9,107,132,37.3
5299,male,54,174.0,78.6,95,174,38.8
5300,female,23,180.1,66.6,105,81,38.8
5301,female,43,171.6,65.9,56,179,40.6
5302,female,19,170.2,49.7,43,178,37.5
5303,female,49,166.7,79.9,112,89,37.7
5304,male,65,164.6,72.7,80,123,38.7
5305,female,22,164.8,68.2,18,166,40.8
5306,male,54,178.9,61.5,35,101,41.4
5307,female,48,164.4,70.3,77,138,39.5
5308,male,29,176.5,82.9,50,118,37.7
5309,male,52,184.2,82.4,44,164,41.1
5310,male,47,174.3,85.1,63,172,37.7
5311,female,65,159.3,64.0,30,175,38.7
5312,male,23,167.7,67.7,95,144,40.3
5313,male,32,162.5,76.6,20,76,37.3
5314,female,32,172.5,47.7,6,81,39.2
5315,male,33,184.1,67.8,85,73,38.8
5316,female,37,155.5,74.0,97,171,41.3
5317,female,30,165.9,75.7,100,168,39.5
5318,male,61,174.2,61.7,67,96,41.0
5319,male,59,172.8,64.6,29,175,37.4
5320,female,63,165.1,75.0,71,146,39.5
5321,male,48,178.1,72.8,45,121,40.1
5322,female,51,164.3,66.6,59,152,37.7
5323,female,46,174.1,48.0,106,72,40.8
5324,female,20,180.0,58.8,103,171,41.0
5325,male,26,173.7,85.7,7,97,40.1
5326,female,28,166.8,65.6,31,176,39.3
5327,male,28,178.7,75.5,18,76,40.1
5328,male,42,175.6,93.6,37,98,38.3
5329,male,39,174.7,64.5,89,131,37.5
5330,male,59,177.8,74.6,14,168,39.5
5331,female,63,146.7,80.4,57,116,39.2
5332,male,26,181.6,65.7,85,65,38.9
5333,female,37,171.4,65.1,75,93,37.9
5334,female,38,164.5,63.7,95,69,37.9
5335,male,27,179.9,76.7,99,102,41.4
5336,female,39,168.3,77.0,44,85,41.2
5337,female,46,163.8,66.7,102,123,38.1
5338,male,26,175.5,62.4,28,162,37.3
5339,female,22,166.8,70.8,14,184,38.5
5340,female,57,149.3,56.4,53,158,40.8
5341,female,28,163.8,85.0,32,84,38.0
5342,female,18,152.0,80.7,110,159,41.4
5343,male,59,185.3,78.4,37,152,37.9
5344,female,18,159.5,62.0,51,107,39.5
5345,female,56,170.2,71.4,17,168,41.5
5346,female,63,164.7,76.2,48,126,37.6
5347,female,22,166.3,82.5,97,101,37.9
5348,male,66,183.3,79.0,31,66,39.7
5349,female,39,170.4,66.4,79,127,40.6
5350,male,43,162.1,89.7,78,138,40.2
5351,female,23,156.7,46.2,33,107,39.7
5352,male,49,178.1,77.3,112,94,38.9
5353,male,65,170.3,81.0,82,103,40.5
5354,male,28,163.2,86.9,89,130,37.6
5355,male,27,177.2,70.5,44,165,38.1
5356,male,64,192.7,68.7,93,67,40.6
5357,female,56,168.0,80.8,11,140,38.3
5358,female,51,163.7,62.2,83,163,37.6
5359,female,48,174.6,62.4,76,65,40.8
5360,male,29,176.7,84.1,105,65,40.5
5361,female,68,173.8,65.0,90,93,39.9
5362,male,61,174.9,72.0,81,164,40.0
5363,male,33,172.6,75.7,43,73,40.0
5364,female,55,160.2,65.2,29,181,40.3
5365,female,20,154.1,73.0,32,76,38.4
5366,male,19,177.4,79.6,55,121,40.9
5367,male,69,170.9,82.3,84,76,38.2
5368,female,22,160.6,60.5,75,138,38.9
5369,female,28,167.3,68.5,53,86,39.3
5370,female,42,160.7,78.1,61,166,40.6
5371,female,52,169.1,71.0,74,147,38.9
5372,male,52,165.8,80.2,19,171,39.3
5373,female,39,155.6,70.6,103,141,40.8
5374,female,54,161.3,53.5,6,180,41.5
5375,female,39,168.8,55.8,16,103,40.6
5376,male,28,171.8,69.6,82,148,38.4
5377,male,49,174.9,81.9,57,114,37.5
5378,male,52,165.6,55.2,119,164,40.1
5379,male,48,176.1,92.9,118,174,40.1
5380,female,62,153.1,58.9,64,175,39.2
5381,male,25,170.7,78.1,70,124,40.3
5382,female,37,165.6,70.6,47,100,37.3
5383,female,59,161.8,74.9,38,154,41.5
5384,female,51,153.2,74.0,32,152,39.2
5385,female,21,159.4,56.0,9,126,39.6
5386,male,35,174.4,102.8,39,143,39.4
5387,male,68,173.5,89.4,20,122,39.5
5388,male,21,163.6,70.3,42,122,40.5
5389,female,37,160.2,57.5,110,104,37.3
5390,female,26,158.9,36.8,103,108,41.1
5391,female,33,158.8,54.4,50,163,38.5
5392,female,43,158.6,50.3,48,148,39.8
5393,female,55,157.7,67.0,48,127,37.3
5394,male,42,173.4,81.2,9,87,39.2
5395,female,21,160.3,48.1,50,85,40.7
5396,male,58,166.1,83.2,108,80,38.4
5397,female,62,155.5,58.9,50,162,38.6
5398,female,58,168.4,54.3,81,132,39.9
5399,male,55,165.6,86.6,69,72,37.3
5400,male,36,176.1,71.6,33,110,38.7
5401,female,31,163.5,63.6,6,82,40.5
5402,female,38,158.2,75.0,67,87,40.0
5403,female,32,170.5,63.9,85,146,39.5
5404,female,20,175.2,61.9,40,101,39.6
5405,male,54,175.3,114.7,42,128,38.1
5406,female,67,159.3,66.4,118,144,41.3
5407,male,63,169.3,72.3,118,154,41.5
5408,female,33,163.9,60.6,92,154,37.7
5409,male,31,173.8,59.5,22,146,37.3
5410,male,26,166.0,80.1,12,115,37.8
5411,female,64,169.6,60.2,32,99,38.4
5412,male,24,171.9,63.0,8,84,40.2
5413,female,31,180.8,79.6,42,84,39.4
5414,male,23,177.6,64.2,86,96,37.3
5415,female,38,157.0,69.8,68,139,39.3
5416,male,32,173.2,87.6,115,127,39.7
5417,female,69,178.7,73.2,76,141,37.6
5418,female,25,159.1,64.1,62,162,37.4
5419,male,51,185.3,73.0,67,77,38.9
5420,male,57,175.4,93.3,24,180,40.5
5421,male,18,170.2,107.2,64,156,37.7
5422,male,49,164.4,71.1,113,135,37.6
5423,female,66,162.5,68.0,39,161,40.8
5424,male,68,186.6,80.2,85,150,38.2
5425,female,22,179.4,57.8,41,91,37.5
5426,male,47,174.4,76.4,79,159,41.1
5427,female,39,175.7,69.9,67,104,38.7
5428,female,37,169.5,74.0,116,134,38.9
5429,female,33,157.8,48.6,39,168,41.4
5430,female,24,176.1,67.1,56,123,40.2
5431,male,24,187.1,64.4,22,93,41.1
5432,male,67,174.7,82.3,61,94,38.4
5433,female,67,148.4,70.6,112,151,39.7
5434,male,19,178.1,92.1,24,99,39.1
5435,male,64,173.4,74.2,115,160,41.5
5436,female,31,157.7,78.0,63,174,39.2
5437,male,48,161.6,74.0,72,119,40.1
5438,male,67,182.8,58.9,30,133,37.9
5439,male,58,169.1,90.6,17,67,37.6
5440,female,31,166.2,73.1,25,106,37.4
5441,male,22,174.7,81.7,108,103,39.6
5442,female,28,165.9,71.0,92,108,40.9
5443,male,57,175.8,89.0,99,179,40.9
5444,male,22,173.4,71.1,114,143,37.3
5445,male,46,165.4,86.2,104,130,40.6
5446,female,28,170.1,71.0,59,119,41.0
5447,female,22,157.6,69.7,46,95,40.6
5448,male,66,175.3,86.0,87,97,37.1
5449,female,49,172.6,69.7,101,161,40.2
5450,male,53,190.5,78.0,103,78,38.7
5451,female,32,167.0,82.2,27,181,40.3
5452,female,36,156.8,68.0,74,158,39.1
5453,male,39,173.7,79.1,48,162,40.0
5454,male,51,176.8,90.1,30,175,38.2
5455,male,34,171.6,65.9,69,113,37.7
5456,male,29,181.2,100.3,80,93,41.1
5457,female,42,179.4,58.8,118,72,40.2
5458,female,34,166.2,58.0,55,141,41.2
5459,female,27,155.2,64.6,78,113,40.6
5460,male,45,174.9,70.6,94,80,38.0
5461,male,35,198.5,93.0,31,153,40.2
5462,female,68,163.6,67.0,41,171,39.5
5463,male,35,169.6,90.0,109,124,38.2
5464,female,62,156.3,78.5,44,104,40.9
5465,female,49,153.7,69.4,31,97,40.5
5466,female,31,167.2,77.9,69,167,37.6
5467,female,33,159.5,69.3,64,67,39.6
5468,female,67,180.0,68.6,60,77,40.5
5469,male,35,179.0,81.3,116,166,37.7
5470,male,33,172.5,84.0,82,110,41.5
5471,male,34,180.7,95.3,56,141,39.7
5472,female,24,168.1,63.8,105,90,40.9
5473,female,29,167.4,57.1,57,98,39.5
5474,female,51,162.1,53.4,18,75,38.4
5475,female,27,165.9,55.2,36,97,40.8
5476,male,22,161.0,63.6,100,149,39.0
5477,male,38,172.5,83.1,87,151,39.6
5478,female,20,138.9,80.1,76,104,39.6
5479,female,36,159.9,63.2,39,149,37.3
5480,female,62,151.8,72.7,53,103,38.5
5481,male,61,180.9,60.2,18,110,38.5
5482,male,52,180.1,69.6,63,146,37.2
5483,male,23,184.7,91.2,9,139,37.5
5484,female,31,143.6,55.3,99,145,39.6
5485,female,21,164.4,70.6,36,177,38.4
5486,male,62,175.6,76.2,92,106,39.3
5487,female,68,160.5,75.4,26,65,39.2
5488,male,35,169.2,100.3,65,131,39.9
5489,female,46,173.5,72.8,25,133,40.8
5490,male,52,172.3,86.6,37,88,38.0
5491,female,69,159.8,59.7,83,103,38.6
5492,male,55,180.6,69.9,55,160,39.5
5493,male,33,172.1,77.2,52,146,40.3
5494,male,37,178.2,75.7,19,169,38.7
5495,male,41,175.1,77.8,7,174,38.2
5496,male,52,182.5,70.6,98,118,40.0
5497,male,61,173.5,67.8,61,173,40.0
5498,female,68,154.5,74.3,60,168,40.4
5499,female,36,167.7,68.9,109,112,39.2
5500,female,21,171.8,69.0,66,84,37.3
5501,male,50,168.7,69.3,22,66,39.6
5502,male,19,167.9,98.9,109,72,38.4
5503,female,30,154.4,70.0,76,130,41.5
5504,male,62,166.3,57.3,87,180,39.6
5505,male,47,172.4,83.3,60,107,39.0
5506,male,51,183.1,70.8,52,146,40.4
5507,male,47,172.2,90.9,95,181,41.4
5508,male,68,181.6,92.5,9,184,39.2
5509,female,41,156.4,69.5,113,138,38.5
5510,female,65,165.7,57.1,94,131,39.2
5511,female,61,169.7,55.4,18,108,40.1
5512,female,50,170.6,50.5,45,66,40.0
5513,female,58,150.4,70.4,64,176,40.4
5514,male,66,181.0,67.5,54,98,39.8
5515,male,27,167.0,81.1,67,70,41.3
5516,male,35,185.5,102.4,69,111,38.6
5517,male,36,192.7,73.6,36,115,37.0
5518,female,24,173.1,76.1,95,171,37.7
5519,female,36,166.8,77.1,22,85,37.2
5520,female,41,162.5,66.2,22,144,37.7
5521,male,32,179.1,61.5,45,174,38.0
5522,female,58,173.7,67.2,111,144,38.2
5523,male,59,170.4,100.1,79,125,37.1
5524,female,40,169.3,56.3,74,130,38.3
5525,female,69,158.6,67.3,55,80,37.7
5526,male,69,165.3,85.0,97,96,37.4
5527,male,21,173.0,77.9,40,102,39.6
5528,female,55,156.8,61.4,9,80,37.9
5529,female,21,165.6,50.3,115,179,37.4
5530,male,22,169.7,85.9,38,119,37.8
5531,female,58,146.5,57.4,19,72,40.9
5532,female,61,166.3,72.3,13,175,39.4
5533,male,40,170.1,87.1,101,127,39.4
5534,female,57,149.6,68.0,85,91,38.2
5535,male,54,179.8,61.3,105,68,39.3
5536,female,28,150.4,66.6,15,117,40.3
5537,male,28,167.7,75.3,46,96,39.7
5538,female,30,172.7,76.9,106,149,39.4
5539,male,31,181.4,70.3,67,78,38.6
5540,female,25,169.9,72.6,45,179,39.8
5541,male,42,184.8,90.2,65,178,40.9
5542,female,35,166.8,65.4,34,179,37.9
5543,female,68,162.9,80.3,117,133,40.7
5544,female,61,164.3,66.2,17,152,39.2
5545,female,61,169.7,59.7,79,158,41.4
5546,female,35,171.2,63.9,117,164,38.2
5547,female,27,160.3,59.9,11,149,37.4
5548,female,24,153.1,60.3,119,158,37.7
5549,female,67,161.7,59.3,62,88,37.1
5550,female,61,161.5,62.0,46,151,38.6
5551,male,31,164.7,79.4,68,96,38.4
5552,male,32,166.9,92.2,119,154,39.9
5553,female,33,149.6,67.9,49,122,37.7
5554,male,19,179.8,87.0,89,120,40.4
5555,female,47,156.3,78.8,75,84,38.5
5556,female,47,171.8,61.3,26,162,40.9
5557,male,35,177.4,57.8,117,66,37.8
5558,female,48,159.4,56.4,100,137,40.6
5559,female,61,166.8,60.5,8,109,37.8
5560,male,65,184.0,67.5,83,79,37.1
5561,male,30,169.3,85.7,43,66,37.3
5562,female,37,175.7,62.3,114,129,40.7
5563,male,66,170.1,62.2,89,111,39.4
5564,male,67,174.6,76.1,105,149,38.4
5565,female,52,161.7,72.9,45,137,39.9
5566,male,40,161.8,72.4,45,176,38.7
5567,male,59,183.9,80.2,106,105,40.7
5568,female,50,170.3,74.9,45,155,40.4
5569,male,55,172.5,79.7,32,102,39.1
5570,male,52,185.0,88.3,47,176,37.0
5571,female,68,157.3,90.0,68,116,39.3
5572,female,53,161.1,45.1,10,114,38.7
5573,female,37,163.6,54.7,70,84,39.7
5574,male,20,166.6,86.3,119,150,37.7
5575,female,25,159.8,56.5,35,81,40.0
5576,female,57,170.1,79.2,95,126,37.9
5577,male,49,171.0,71.4,13,114,41.4
5578,female,46,171.9,69.8,5,130,40.7
5579,female,24,165.6,49.7,19,127,37.8
5580,female,19,155.4,65.3,27,143,39.4
5581,female,38,159.0,67.6,21,177,39.0
5582,male,23,175.0,77.7,62,73,40.6
5583,female,45,155.1,62.3,75,97,40.3
5584,female,65,154.2,63.3,108,109,38.3
5585,male,59,166.4,77.9,71,97,38.6
5586,female,53,166.6,87.8,102,68,37.3
5587,male,49,169.7,67.5,57,129,39.6
5588,male,62,182.7,78.9,87,73,40.4
5589,male,59,173.2,94.6,34,136,38.9
5590,female,63,145.8,64.3,14,144,41.3
5591,male,26,173.1,81.1,59,157,37.6
5592,male,28,171.7,75.5,46,172,41.0
5593,male,40,183.1,77.0,118,168,37.1
5594,female,67,153.4,70.3,107,183,41.1
5595,female,28,151.6,85.8,52,138,38.4
5596,female,66,171.4,82.5,115,87,37.5
5597,female,19,157.3,80.3,86,138,41.5
5598,female,20,173.8,84.1,27,171,40.4
5599,female,28,167.6,52.4,91,158,39.4
5600,female,67,157.6,59.8,8,184,38.8
5601,male,52,182.9,93.9,110,65,38.1
5602,male,32,187.2,60.5,103,176,39.7
5603,male,60,187.3,92.7,77,80,39.0
5604,male,28,182.9,69.8,79,134,39.3
5605,female,48,168.4,54.0,69,83,39.1
5606,male,45,172.6,75.6,14,98,39.9
5607,male,45,168.3,82.7,115,177,41.2
5608,male,49,172.2,66.7,99,145,41.3
5609,male,42,161.7,59.4,18,124,40.8
5610,female,37,155.5,68.1,96,127,38.2
5611,female,45,153.9,54.5,115,124,38.1
5612,female,42,164.9,51.8,40,113,39.6
5613,male,28,165.1,59.8,92,139,41.4
5614,female,36,168.6,66.4,32,157,39.5
5615,male,45,171.0,86.3,63,163,37.5
5616,female,18,158.1,64.5,8,124,40.9
5617,female,22,159.5,64.5,82,92,40.4
5618,female,27,165.7,72.4,73,141,38.1
5619,female,59,174.0,86.1,100,68,39.8
5620,female,63,159.7,44.2,21,116,38.0
5621,male,51,178.5,74.7,102,144,38.9
5622,female,53,177.7,58.0,41,118,38.1
5623,male,19,168.7,72.4,66,98,39.7
5624,male,35,171.7,63.1,94,149,38.4
5625,male,30,190.7,81.2,118,80,37.8
5626,male,68,196.4,76.9,35,148,37.3
5627,male,22,187.5,91.4,96,166,39.8
5628,female,37,169.2,65.4,32,99,39.7
5629,female,19,152.2,78.9,97,100,37.9
5630,female,28,159.3,80.9,57,145,37.0
5631,female,47,165.3,67.4,40,101,37.6
5632,male,49,170.6,81.7,30,151,38.4
5633,female,49,178.4,74.0,90,110,39.4
5634,female,67,154.0,78.4,103,118,41.0
5635,male,55,181.0,79.7,32,99,37.9
5636,male,45,167.3,62.8,65,119,38.0
5637,female,27,155.2,67.8,112,70,40.8
5638,female,39,150.6,51.1,26,129,39.3
5639,male,34,157.8,80.5,54,168,40.1
5640,female,39,161.4,60.2,39,129,38.6
5641,female,60,166.3,70.9,86,170,40.8
5642,female,36,160.9,62.7,73,67,39.0
5643,female,34,166.3,63.4,97,182,41.1
5644,male,41,171.0,84.7,15,109,38.8
5645,male,53,174.7,89.8,92,115,40.6
5646,male,49,174.3,94.8,42,143,37.3
5647,female,63,167.1,72.5,63,137,40.1
5648,female,69,174.5,71.5,49,162,37.6
5649,female,53,180.7,84.6,48,89,41.0
5650,female,45,169.5,62.9,29,145,41.3
5651,female,31,173.2,57.5,20,119,38.4
5652,male,53,174.1,89.0,24,136,39.5
5653,female,23,165.1,55.5,58,130,38.8
5654,female,26,163.8,61.3,17,70,39.8
5655,male,38,179.5,48.8,39,87,38.6
5656,female,29,167.2,59.9,16,114,40.7
5657,male,47,176.9,90.1,67,141,37.1
5658,male,48,177.5,104.8,8,161,40.3
5659,male,57,159.5,74.3,40,74,37.1
5660,male,21,173.0,57.9,98,99,41.3
5661,male,48,184.3,77.8,97,169,37.2
5662,female,44,163.2,78.7,86,150,40.6
5663,male,42,165.4,74.7,109,141,40.1
5664,male,22,178.4,96.5,97,133,40.9
5665,female,23,168.4,60.8,13,134,37.6
5666,female,22,161.5,66.8,78,169,38.6
5667,male,68,164.2,77.0,14,76,37.4
5668,female,44,159.6,63.7,57,151,38.3
5669,female,25,149.2,64.5,12,113,39.7
5670,male,26,172.5,87.0,63,171,41.4
5671,male,32,174.7,65.6,117,111,38.1
5672,female,53,170.1,59.7,23,157,38.5
5673,male,58,166.4,68.5,48,159,38.8
5674,male,24,180.3,93.2,48,66,37.1
5675,female,49,162.4,68.5,38,150,40.1
5676,male,25,177.2,83.3,57,82,37.6
5677,male,64,182.7,63.3,7,88,41.0
5678,male,68,164.7,79.4,91,78,38.9
5679,male,32,181.5,76.4,115,102,40.9
5680,male,54,170.4,90.0,6,105,40.3
5681,female,36,166.3,82.0,64,98,40.5
5682,female,56,151.3,65.4,50,177,38.7
5683,male,23,173.3,91.6,19,132,40.7
5684,female,36,163.3,50.3,103,138,39.5
5685,male,45,181.6,77.4,116,136,37.8
5686,male,34,185.1,79.4,11,102,41.0
5687,male,59,170.7,92.1,65,155,38.8
5688,male,36,165.9,71.8,39,127,41.0
5689,male,48,180.6,82.5,39,94,39.6
5690,female,28,158.7,51.6,73,131,37.2
5691,female,32,156.5,66.8,53,103,40.5
5692,male,27,166.5,57.7,87,93,37.1
5693,female,60,158.1,77.2,99,160,37.4
5694,male,40,164.3,90.9,6,106,38.5
5695,female,20,163.2,64.0,38,113,39.8
5696,male,20,165.9,53.0,112,152,38.9
5697,female,35,167.6,82.4,114,184,38.8
5698,male,42,164.8,91.4,17,156,38.9
5699,male,60,172.3,86.5,68,159,37.6
5700,female,37,174.6,84.4,39,83,40.1
5701,female,46,167.3,57.5,102,93,37.9
5702,male,39,177.7,79.5,82,144,39.0
5703,female,67,156.6,76.9,39,97,41.4
5704,male,32,192.3,68.7,105,163,41.2
5705,female,56,173.1,71.9,30,151,40.5
5706,female,27,171.8,62.1,48,146,41.0
5707,male,38,185.5,90.2,110,103,40.1
5708,female,69,158.5,60.6,11,101,40.7
5709,female,46,163.3,55.5,104,77,38.1
5710,male,49,172.7,66.9,43,81,39.0
5711,female,27,156.3,72.1,89,72,38.3
5712,male,30,178.0,86.6,83,109,37.2
5713,male,64,179.4,83.1,17,99,38.1
5714,male,40,169.9,91.8,88,81,38.2
5715,male,67,168.9,71.1,119,139,40.1
5716,male,40,170.1,74.4,102,83,38.5
5717,female,48,166.0,68.1,94,166,38.0
5718,male,21,162.3,80.1,8,114,37.1
5719,male,69,177.4,78.6,102,141,38.8
5720,female,66,163.4,60.8,88,162,40.5
5721,female,20,167.7,62.9,23,86,39.8
5722,female,38,161.5,70.1,105,148,41.0
5723,male,19,173.0,77.6,35,100,39.6
5724,male,21,166.2,84.9,87,159,37.2
5725,male,18,176.1,101.8,47,95,39.0
5726,female,32,164.9,70.5,68,82,38.9
5727,male,50,179.7,57.9,6,156,40.8
5728,female,23,170.4,67.8,94,84,40.0
5729,male,24,159.8,69.8,26,126,38.2
5730,female,36,167.4,58.2,85,98,40.2
5731,male,61,175.0,86.4,92,86,40.7
5732,male,18,175.7,67.9,80,114,37.3
5733,male,56,163.8,98.5,26,164,40.2
5734,female,36,157.3,55.3,108,136,40.6
5735,female,62,177.4,70.0,88,184,38.6
5736,male,43,163.8,70.1,71,157,41.3
5737,male,61,161.7,82.6,19,86,40.7
5738,male,29,171.4,60.9,47,67,38.2
5739,female,39,162.6,50.4,18,109,38.8
5740,male,30,168.0,61.4,116,66,41.1
5741,male,45,169.4,93.6,78,137,40.7
5742,male,31,175.1,68.9,24,137,40.6
5743,male,39,169.2,62.8,27,90,41.4
5744,female,47,171.9,82.8,58,123,37.3
5745,female,61,161.1,55.1,77,65,37.3
5746,male,37,176.3,93.1,107,169,39.0
5747,male,61,182.0,70.4,66,117,41.1
5748,female,44,157.9,37.4,119,121,39.4
5749,female,55,154.8,62.5,66,144,41.2
5750,male,59,181.7,69.1,68,107,37.7
5751,female,69,157.0,61.5,78,82,40.3
5752,female,58,152.4,72.3,57,103,38.5
5753,male,51,171.9,66.6,108,95,40.0
5754,female,56,150.9,67.8,65,110,38.9
5755,female,58,172.3,60.4,57,65,38.4
5756,male,61,180.6,88.9,7,110,40.8
5757,male,54,169.2,69.7,16,65,38.8
5758,female,18,159.6,81.0,24,120,38.0
5759,male,32,169.6,66.2,29,110,37.7
5760,female,49,171.2,66.5,93,152,37.8
5761,male,25,170.6,77.0,32,119,39.4
5762,female,50,176.2,55.8,20,120,37.2
5763,male,35,169.6,68.7,55,142,37.3
5764,female,62,159.9,58.2,44,87,39.0
5765,female,46,170.0,57.7,25,112,40.2
5766,female,49,170.1,68.1,75,126,40.1
5767,male,50,177.1,96.0,80,72,41.0
5768,male,22,171.7,92.3,116,130,39.3
5769,female,35,161.0,82.8,110,69,38.0
5770,female,65,154.1,63.4,103,102,40.6
5771,male,27,173.5,53.8,86,184,37.7
5772,male,53,163.8,87.4,86,161,40.0
5773,male,50,172.2,83.3,15,68,40.1
5774,male,40,161.6,84.6,36,103,37.9
5775,male,57,181.0,100.3,101,72,37.2
5776,male,22,181.1,81.8,51,157,37.8
5777,female,51,170.6,53.3,49,157,40.6
5778,male,41,175.2,63.2,101,101,40.8
5779,female,34,165.7,59.8,83,102,38.2
5780,male,48,168.6,78.0,22,158,39.3
5781,male,24,187.2,70.2,90,184,37.3
5782,female,34,159.1,59.2,10,175,37.9
5783,female,45,165.4,61.2,63,124,39.6
5784,male,55,170.9,105.6,90,76,38.0
5785,female,39,152.2,69.4,10,168,37.2
5786,female,32,148.8,70.0,19,136,41.0
5787,female,54,161.2,68.5,106,176,38.0
5788,female,32,170.2,57.0,98,123,40.5
5789,male,67,168.3,83.3,65,175,38.9
5790,female,67,154.8,60.7,34,83,40.2
5791,male,42,179.2,95.9,50,131,38.6
5792,male,38,174.7,59.0,114,104,39.7
5793,male,55,167.1,84.3,100,87,40.0
5794,male,19,169.2,66.0,88,80,37.6
5795,female,44,162.4,48.7,21,178,41.0
5796,female,66,166.0,67.9,97,174,38.6
5797,male,49,176.0,67.9,79,92,40.5
5798,male,38,179.3,73.0,118,154,39.5
5799,male,21,182.9,63.2,111,114,37.8
5800,male,61,163.8,72.9,88,76,38.6
5801,female,36,150.6,68.4,109,108,37.4
5802,male,19,188.6,90.4,88,152,38.2
5803,female,43,155.4,82.1,12,179,37.9
5804,male,51,166.7,95.9,54,177,38.2
5805,male,31,172.4,86.9,21,142,40.6
5806,male,32,174.6,97.2,61,82,37.4
5807,male,37,177.2,58.8,62,172,39.8
5808,female,51,158.3,58.6,80,124,38.6
5809,female,53,165.6,66.6,100,104,39.2
5810,female,36,167.7,77.8,90,151,38.0
5811,male,26,177.1,109.0,31,79,41.3
5812,male,24,171.3,72.4,62,118,40.0
5813,female,47,152.9,62.4,105,131,37.9
5814,female,30,159.5,72.9,55,127,39.2
5815,male,44,190.3,81.2,51,119,37.7
5816,male,61,186.7,96.6,61,104,41.1
5817,female,52,152.6,63.2,54,74,39.1
5818,male,30,185.6,66.7,94,119,37.3
5819,male,32,181.4,81.4,35,160,37.7
5820,female,63,155.4,78.9,33,73,39.2
5821,male,26,163.0,60.4,99,137,37.9
5822,female,62,162.4,82.6,28,127,40.2
5823,male,40,172.3,100.5,67,173,38.9
5824,female,53,159.9,72.0,72,125,39.5
5825,male,57,163.1,85.3,114,123,39.8
5826,female,20,159.6,75.8,82,174,41.3
5827,female,51,155.1,68.5,81,150,41.2
5828,female,36,159.2,76.1,27,130,38.7
5829,female,45,151.7,58.7,12,127,41.0
5830,male,40,184.3,76.9,17,109,41.5
5831,male,57,168.0,79.2,5,97,41.0
5832,female,66,157.4,62.3,67,160,37.2
5833,male,62,173.5,75.9,31,139,38.5
5834,male,24,179.1,82.6,85,184,37.5
5835,male,58,168.2,98.1,45,90,40.1
5836,male,29,175.7,82.6,13,94,38.6
5837,male,31,176.3,87.5,31,80,37.8
5838,female,63,165.2,66.0,94,145,37.9
5839,female,32,154.1,63.6,117,153,38.7
5840,female,20,154.6,53.3,25,152,39.7
5841,female,32,151.1,45.8,111,120,40.1
5842,male,68,195.5,93.7,50,74,37.1
5843,male,41,169.9,83.6,52,122,41.4
5844,female,69,160.3,74.1,72,69,37.2
5845,male,63,179.8,71.9,18,93,41.4
5846,male,25,176.5,90.1,46,103,38.2
5847,female,22,151.6,60.3,113,172,41.0
5848,male,68,177.3,88.2,63,176,41.0
5849,female,21,171.1,64.6,79,80,39.2
5850,female,31,166.6,66.3,66,150,40.4
5851,male,33,185.2,92.0,8,105,40.0
5852,male,37,163.9,86.7,63,176,40.7
5853,female,41,165.0,65.8,38,108,39.5
5854,female,23,173.0,47.3,9,101,38.5
5855,male,48,175.8,99.2,36,73,38.9
5856,female,23,166.2,79.4,84,98,37.6
5857,female,52,172.3,71.4,96,129,38.3
5858,female,32,144.2,67.2,70,146,41.4
5859,male,46,188.8,71.7,39,83,38.9
5860,female,20,168.1,46.6,12,114,40.2
5861,male,28,168.2,72.9,61,145,38.4
5862,female,20,165.0,73.9,29,103,40.2
5863,male,45,174.4,40.8,27,149,39.1
5864,female,27,165.8,58.7,40,80,40.5
5865,male,67,178.1,79.8,29,98,38.8
5866,male,50,191.4,68.5,21,111,41.3
5867,male,65,171.3,84.4,67,148,37.8
5868,female,33,160.1,64.2,118,179,39.3
5869,female,27,164.9,72.4,68,102,37.7
5870,female,50,172.2,84.9,94,131,38.2
5871,male,53,176.2,91.7,114,138,39.3
5872,female,20,163.1,65.6,41,96,37.8
5873,male,22,175.7,83.6,89,108,37.5
5874,female,29,161.1,54.4,9,127,40.8
5875,male,61,183.4,110.4,28,137,38.6
5876,male,30,176.2,78.1,78,183,40.2
5877,male,41,167.5,71.6,70,78,39.2
5878,female,61,166.7,54.7,94,99,40.4
5879,female,49,166.0,62.9,77,90,38.2
5880,female,33,150.2,69.8,52,68,37.4
5881,male,49,165.8,69.8,34,130,39.4
5882,male,62,178.0,76.6,43,65,39.9
5883,female,54,175.1,83.8,104,178,41.3
5884,female,53,167.3,76.4,67,66,40.5
5885,female,38,164.3,40.9,100,118,40.9
5886,male,64,174.7,89.7,61,68,40.3
5887,male,29,184.8,94.3,76,158,41.5
5888,male,68,184.0,57.1,65,132,40.3
5889,male,38,171.6,101.1,7,84,39.9
5890,male,68,164.7,99.4,8,165,38.4
5891,female,38,158.4,41.7,93,137,38.1
5892,male,60,171.3,53.9,53,127,38.3
5893,male,23,178.6,78.4,95,151,37.1
5894,male,26,174.2,95.8,20,92,38.1
5895,male,18,169.0,83.5,27,160,38.3
5896,male,29,183.8,80.3,115,85,37.4
5897,female,31,169.9,47.7,30,161,37.1
5898,male,23,178.5,70.3,83,103,39.3
5899,male,18,161.2,95.3,119,110,37.8
5900,male,39,155.6,78.8,30,121,38.0
5901,female,51,152.8,60.7,29,155,41.4
5902,female,28,175.1,78.6,46,71,37.7
5903,female,20,161.2,57.8,79,172,37.2
5904,male,59,156.3,76.5,81,83,40.7
5905,female,23,168.1,45.2,48,69,38.2
5906,male,23,176.4,82.4,5,136,39.3
5907,male,37,185.9,84.3,40,119,40.8
5908,female,38,168.9,77.1,99,160,39.3
5909,male,19,179.0,94.7,119,109,41.0
5910,male,43,175.7,78.4,26,165,40.0
5911,male,48,181.5,85.0,104,175,39.8
5912,female,43,171.6,80.9,9,158,40.4
5913,male,49,178.8,75.1,113,105,38.0
5914,male,27,183.8,90.9,23,106,37.8
5915,female,40,156.1,48.0,116,96,40.8
5916,male,23,176.9,80.9,99,110,41.1
5917,male,40,159.9,50.1,91,68,37.7
5918,female,45,165.7,58.5,65,167,39.4
5919,male,66,190.6,78.0,90,70,37.8
5920,male,47,165.0,89.1,61,131,37.1
5921,male,31,174.3,99.7,99,66,39.3
5922,male,54,182.0,89.9,25,85,39.7
5923,male,49,175.3,80.6,71,158,39.1
5924,female,66,148.9,77.1,57,155,40.5
5925,female,51,146.9,67.6,64,183,38.0
5926,female,58,163.4,64.8,65,78,41.1
5927,female,61,143.6,66.6,79,173,39.5
5928,male,68,175.3,77.8,16,93,39.4
5929,male,39,165.5,69.2,46,80,39.0
5930,male,48,174.5,56.6,93,173,38.0
5931,male,24,187.5,98.3,52,177,38.3
5932,male,58,171.6,70.6,89,172,39.5
5933,female,38,168.9,65.2,75,114,40.3
5934,female,33,152.4,72.2,99,177,37.6
5935,male,37,169.3,97.2,79,68,39.4
5936,male,60,164.3,70.8,69,142,37.1
5937,male,61,176.1,83.1,82,121,37.8
5938,female,64,162.6,86.8,51,80,40.6
5939,male,67,170.0,63.4,27,75,38.2
5940,male,36,176.2,62.3,104,127,38.3
5941,male,65,162.7,71.4,47,159,39.4
5942,female,49,156.6,68.3,73,120,38.7
5943,male,32,180.4,81.4,44,164,40.8
5944,female,22,171.6,62.8,60,93,39.0
5945,female,28,166.1,64.3,73,138,40.9
5946,female,32,166.5,58.4,70,111,37.0
5947,female,46,155.3,64.9,42,102,40.6
5948,female,67,155.9,48.8,74,172,37.1
5949,female,62,171.1,66.7,85,102,40.9
5950,male,21,194.1,107.6,9,156,41.3
5951,male,66,183.7,54.1,82,163,41.0
5952,male,53,167.6,94.9,104,161,41.0
5953,female,65,173.6,79.2,64,159,39.5
5954,male,40,196.7,89.7,51,136,41.3
5955,female,32,159.7,62.3,114,159,37.5
5956,female,63,153.2,58.7,96,176,37.5
5957,female,61,167.1,72.2,80,118,38.2
5958,male,20,177.2,84.7,101,133,39.5
5959,female,49,154.7,57.5,44,167,37.8
5960,female,27,172.2,66.5,28,166,41.0
5961,male,57,175.6,81.5,22,184,38.2
5962,male,55,167.8,68.6,79,149,41.1
5963,female,39,154.3,57.2,114,171,38.3
5964,female,31,175.5,61.7,93,89,37.6
5965,male,34,174.0,114.6,119,170,40.3
5966,male,38,191.6,86.2,87,73,37.2
5967,male,68,161.1,90.0,72,85,40.5
5968,female,65,163.5,75.5,66,119,41.2
5969,male,32,162.6,85.5,11,130,38.0
5970,male,32,165.3,86.5,86,165,40.7
5971,male,18,168.4,92.4,19,134,41.1
5972,female,41,155.5,58.5,110,84,38.5
5973,male,29,177.1,69.4,116,141,40.5
5974,male,27,169.6,113.9,83,142,37.4
5975,male,63,157.2,81.7,70,67,40.9
5976,male,59,186.8,81.7,109,172,39.1
5977,male,59,172.7,75.0,40,169,38.1
5978,female,69,156.2,60.1,63,108,39.4
5979,female,48,162.7,61.4,75,182,38.2
5980,female,28,154.8,49.3,33,105,40.6
5981,male,33,172.4,86.8,29,89,38.4
5982,female,26,168.4,64.1,59,115,37.3
5983,female,64,175.0,59.0,25,79,37.2
5984,female,31,155.4,68.8,53,170,38.2
5985,male,36,167.0,80.2,16,141,39.4
5986,male,48,170.2,84.0,12,92,39.9
5987,female,26,164.9,71.3,89,123,39.3
5988,female,53,152.3,72.2,45,171,40.1
5989,male,56,187.7,83.6,28,132,40.1
5990,male,43,183.4,78.7,40,166,39.6
5991,female,25,152.9,55.5,6,154,40.1
5992,male,41,162.7,60.6,33,109,40.9
5993,female,25,174.7,61.0,17,147,37.2
5994,male,36,186.0,91.2,93,129,40.7
5995,female,64,163.5,39.9,11,170,38.6
5996,female,65,172.4,67.3,115,93,38.4
5997,male,47,172.3,96.6,44,92,40.9
5998,female,39,166.3,84.1,104,99,39.7
5999,female,26,159.7,83.5,63,77,37.3
6000,female,61,158.5,71.8,62,115,37.9
6001,male,65,181.3,94.8,104,173,41.2
6002,male,21,189.4,72.3,15,161,38.9
6003,male,54,171.3,60.5,33,133,38.2
6004,female,25,165.4,63.8,21,78,37.9
6005,male,18,167.2,87.0,17,137,39.5
6006,female,45,160.4,57.3,13,132,41.4
6007,female,23,156.6,69.2,98,130,37.6
6008,male,64,194.2,65.8,46,181,38.1
6009,male,53,178.9,84.7,13,142,39.2
6010,female,28,165.5,79.5,25,67,38.0
6011,female,22,149.6,78.3,82,68,41.5
6012,male,67,179.3,89.6,31,109,38.8
6013,male,41,172.0,91.7,59,135,39.0
6014,male,64,175.9,87.2,39,79,38.0
6015,female,35,161.6,62.0,95,116,40.6
6016,female,37,169.4,83.5,44,156,39.1
6017,female,45,154.1,71.3,93,132,39.9
6018,female,30,162.4,64.6,16,176,37.8
6019,female,22,161.6,79.8,76,140,37.6
6020,male,47,183.6,84.8,33,123,39.5
6021,male,18,176.4,87.8,9,81,37.8
6022,female,39,155.6,75.4,64,81,39.3
6023,female,35,175.2,58.2,106,70,41.5
6024,male,63,178.4,59.9,23,115,39.0
6025,male,22,179.2,64.9,39,108,37.1
6026,male,48,171.8,73.5,50,112,39.9
6027,male,23,191.7,74.6,50,67,38.2
6028,female,44,172.9,60.4,49,76,41.2
6029,male,42,181.3,65.5,43,118,38.1
6030,female,46,173.0,57.2,45,116,41.2
6031,male,45,179.3,81.5,115,98,37.1
6032,male,33,176.4,81.5,115,129,41.4
6033,male,29,179.4,87.5,93,179,38.2
6034,female,37,159.9,67.5,22,69,40.5
6035,female,35,167.2,80.9,63,134,39.1
6036,male,51,177.4,81.4,91,79,38.7
6037,female,40,169.1,38.3,108,126,41.3
6038,female,62,151.9,74.0,34,116,41.2
6039,male,44,180.7,71.9,69,85,39.7
6040,male,66,170.5,89.2,94,128,41.2
6041,female,34,161.3,64.4,88,176,40.5
6042,female,65,163.6,92.9,109,98,38.6
6043,female,38,165.1,69.4,45,118,41.0
6044,male,67,183.2,76.7,89,137,38.6
6045,male,57,176.2,68.6,59,72,41.3
6046,female,48,154.7,50.1,63,164,39.3
6047,male,20,169.7,68.6,49,69,40.3
6048,male,34,182.0,67.1,88,154,39.9
6049,female,67,163.8,58.1,71,137,40.3
6050,female,43,161.6,73.2,21,85,37.8
6051,male,40,181.9,71.4,95,171,41.0
6052,male,23,180.5,68.2,86,151,40.7
6053,female,45,161.3,63.4,107,151,39.8
6054,male,25,179.7,71.4,78,184,38.0
6055,male,62,177.5,93.8,24,156,39.6
6056,female,25,160.1,74.0,27,135,39.0
6057,female,36,165.3,67.5,68,162,37.1
6058,male,55,180.6,79.5,12,157,41.2
6059,male,46,167.2,73.1,107,152,40.5
6060,male,40,192.1,91.1,105,119,41.0
6061,female,64,159.4,68.5,69,91,39.7
6062,male,49,165.2,82.3,64,119,38.5
6063,male,27,170.9,65.5,11,85,39.0
6064,female,44,173.1,68.0,8,98,40.7
6065,female,66,169.5,67.4,32,140,37.9
6066,male,18,167.9,90.0,23,81,37.7
6067,female,56,159.9,53.0,10,70,37.5
6068,female,46,153.7,57.8,119,65,37.4
6069,male,62,179.0,48.8,30,183,39.2
6070,female,20,162.3,66.9,44,73,40.3
6071,female,68,155.1,67.5,105,106,41.0
6072,male,64,173.4,87.5,23,150,39.6
6073,female,54,150.9,83.1,85,102,39.2
6074,male,48,170.3,90.0,97,65,38.7
6075,male,28,170.7,73.9,117,92,38.4
6076,female,39,165.2,64.6,25,144,37.2
6077,female,35,160.2,67.6,9,138,40.3
6078,female,52,167.1,65.6,21,157,37.3
6079,male,23,171.3,89.9,42,174,40.4
6080,female,20,161.4,74.6,66,142,40.2
6081,male,22,164.3,87.9,109,184,41.4
6082,female,26,162.2,53.7,44,110,37.1
6083,female,45,158.7,62.6,11,77,38.1
6084,female,36,169.9,51.6,31,130,37.4
6085,male,45,178.1,72.9,35,84,41.2
6086,female,44,162.4,58.2,102,183,39.3
6087,female,30,153.1,64.0,66,130,41.3
6088,male,55,168.1,79.6,30,82,37.7
6089,male,60,168.7,72.2,74,133,38.5
6090,female,38,159.7,68.8,35,90,39.9
6091,female,44,157.1,57.0,16,132,38.2
6092,female,63,162.1,69.9,19,167,41.1
6093,male,23,182.3,83.1,62,159,39.0
6094,male,55,172.5,69.2,5,68,39.8
6095,male,66,172.4,91.3,66,109,38.6
6096,male,28,177.8,87.2,63,121,37.9
6097,female,64,152.2,67.0,94,75,40.6
6098,male,58,182.1,77.8,41,130,40.6
6099,male,34,181.6,87.2,10,73,40.7
6100,male,56,179.7,103.0,28,141,38.5
6101,female,24,166.4,65.7,51,184,40.8
6102,female,47,173.7,77.9,68,126,38.4
6103,male,38,174.1,98.5,40,106,38.6
6104,male,18,176.3,88.0,112,181,38.3
6105,female,42,166.2,67.5,87,80,38.9
6106,female,49,159.8,61.8,60,146,37.1
6107,female,25,164.3,75.7,86,101,38.1
6108,female,22,157.2,55.9,106,93,38.1
6109,female,47,177.5,82.8,84,96,40.8
6110,female,68,162.3,72.1,21,146,40.1
6111,female,25,163.2,76.8,15,155,38.2
6112,female,66,165.7,69.7,8,142,38.6
6113,male,36,177.4,82.8,84,73,41.3
6114,male,61,173.3,88.5,13,162,39.7
6115,male,47,181.8,67.1,91,75,40.1
6116,male,32,178.1,83.6,78,87,41.4
6117,male,53,176.9,62.5,94,89,40.0
6118,male,61,183.3,92.7,113,146,38.8
6119,female,44,173.9,71.4,104,168,38.7
6120,female,30,161.4,77.7,114,71,37.5
6121,male,31,166.6,90.4,43,97,37.5
6122,male,54,168.8,89.3,71,119,38.7
6123,female,65,166.9,63.3,88,157,38.9
6124,female,47,160.0,68.2,85,70,40.0
6125,female,56,153.5,73.5,114,68,39.1
6126,male,64,174.8,97.4,51,145,40.3
6127,female,30,159.6,74.4,32,154,37.5
6128,male,33,184.0,79.3,5,172,38.4
6129,male,61,176.1,78.8,40,81,41.1
6130,female,24,164.1,67.3,93,169,37.2
6131,female,65,169.3,52.4,101,92,40.0
6132,male,44,174.0,82.6,54,165,39.5
6133,female,62,150.9,63.2,89,66,37.3
6134,female,52,167.3,59.0,98,138,37.6
6135,male,32,191.0,107.5,81,159,38.3
6136,female,45,172.8,78.0,43,101,37.5
6137,male,52,179.1,83.4,54,147,38.7
6138,male,24,169.9,77.5,27,73,40.0
6139,female,67,167.0,70.2,57,171,40.3
6140,male,63,171.2,73.6,10,182,38.7
6141,male,67,177.3,82.5,87,180,41.0
6142,female,68,162.8,74.3,14,122,40.9
6143,female,63,157.1,45.1,20,180,37.6
6144,female,37,157.7,73.3,81,177,40.0
6145,male,49,188.5,75.6,26,154,38.2
6146,male,55,167.0,107.9,70,175,39.7
6147,female,57,154.8,74.8,46,164,38.7
6148,male,49,182.6,98.0,94,162,39.6
6149,female,43,162.8,82.1,9,146,39.8
6150,female,56,153.8,73.2,98,146,37.7
6151,male,37,172.4,84.4,41,75,39.3
6152,female,35,157.3,73.3,90,110,37.7
6153,male,67,174.4,101.0,55,124,37.8
6154,male,32,185.1,83.6,86,77,40.4
6155,female,69,160.9,72.7,97,98,41.1
6156,male,39,176.9,91.1,23,145,39.0
6157,female,68,177.2,73.1,8,158,40.4
6158,male,39,166.5,84.7,76,83,39.6
6159,male,38,172.4,88.2,31,128,40.9
6160,male,19,178.2,78.7,59,91,41.2
6161,female,57,171.3,68.1,97,176,40.8
6162,male,60,173.0,74.5,112,94,41.2
6163,female,35,164.0,65.0,101,175,38.1
6164,male,40,158.3,67.4,11,83,38.3
6165,male,30,181.5,75.4,65,123,39.6
6166,female,58,175.1,82.1,103,91,40.6
6167,female,26,164.5,69.6,72,139,37.4
6168,female,66,160.4,64.1,30,98,38.4
6169,female,24,161.4,70.6,63,101,38.5
6170,female,58,161.9,59.4,81,80,40.9
6171,male,18,181.8,77.0,79,164,40.4
6172,male,19,173.1,70.1,43,147,39.9
6173,female,21,173.1,60.9,38,124,37.8
6174,male,31,166.9,63.7,29,117,39.4
6175,male,49,173.7,81.0,89,131,37.0
6176,male,53,174.4,72.4,40,104,37.9
6177,female,19,168.3,81.5,109,66,40.6
6178,male,57,176.7,86.3,109,174,39.9
6179,male,67,189.0,80.0,70,171,39.5
6180,male,68,164.2,66.7,93,101,40.8
6181,female,31,160.2,67.2,100,76,39.0
6182,male,37,176.4,85.9,69,82,38.3
6183,male,42,180.0,101.6,101,137,40.8
6184,female,59,155.7,80.1,10,95,38.4
6185,female,66,165.1,70.5,17,113,40.9
6186,male,25,175.1,82.3,21,181,40.0
6187,male,45,166.3,81.2,84,112,39.8
6188,female,63,157.7,53.4,42,125,37.4
6189,female,38,164.7,60.5,90,94,39.1
6190,female,40,165.3,68.7,47,180,38.7
6191,female,49,159.6,43.9,45,115,41.2
6192,female,25,161.3,63.6,75,145,37.1
6193,female,48,158.2,73.0,6,141,39.7
6194,female,54,162.9,54.6,5,124,38.9
6195,male,33,183.0,76.9,23,79,40.6
6196,female,57,161.4,55.1,20,135,40.8
6197,female,59,168.2,37.9,38,106,39.1
6198,male,44,175.2,101.5,97,144,37.7
6199,female,57,159.6,54.4,76,118,37.9
6200,female,58,166.6,72.8,94,129,40.3
6201,male,35,193.0,83.0,15,80,40.7
6202,female,52,176.0,54.6,78,164,38.6
6203,male,66,183.8,80.7,72,106,38.6
6204,male,69,189.4,80.9,55,129,37.8
6205,male,32,168.4,94.1,102,179,40.0
6206,male,44,160.1,63.1,53,108,37.5
6207,female,34,155.2,55.5,27,65,40.2
6208,male,57,173.0,98.5,6,114,39.7
6209,male,19,164.0,97.2,101,177,40.6
6210,female,66,163.9,51.4,36,125,39.7
6211,male,67,180.8,70.9,58,165,37.9
6212,male,48,173.8,89.3,24,150,39.6
6213,male,54,168.7,95.9,81,156,41.1
6214,male,58,173.2,73.8,71,178,40.6
6215,female,58,171.4,73.3,97,99,37.8
6216,male,51,159.6,77.5,22,82,37.4
6217,female,51,172.0,72.1,74,119,41.3
6218,female,68,161.1,84.0,18,112,40.4
6219,male,20,180.3,81.5,72,108,40.7
6220,male,34,162.5,69.0,94,75,41.1
6221,male,31,183.1,67.0,80,81,39.1
6222,male,31,171.7,69.3,65,103,40.9
6223,female,63,150.2,70.1,42,101,37.6
6224,female,55,156.2,67.2,62,159,38.5
6225,female,52,159.8,66.6,96,105,38.5
6226,male,18,177.2,96.5,45,119,37.2
6227,female,65,155.3,64.4,10,160,37.8
6228,male,46,170.5,77.7,106,126,40.3
6229,male,21,178.2,91.1,112,176,39.1
6230,male,50,165.9,62.7,8,97,39.7
6231,male,34,164.9,62.7,76,114,39.8
6232,male,45,177.0,72.4,48,102,37.9
6233,female,67,160.7,64.4,99,80,41.2
6234,female,43,151.5,59.8,100,98,37.6
6235,male,25,177.6,79.9,8,142,37.0
6236,female,51,154.3,70.9,32,100,38.2
6237,male,35,179.9,86.7,11,79,39.3
6238,male,48,175.8,97.2,13,145,37.8
6239,male,44,158.9,115.8,71,120,40.5
6240,female,33,169.8,54.9,57,121,37.9
6241,male,27,190.4,98.3,101,137,41.3
6242,male,57,175.0,92.0,24,142,40.2
6243,female,29,148.4,70.3,23,173,40.8
6244,female,39,169.7,60.4,20,152,39.5
6245,female,33,157.3,52.6,7,75,39.5
6246,male,29,171.4,75.9,10,157,41.4
6247,male,28,194.7,84.3,106,153,37.5
6248,female,37,158.7,63.3,97,132,39.6
6249,male,68,170.7,73.2,118,160,37.3
6250,female,18,163.5,71.7,58,96,41.5
6251,female,44,162.8,69.2,102,131,39.8
6252,male,20,173.7,55.7,82,70,37.4
6253,male,29,181.0,76.6,30,83,38.3
6254,female,47,179.3,65.1,38,81,41.0
6255,female,26,164.6,69.1,13,112,37.4
6256,female,54,166.1,78.7,59,128,38.2
6257,female,18,160.6,53.1,37,69,39.3
6258,male,59,167.1,81.1,64,138,41.4
6259,female,66,164.1,66.4,23,155,37.9
6260,female,21,165.0,74.4,77,100,40.6
6261,female,32,172.1,82.8,43,160,38.5
6262,male,68,178.3,95.1,10,121,37.0
6263,male,44,180.1,68.1,27,149,40.5
6264,female,25,150.6,59.0,61,176,39.2
6265,male,40,170.3,69.6,113,160,39.2
6266,male,32,172.4,77.8,13,107,40.0
6267,male,44,168.3,84.4,94,162,39.9
6268,female,48,162.7,62.7,14,177,40.0
6269,female,56,148.0,57.6,74,143,38.5
6270,male,64,185.8,75.3,18,137,39.6
6271,female,25,149.9,67.5,21,66,40.9
6272,female,47,152.0,72.9,72,167,41.0
6273,male,59,178.6,84.3,115,109,38.8
6274,male,35,180.0,83.5,82,134,38.0
6275,female,21,151.6,61.5,28,155,37.3
6276,male,64,189.6,63.5,17,149,40.9
6277,female,60,171.0,73.7,63,98,37.7
6278,female,39,162.2,59.9,105,168,38.4
6279,male,20,184.6,59.3,69,86,40.7
6280,female,32,154.3,69.1,42,72,40.5
6281,female,52,162.6,55.2,101,84,39.0
6282,male,64,173.9,103.4,21,122,40.1
6283,male,55,161.8,73.7,18,102,38.1
6284,male,50,178.3,76.3,85,73,41.2
6285,female,31,149.8,62.5,50,83,41.3
6286,male,65,174.7,73.1,20,96,41.2
6287,male,18,184.6,85.3,75,139,39.8
6288,male,66,171.3,67.8,110,126,37.3
6289,male,43,173.0,77.1,51,182,39.8
6290,female,25,166.0,71.2,80,156,38.9
6291,female,67,160.8,63.2,27,177,38.8
6292,male,33,172.9,73.0,108,100,37.1
6293,female,55,172.3,63.3,116,85,40.9
6294,male,27,170.3,98.5,10,130,40.9
6295,male,59,181.8,73.4,111,135,38.5
6296,female,54,151.8,70.2,42,180,41.4
6297,female,43,169.4,52.5,34,153,37.6
6298,male,45,175.3,80.8,26,106,40.8
6299,male,29,166.4,77.0,5,164,39.8
6300,female,37,166.1,43.4,118,121,39.2
6301,male,66,198.4,71.1,71,149,41.3
6302,female,31,167.9,67.7,108,166,39.6
6303,male,63,175.4,68.9,44,169,40.8
6304,male,52,176.3,89.3,5,141,38.0
6305,female,46,161.5,63.9,105,154,37.1
6306,female,29,174.7,76.6,104,151,38.0
6307,female,69,155.2,61.6,101,77,41.4
6308,female,35,165.3,65.4,52,100,39.5
6309,female,61,171.1,65.9,106,157,40.8
6310,female,19,156.1,71.0,113,73,40.1
6311,female,19,153.1,55.8,43,148,37.7
6312,male,34,175.8,91.4,48,149,37.5
6313,male,27,161.6,73.5,53,105,39.2
6314,male,35,181.0,83.5,65,136,41.2
6315,female,39,162.1,49.9,117,90,37.6
6316,female,36,172.6,57.4,116,102,39.3
6317,female,18,162.6,44.7,79,155,40.4
6318,male,41,183.2,79.6,58,118,37.4
6319,female,53,163.9,52.7,114,151,38.8
6320,female,42,162.5,72.6,100,159,39.4
6321,male,53,169.4,83.8,23,78,37.5
6322,female,48,174.3,55.9,25,81,40.0
6323,male,48,169.9,71.7,79,180,40.3
6324,male,19,162.1,84.1,90,126,39.9
6325,female,36,166.2,56.9,23,136,37.3
6326,female,29,157.6,49.4,32,126,37.0
6327,female,27,179.0,71.7,100,127,40.6
6328,male,48,167.4,96.7,94,74,39.2
6329,male,62,165.4,96.0,23,79,39.5
6330,male,39,175.4,89.8,19,122,41.1
6331,female,40,157.9,82.4,9,159,39.5
6332,female,69,157.6,65.3,16,87,38.1
6333,female,40,159.1,73.5,113,98,39.0
6334,female,32,164.2,70.1,27,87,39.2
6335,male,43,178.4,94.5,53,149,40.1
6336,male,20,190.8,83.1,85,138,38.6
6337,male,40,185.2,72.1,15,86,40.8
6338,male,37,188.6,57.9,99,106,39.4
6339,female,62,160.1,55.7,45,93,39.5
6340,female,57,175.0,70.3,62,113,40.4
6341,female,56,164.5,73.0,116,81,37.4
6342,male,25,161.7,73.6,76,92,41.0
6343,male,35,187.0,78.3,44,104,37.9
6344,female,58,168.3,47.6,26,87,38.5
6345,female,23,174.3,49.1,100,108,37.4
6346,male,44,171.7,102.1,14,65,39.1
6347,female,53,170.6,83.0,43,106,38.5
6348,male,32,169.5,79.5,106,130,38.0
6349,male,54,173.2,84.3,55,81,37.8
6350,male,22,188.8,78.6,49,162,37.6
6351,female,56,154.9,74.3,74,77,37.3
6352,female,26,179.5,45.0,103,71,38.0
6353,male,24,181.8,102.6,79,90,37.0
6354,female,58,173.6,57.5,22,122,37.4
6355,male,37,181.0,66.4,101,156,41.4
6356,male,27,175.1,74.6,45,135,38.8
6357,male,43,185.3,72.2,81,137,41.1
6358,male,21,179.5,85.1,107,175,38.8
6359,female,55,163.0,68.4,73,153,40.5
6360,male,41,177.4,81.4,57,126,40.1
6361,male,31,181.3,63.0,68,105,37.7
6362,female,58,167.4,70.1,104,167,39.1
6363,male,18,176.0,80.2,50,108,37.5
6364,male,34,170.1,94.8,29,72,38.8
6365,female,62,158.1,56.1,72,127,38.3
6366,female,41,162.1,81.0,51,71,39.8
6367,female,44,163.8,53.3,33,134,40.4
6368,male,24,180.4,66.1,28,74,41.1
6369,female,26,154.9,57.8,110,91,37.2
6370,female,60,157.9,70.9,89,148,40.3
6371,male,52,168.9,99.3,62,67,37.6
6372,male,29,172.7,100.1,109,181,40.9
6373,male,38,160.1,98.3,79,94,39.9
6374,male,20,178.2,86.6,31,158,41.1
6375,male,32,164.8,84.6,116,160,37.6
6376,female,38,170.7,56.3,52,159,39.2
6377,female,27,162.9,52.9,105,85,39.2
6378,female,50,168.8,52.9,45,148,40.3
6379,male,63,175.0,64.6,78,140,41.4
6380,male,69,177.0,75.0,15,99,37.1
6381,male,23,175.3,102.6,47,116,39.9
6382,female,19,173.9,49.9,77,82,37.2
6383,female,46,169.6,67.3,110,151,38.9
6384,male,57,178.7,83.5,7,124,40.8
6385,female,50,166.6,69.5,53,92,39.5
6386,male,21,178.4,95.0,53,142,40.8
6387,female,21,161.8,78.2,48,176,39.9
6388,female,46,160.2,70.7,10,136,41.1
6389,female,54,170.9,73.8,52,144,40.6
6390,male,37,176.4,83.9,93,122,40.3
6391,female,58,173.4,53.1,75,177,40.3
6392,female,40,161.1,70.9,31,129,39.5
6393,male,62,177.6,80.3,54,69,40.8
6394,female,35,159.2,61.6,90,124,39.1
6395,male,66,197.3,91.6,87,119,37.3
6396,male,42,182.9,90.7,98,133,40.4
6397,male,18,165.6,73.7,90,151,40.3
6398,male,32,168.9,88.6,27,124,37.6
6399,male,51,193.2,94.4,80,82,38.1
6400,female,65,162.5,75.8,70,99,38.1
6401,male,37,175.4,81.6,33,132,39.7
6402,male,54,167.3,98.8,97,181,39.5
6403,male,44,187.5,84.8,18,157,37.5
6404,male,39,179.0,78.9,77,144,39.0
6405,female,68,166.8,63.4,113,84,37.1
6406,male,22,167.0,74.4,110,151,37.7
6407,female,51,158.5,84.0,94,133,37.3
6408,male,56,175.4,70.6,33,176,39.2
6409,female,20,164.5,68.7,9,128,37.3
6410,male,34,179.4,86.2,90,165,41.3
6411,male,41,172.9,80.8,63,178,39.8
6412,female,41,158.1,59.4,97,93,40.5
6413,male,20,173.7,82.0,81,128,38.9
6414,female,62,159.1,54.1,22,65,41.3
6415,male,24,174.0,90.0,75,129,40.5
6416,female,42,152.9,75.1,81,159,38.4
6417,male,20,167.8,85.9,65,107,37.5
6418,male,32,180.0,70.5,113,136,39.1
6419,female,46,155.4,67.7,116,161,39.5
6420,male,67,168.3,69.6,52,105,39.4
6421,male,46,172.2,79.7,104,178,41.2
6422,male,27,176.9,72.2,89,160,40.1
6423,male,49,175.7,72.6,96,168,39.1
6424,male,40,178.4,78.2,48,82,40.2
6425,male,56,182.2,79.1,42,72,38.6
6426,female,26,162.0,84.3,7,89,40.6
6427,female,54,158.1,55.8,32,104,41.0
6428,female,69,156.5,71.6,58,141,41.3
6429,male,57,172.8,81.7,49,176,37.2
6430,female,31,158.5,60.3,90,112,38.3
6431,male,21,188.6,85.2,47,86,37.7
6432,male,37,190.9,85.2,111,135,40.0
6433,male,45,180.2,76.4,37,160,38.1
6434,male,31,181.9,103.5,118,128,39.1
6435,female,61,160.6,72.2,17,127,40.5
6436,male,51,177.9,75.2,45,94,40.8
6437,female,30,159.1,72.3,61,132,39.7
6438,male,48,174.4,62.5,113,100,39.0
6439,female,50,171.8,54.4,105,123,37.3
6440,female,69,168.6,56.8,9,83,40.3
6441,female,56,163.4,57.5,104,90,40.2
6442,female,45,171.8,64.5,108,121,38.1
6443,female,42,149.8,53.2,12,142,40.3
6444,female,49,164.7,75.7,70,117,38.0
6445,male,26,172.9,87.0,48,79,40.0
6446,female,45,165.3,56.4,47,72,37.7
6447,male,48,174.8,79.8,109,99,41.1
6448,female,34,155.9,56.1,85,140,38.8
6449,male,40,175.3,84.8,8,68,39.7
6450,female,30,170.8,56.7,23,179,37.9
6451,female,27,176.4,86.4,38,140,40.8
6452,male,33,159.3,71.3,66,96,41.4
6453,female,23,153.8,52.3,85,105,38.4
6454,female,65,168.7,62.6,93,161,37.9
6455,female,28,181.3,65.9,9,74,39.4
6456,male,69,177.8,67.6,85,153,41.3
6457,female,20,157.8,74.2,15,107,40.4
6458,male,45,163.5,107.5,62,107,41.4
6459,female,58,167.8,55.8,20,168,40.9
6460,female,32,157.5,75.6,84,128,40.1
6461,male,30,180.1,86.2,74,81,37.8
6462,female,59,156.9,78.9,106,75,41.0
6463,female,69,158.7,65.5,107,122,39.7
6464,male,62,175.3,89.1,86,106,39.0
6465,female,34,162.8,37.8,114,180,39.3
6466,male,24,174.0,99.1,7,170,41.3
6467,male,45,169.9,81.4,22,109,37.0
6468,male,55,167.3,89.6,114,113,40.4
6469,female,30,146.7,57.6,11,95,40.4
6470,male,34,173.6,85.9,79,143,37.4
6471,male,32,187.2,70.3,51,78,41.3
6472,female,53,157.7,58.9,19,75,39.2
6473,male,45,176.8,100.4,105,139,40.2
6474,female,32,144.5,62.9,66,178,38.9
6475,female,63,157.4,66.2,82,80,38.4
6476,female,28,172.0,72.5,27,106,39.6
6477,female,48,168.8,61.7,40,66,41.0
6478,male,21,167.2,65.0,21,155,39.9
6479,male,52,169.0,69.4,26,149,39.9
6480,male,51,168.2,57.8,28,115,38.4
6481,male,69,163.1,91.5,31,104,38.1
6482,male,44,167.5,96.5,21,160,39.8
6483,female,27,156.2,55.7,27,82,37.7
6484,male,47,169.3,79.6,75,173,39.0
6485,male,62,144.1,83.3,5,122,38.1
6486,male,37,183.6,92.8,54,149,40.2
6487,female,46,166.3,51.8,67,182,39.4
6488,female,46,150.6,67.4,54,142,37.5
6489,male,40,175.2,73.2,95,74,39.5
6490,female,67,167.1,73.6,102,133,39.7
6491,male,38,183.0,71.4,41,65,38.3
6492,male,65,171.0,85.7,113,125,38.5
6493,female,60,154.4,81.5,19,79,40.9
6494,female,27,157.3,80.5,114,87,37.5
6495,male,58,163.2,84.9,60,118,41.4
6496,male,29,176.5,81.6,86,154,38.0
6497,female,47,164.5,50.2,60,132,38.1
6498,male,68,172.3,88.8,72,90,38.8
6499,female,50,151.4,71.7,33,151,41.3
6500,male,35,176.5,54.9,91,156,41.0
6501,female,31,175.8,51.7,47,175,40.4
6502,male,39,176.1,74.9,90,107,40.6
6503,male,38,178.3,73.7,24,125,39.3
6504,female,18,161.9,58.9,90,141,41.1
6505,male,66,169.7,68.0,16,80,37.6
6506,male,60,175.0,82.5,113,74,39.4
6507,female,69,152.4,63.6,103,119,40.7
6508,male,32,168.8,81.8,94,107,39.6
6509,male,53,172.3,91.4,18,110,40.7
6510,male,64,174.0,87.0,65,138,37.8
6511,female,39,151.7,67.5,112,121,37.2
6512,female,49,174.2,68.5,88,129,39.5
6513,female,63,161.1,55.4,104,150,40.1
6514,male,50,176.6,64.8,80,124,39.5
6515,male,58,175.9,47.2,65,166,38.6
6516,male,56,170.1,102.0,13,92,40.3
6517,male,40,175.6,83.6,101,70,41.2
6518,female,60,172.2,61.6,92,174,39.6
6519,male,19,176.5,69.8,77,156,37.8
6520,male,19,176.8,87.6,28,88,39.3
6521,male,55,169.4,85.7,98,109,40.4
6522,female,68,182.3,65.1,73,169,37.9
6523,male,46,169.8,77.7,12,180,39.0
6524,male,69,161.7,64.6,83,157,40.0
6525,male,63,181.9,79.6,49,134,37.4
6526,male,20,174.1,92.8,57,65,37.9
6527,male,56,172.6,73.5,24,93,40.2
6528,female,24,163.9,79.8,62,69,38.4
6529,male,53,190.0,75.1,83,178,37.4
6530,male,46,177.8,89.6,90,76,40.4
6531,male,54,179.4,68.2,100,118,37.9
6532,male,66,176.3,80.2,74,72,37.5
6533,male,53,177.2,85.5,106,171,39.8
6534,male,40,186.2,71.9,115,135,41.1
6535,male,62,173.0,84.4,37,134,39.1
6536,male,33,163.3,79.6,65,72,38.0
6537,male,65,181.9,79.5,15,128,39.6
6538,male,48,179.0,71.9,96,163,39.9
6539,female,51,169.1,69.6,7,90,41.2
6540,female,67,159.9,68.2,114,65,41.4
6541,female,18,163.4,59.2,53,91,38.5
6542,female,35,161.4,71.1,61,156,40.3
6543,male,57,173.9,79.2,71,176,40.9
6544,female,60,155.7,75.5,33,95,39.9
6545,female,32,158.7,66.0,15,183,40.8
6546,male,65,163.7,43.1,105,170,39.3
6547,female,66,165.2,64.4,113,117,39.7
6548,female,34,163.4,59.4,59,178,37.5
6549,male,61,160.8,80.8,111,180,38.7
6550,male,27,173.2,79.9,100,112,37.1
6551,male,37,173.7,75.8,54,74,40.4
6552,female,23,159.8,59.5,19,92,38.8
6553,female,25,171.3,52.3,8,76,41.0
6554,male,62,175.3,62.6,36,79,37.5
6555,male,51,174.0,91.5,56,130,37.1
6556,female,49,165.4,73.8,111,146,38.7
6557,male,68,168.0,68.7,66,181,41.4
6558,female,59,177.2,65.6,102,126,41.4
6559,male,21,161.4,78.4,78,108,40.1
6560,male,61,178.8,63.4,98,107,38.1
6561,female,67,164.6,75.0,45,87,39.2
6562,male,56,173.3,91.6,86,74,41.4
6563,male,37,175.4,81.4,21,70,40.6
6564,male,41,184.3,91.3,9,81,40.0
6565,female,41,166.4,67.2,76,113,41.2
6566,male,43,170.2,57.5,108,122,40.1
6567,male,42,171.0,80.6,114,113,38.3
6568,male,53,184.3,63.9,73,131,39.5
6569,male,24,185.3,98.7,85,129,38.2
6570,male,27,163.8,83.0,107,74,39.6
6571,male,64,183.0,71.6,43,132,41.3
6572,female,29,176.0,63.4,110,165,39.3
6573,female,18,159.4,55.7,95,125,39.3
6574,male,69,178.1,85.4,36,77,38.3
6575,female,67,161.6,59.6,11,156,38.0
6576,female,42,155.2,81.6,90,159,37.5
6577,male,33,180.6,91.5,80,145,40.0
6578,female,22,168.4,90.7,54,181,39.5
6579,female,36,155.5,51.8,92,99,39.3
6580,female,21,160.4,62.0,53,81,41.2
6581,female,23,159.7,62.0,47,68,39.9
6582,female,43,152.4,57.2,21,142,38.6
6583,female,66,162.7,61.5,75,165,38.2
6584,female,56,155.0,60.2,116,161,39.1
6585,female,56,164.1,55.2,85,76,38.5
6586,male,26,175.0,82.3,24,130,38.5
6587,male,62,183.2,84.2,95,134,40.1
6588,female,69,166.1,74.3,49,109,38.3
6589,female,31,173.7,74.9,78,162,37.1
6590,male,65,175.7,76.0,74,178,38.6
6591,female,26,157.7,55.2,52,104,41.2
6592,female,32,167.6,77.7,36,157,40.0
6593,male,54,176.2,88.3,12,139,39.3
6594,male,67,168.8,79.0,48,184,39.0
6595,male,37,171.5,81.3,66,74,40.8
6596,female,25,176.4,53.5,112,164,37.6
6597,female,49,162.4,77.6,87,147,38.4
6598,male,64,163.2,63.4,87,66,39.6
6599,male,38,156.1,78.5,26,120,40.0
6600,female,58,162.5,72.4,39,130,38.4
6601,male,36,182.1,78.7,32,77,40.6
6602,female,46,167.6,69.8,37,95,38.4
6603,female,48,159.3,55.3,10,104,37.1
6604,male,23,175.5,82.0,16,129,39.3
6605,male,21,173.7,57.7,101,142,41.5
6606,female,60,146.3,62.7,54,80,38.5
6607,male,46,170.7,74.6,102,141,38.4
6608,male,59,172.7,52.1,65,181,39.2
6609,male,20,180.4,74.5,54,111,37.8
6610,male,18,174.7,84.6,80,175,39.7
6611,female,61,163.0,77.0,41,153,38.9
6612,female,32,174.0,80.2,104,166,38.8
6613,female,64,167.7,59.7,71,71,40.2
6614,female,38,169.9,49.1,104,158,37.8
6615,male,63,182.0,76.8,107,81,41.5
6616,male,48,172.4,64.1,65,171,39.5
6617,female,24,164.2,57.6,96,152,37.8
6618,female,34,165.9,75.8,119,166,37.4
6619,male,36,183.3,82.1,15,81,40.4
6620,female,56,162.1,59.4,84,145,38.0
6621,female,20,142.7,63.3,58,182,40.3
6622,male,47,194.1,75.3,71,153,40.2
6623,female,52,159.9,49.2,90,125,41.5
6624,male,46,175.5,90.5,62,170,37.4
6625,male,67,167.4,94.4,53,137,39.5
6626,female,69,161.1,55.1,83,67,40.1
6627,male,31,176.7,79.7,103,109,37.9
6628,female,52,158.9,63.2,88,123,40.5
6629,male,45,188.8,89.1,47,122,39.3
6630,female,47,149.1,64.3,72,174,38.7
6631,female,43,171.0,54.6,97,96,38.6
6632,female,24,162.9,58.6,88,131,38.6
6633,male,56,181.6,86.2,33,65,40.5
6634,male,48,179.4,70.7,18,168,41.3
6635,female,22,145.9,73.6,5,72,40.0
6636,male,52,181.1,77.9,22,94,38.0
6637,female,67,166.5,55.4,85,163,37.5
6638,female,64,159.1,69.8,19,155,37.4
6639,male,69,174.1,93.7,93,119,39.5
6640,female,31,169.9,52.7,17,120,41.0
6641,male,53,182.1,91.0,101,141,38.8
6642,female,44,163.7,80.2,28,70,37.7
6643,male,41,189.1,82.5,38,96,39.0
6644,female,57,158.7,65.8,15,131,40.6
6645,female,46,162.6,85.1,105,132,40.5
6646,male,62,184.7,60.2,66,92,38.8
6647,female,39,157.5,67.0,51,173,39.2
6648,female,25,166.6,82.0,29,172,39.8
6649,male,32,179.3,74.1,109,151,39.3
6650,female,66,157.8,50.6,36,77,38.1
6651,male,22,184.4,75.6,69,151,40.5
6652,female,69,165.7,70.9,33,131,39.0
6653,male,21,182.6,61.5,45,102,38.5
6654,female,28,162.0,53.3,79,181,38.3
6655,female,35,165.9,74.1,26,88,41.0
6656,female,59,169.8,61.0,80,76,38.3
6657,male,66,168.3,94.6,5,73,40.2
6658,male,47,188.9,80.0,20,65,38.4
6659,male,32,174.9,76.3,20,84,38.1
6660,male,23,174.7,98.8,107,120,38.9
6661,female,33,155.6,53.7,7,145,41.2
6662,female,64,166.5,59.1,105,96,40.7
6663,male,57,148.3,78.4,104,133,38.2
6664,male,26,169.8,92.9,98,148,38.6
6665,male,60,163.7,68.4,7,154,39.7
6666,female,51,164.1,60.0,103,171,38.9
6667,male,44,172.7,74.7,56,178,40.9
6668,male,30,175.1,69.5,35,184,39.5
6669,female,53,163.9,64.9,39,167,40.9
6670,female,44,162.9,70.4,54,117,38.2
6671,male,26,183.9,58.7,80,92,40.1
6672,female,22,170.7,63.4,117,71,38.9
6673,male,68,180.8,66.7,98,72,37.5
6674,female,39,161.8,67.5,93,87,38.7
6675,male,48,185.1,100.6,27,71,38.5
6676,male,20,180.8,86.5,85,171,38.4
6677,male,47,174.1,70.9,108,88,39.8
6678,male,38,158.8,90.7,69,112,38.8
6679,female,52,153.0,66.6,85,151,37.5
6680,female,23,167.6,71.7,109,146,37.9
6681,female,45,159.6,56.9,111,152,39.3
6682,female,49,165.9,65.1,113,141,39.3
6683,male,59,187.3,79.1,63,126,37.2
6684,male,54,174.0,51.1,39,72,37.8
6685,female,42,154.5,81.9,67,109,40.0
6686,female,49,168.1,66.0,22,151,38.6
6687,female,52,154.8,57.5,14,105,38.5
6688,female,39,175.7,67.6,51,168,37.2
6689,female,41,162.5,52.3,37,175,38.7
6690,male,56,167.0,80.3,10,83,37.3
6691,male,47,175.0,85.9,25,83,38.3
6692,male,67,180.5,60.5,51,74,37.5
6693,female,49,171.5,67.2,34,99,40.8
6694,female,48,153.0,69.3,94,74,37.9
6695,female,40,158.1,65.1,75,172,37.6
6696,female,57,166.5,74.0,25,136,40.8
6697,male,50,172.5,78.3,106,108,39.8
6698,male,42,165.5,63.3,115,76,41.3
6699,female,53,164.2,63.9,118,122,39.8
6700,male,41,172.3,50.0,49,88,40.0
6701,male,48,180.8,63.9,101,71,38.6
6702,female,56,154.2,70.1,54,150,40.4
6703,female,63,168.4,43.7,7,174,39.6
6704,female,30,163.9,65.3,80,130,37.7
6705,female,27,159.8,68.1,37,164,37.7
6706,female,40,155.3,71.0,92,84,39.9
6707,female,35,165.3,76.1,75,176,38.2
6708,male,49,174.0,89.3,62,79,39.4
6709,male,50,183.3,93.8,76,83,37.9
6710,female,53,171.7,71.1,51,75,38.9
6711,male,45,176.0,80.9,41,66,40.9
6712,female,33,165.0,51.1,58,105,40.1
6713,female,33,160.2,75.9,39,134,39.2
6714,female,35,160.9,66.0,67,112,39.2
6715,female,25,160.4,62.5,11,105,38.7
6716,male,59,162.4,81.1,8,179,39.9
6717,female,33,166.1,40.6,38,184,37.8
6718,male,28,177.0,97.0,43,85,38.5
6719,female,23,163.1,68.1,90,129,40.1
6720,female,18,153.2,53.9,37,170,40.2
6721,female,29,160.1,52.4,79,79,41.0
6722,male,55,160.3,83.2,13,117,38.4
6723,female,45,152.1,73.1,110,114,40.8
6724,female,62,168.2,71.3,119,83,40.7
6725,female,34,160.3,71.8,19,166,37.0
6726,male,18,174.7,90.9,96,170,40.0
6727,male,49,185.3,76.0,34,81,40.5
6728,male,25,168.7,104.5,110,124,37.0
6729,female,57,165.4,64.4,117,160,39.2
6730,male,60,161.4,88.9,48,82,41.3
6731,female,63,153.9,80.7,27,177,41.3
6732,male,41,179.8,71.7,72,124,40.3
6733,male,27,160.7,100.6,82,90,40.7
6734,female,64,160.8,50.5,87,165,38.4
6735,male,56,183.1,84.9,92,138,39.1
6736,female,56,146.5,58.4,61,98,41.5
6737,female,27,172.7,69.3,49,146,40.6
6738,male,53,162.3,100.9,104,125,37.2
6739,female,42,161.7,80.6,75,122,37.2
6740,female,67,166.7,67.1,22,127,39.6
6741,male,27,169.7,78.6,111,181,38.7
6742,male,36,168.6,81.2,49,122,38.1
6743,female,63,145.4,50.7,53,119,38.4
6744,male,62,179.6,99.6,19,84,41.3
6745,female,32,154.3,77.1,51,124,38.4
6746,female,33,165.5,61.7,117,125,38.6
6747,male,19,163.0,80.7,9,180,39.0
6748,male,46,193.7,115.0,109,106,37.7
6749,male,21,173.6,83.3,104,113,38.8
6750,male,67,177.0,97.4,66,81,39.9
6751,female,46,144.9,75.7,88,146,38.2
6752,female,48,153.6,64.6,11,84,39.8
6753,male,34,182.7,72.5,78,131,38.1
6754,male,27,177.4,73.6,69,184,40.5
6755,female,44,165.1,77.2,102,161,41.2
6756,female,58,166.1,47.5,91,156,39.0
6757,female,32,151.2,82.2,98,86,41.3
6758,female,61,154.0,83.2,110,182,40.0
6759,male,48,178.7,74.1,44,104,40.2
6760,female,38,173.7,80.6,87,117,39.3
6761,female,58,156.2,62.6,61,124,38.0
6762,male,63,177.5,64.8,37,145,41.2
6763,female,62,168.6,50.9,102,151,41.4
6764,female,43,164.7,61.8,84,99,40.8
6765,male,55,175.3,90.9,38,163,39.1
6766,male,68,167.3,69.2,34,96,37.8
6767,male,53,165.9,78.0,28,153,37.4
6768,female,69,163.7,75.0,100,146,39.3
6769,female,34,165.7,73.2,40,113,38.4
6770,male,68,179.4,87.2,20,141,40.9
6771,male,20,174.1,67.0,87,180,39.4
6772,female,31,163.4,48.5,108,121,41.1
6773,male,66,152.0,93.7,62,125,40.3
6774,male,30,169.2,70.1,117,111,39.0
6775,male,58,180.7,84.8,7,146,40.3
6776,female,44,156.6,65.3,85,171,41.4
6777,female,18,154.6,69.9,35,74,39.5
6778,female,34,166.5,67.5,7,95,38.4
6779,female,65,159.3,74.1,16,169,38.7
6780,female,67,160.6,82.4,42,83,39.8
6781,female,51,149.5,59.3,50,136,41.4
6782,male,31,171.9,83.8,98,112,39.1
6783,female,34,166.7,62.1,108,136,40.2
6784,female,20,168.0,64.7,66,124,37.8
6785,male,51,166.5,62.9,74,145,39.8
6786,female,57,152.4,64.3,81,70,40.3
6787,female,42,164.6,56.5,57,184,38.9
6788,male,19,166.7,77.7,38,143,39.9
6789,male,51,180.7,98.3,9,163,38.0
6790,male,43,177.6,49.9,90,121,39.1
6791,female,48,174.6,75.3,77,180,40.7
6792,male,26,179.1,85.2,37,129,37.9
6793,female,47,167.4,70.6,31,101,37.4
6794,female,37,162.8,54.2,16,114,40.1
6795,female,38,161.5,53.3,116,89,38.4
6796,female,46,156.7,66.8,22,70,39.2
6797,male,42,166.2,85.3,51,151,41.0
6798,male,55,169.6,79.8,46,119,37.8
6799,female,61,175.8,58.3,77,174,40.5
6800,male,42,171.7,86.9,93,150,39.3
6801,female,26,149.0,44.7,34,125,37.2
6802,female,56,159.3,65.3,41,173,37.8
6803,female,61,169.3,66.0,46,166,39.2
6804,male,43,182.2,98.1,20,161,38.0
6805,female,54,172.2,70.3,31,88,38.6
6806,female,33,172.0,63.0,27,94,40.1
6807,male,54,186.0,79.7,74,115,40.8
6808,male,29,178.0,86.0,99,175,39.0
6809,male,41,188.7,83.2,110,107,39.3
6810,male,43,162.0,98.2,82,90,39.7
6811,female,37,169.4,79.2,31,179,37.8
6812,male,26,177.3,79.2,21,172,39.7
6813,female,40,165.4,81.7,111,65,40.6
6814,male,56,179.6,98.4,10,144,41.0
6815,male,46,163.1,88.2,82,111,37.9
6816,male,48,169.8,92.1,87,83,40.9
6817,male,36,159.0,77.4,14,100,40.9
6818,male,37,187.5,81.5,49,128,40.4
6819,male,40,173.1,97.8,60,126,40.7
6820,female,60,160.0,69.8,35,156,39.0
6821,male,44,181.4,77.1,95,69,41.4
6822,male,47,178.6,80.4,107,112,40.2
6823,male,38,170.3,92.4,44,91,38.2
6824,male,61,166.6,93.5,7,146,37.1
6825,female,52,160.6,74.0,51,140,37.8
6826,male,66,174.4,84.4,96,134,40.4
6827,male,24,164.3,79.9,117,123,40.9
6828,male,39,162.9,79.2,116,65,37.4
6829,male,27,167.3,96.0,28,170,39.9
6830,female,40,165.7,56.9,105,107,38.7
6831,male,32,192.7,73.1,15,65,39.6
6832,female,47,171.1,60.7,79,176,40.8
6833,male,51,176.2,77.9,119,100,38.9
6834,female,30,159.2,77.2,35,92,37.8
6835,female,21,161.4,62.9,51,73,37.5
6836,male,35,186.0,69.3,82,179,41.5
6837,male,40,190.0,70.0,47,116,40.5
6838,female,50,170.3,78.5,15,86,37.2
6839,female,51,171.7,56.7,112,107,37.8
6840,male,51,171.4,56.5,60,172,40.1
6841,female,53,159.4,70.2,10,69,38.9
6842,female,52,160.1,62.9,5,142,39.8
6843,female,34,149.5,59.5,80,144,39.5
6844,male,45,178.7,77.0,6,76,37.7
6845,female,31,162.8,62.4,40,103,39.0
6846,female,51,165.7,84.2,77,148,39.4
6847,female,65,166.4,65.5,84,117,39.0
6848,male,28,176.2,87.9,45,151,39.2
6849,male,30,184.7,87.4,110,118,41.5
6850,female,50,161.1,68.1,102,110,41.4
6851,male,19,172.2,110.1,69,82,38.6
6852,female,51,167.8,54.8,37,71,40.3
6853,male,46,153.6,62.1,70,133,38.1
6854,male,54,166.3,88.5,97,166,41.5
6855,female,21,160.9,74.1,110,106,38.9
6856,male,29,182.6,68.2,77,116,39.6
6857,male,43,169.3,76.6,12,130,38.7
6858,male,45,168.5,72.6,96,65,37.7
6859,female,20,161.3,67.6,7,81,37.7
6860,male,37,162.1,107.1,48,169,41.2
6861,male,27,158.4,60.4,15,141,39.5
6862,female,69,174.1,62.7,5,137,41.4
6863,male,35,163.4,70.9,52,140,38.8
6864,male,44,163.7,71.7,74,174,39.1
6865,male,48,179.6,70.7,46,111,38.0
6866,male,44,182.0,77.7,81,136,37.5
6867,male,59,181.3,74.6,49,89,40.5
6868,female,18,164.8,64.3,95,122,38.8
6869,female,23,165.4,69.7,91,140,40.5
6870,male,28,158.0,98.6,38,140,39.0
6871,male,51,178.6,75.7,111,97,41.2
6872,male,56,170.8,75.1,36,110,41.0
6873,female,37,170.8,52.5,65,146,40.7
6874,female,38,167.4,50.0,97,100,40.6
6875,male,38,161.2,91.5,10,104,40.0
6876,male,35,161.0,87.1,108,160,40.9
6877,female,38,162.5,62.6,82,168,40.8
6878,male,36,178.9,65.6,82,68,38.0
6879,female,21,171.9,65.2,101,104,40.1
6880,female,30,170.5,86.9,114,155,40.8
6881,male,35,181.0,89.9,92,157,40.4
6882,female,69,177.2,62.3,66,66,37.1
6883,male,46,175.7,90.2,39,177,39.8
6884,male,42,165.6,65.6,15,76,38.3
6885,male,30,171.6,65.1,18,116,40.5
6886,male,44,181.7,60.6,113,109,40.3
6887,male,36,185.6,84.3,49,169,37.5
6888,male,66,172.4,82.6,30,83,38.5
6889,female,18,160.8,71.3,116,175,41.1
6890,female,55,169.3,59.5,94,184,39.2
6891,female,36,168.4,53.6,44,83,39.3
6892,female,69,157.7,53.4,38,154,37.9
6893,male,18,151.8,96.7,83,149,37.8
6894,female,57,172.5,61.2,96,110,37.3
6895,female,34,152.4,59.1,99,150,37.4
6896,female,38,161.9,75.1,70,101,37.8
6897,male,39,166.5,89.5,26,167,37.1
6898,female,32,163.1,86.9,45,76,41.5
6899,male,67,173.5,93.6,63,148,39.0
6900,female,56,152.5,55.9,103,180,38.8
6901,male,65,175.4,71.2,86,100,39.6
6902,male,56,168.7,85.7,112,129,40.8
6903,female,49,151.1,61.8,36,122,40.0
6904,male,66,181.9,68.8,39,71,38.0
6905,male,21,179.8,68.5,115,127,40.4
6906,female,61,168.2,74.8,74,163,37.6
6907,female,62,159.7,53.3,8,170,40.9
6908,female,49,166.6,65.2,98,76,40.3
6909,male,21,161.1,70.1,118,96,41.2
6910,male,18,180.7,101.3,80,125,40.9
6911,male,50,159.7,76.7,105,89,38.9
6912,female,24,156.7,88.4,12,136,41.0
6913,male,26,187.5,98.8,57,143,40.6
6914,male,18,181.7,90.5,89,105,39.0
6915,male,33,170.6,86.7,35,166,40.1
6916,male,35,170.8,89.7,26,144,37.7
6917,male,64,175.8,67.0,18,71,39.4
6918,male,23,179.1,88.9,77,175,37.2
6919,male,19,185.0,77.6,37,167,38.8
6920,female,26,157.2,66.4,20,168,39.8
6921,female,21,167.9,51.0,22,110,39.8
6922,female,62,160.0,62.0,20,112,38.7
6923,male,40,171.3,87.1,34,153,37.4
6924,male,60,164.6,77.8,112,126,39.9
6925,female,62,162.5,57.7,16,176,37.4
6926,male,60,173.3,78.2,18,97,38.1
6927,female,68,167.8,70.1,108,133,40.6
6928,male,25,167.8,87.1,105,158,39.0
6929,male,56,178.9,51.3,98,130,41.5
6930,female,42,156.2,68.2,89,121,40.5
6931,female,33,143.6,70.2,10,172,38.8
6932,female,52,153.4,67.6,28,180,37.5
6933,female,34,160.8,66.3,17,170,38.9
6934,female,35,155.6,63.4,56,98,37.6
6935,male,44,183.6,77.9,114,142,40.1
6936,male,32,186.3,84.0,96,138,37.5
6937,male,34,203.8,90.9,85,103,41.2
6938,female,60,158.1,70.4,78,149,38.8
6939,female,22,168.6,70.2,81,126,37.1
6940,female,33,171.5,55.6,111,120,40.7
6941,female,32,167.3,61.8,101,183,38.6
6942,female,59,165.1,64.5,75,89,40.0
6943,female,63,170.7,65.9,105,175,40.9
6944,male,51,171.0,59.4,73,101,37.3
6945,male,65,177.6,67.5,101,120,37.1
6946,male,36,173.5,71.7,102,103,37.6
6947,male,25,177.5,92.5,18,159,38.1
6948,male,64,187.5,93.8,119,142,39.4
6949,female,27,158.9,68.5,89,133,41.3
6950,female,22,157.7,63.9,86,153,39.5
6951,female,69,170.2,61.1,82,109,40.9
6952,female,65,164.8,67.8,95,130,37.9
6953,female,43,177.8,65.3,43,163,41.0
6954,female,39,157.0,49.8,106,176,40.2
6955,male,61,180.5,76.8,52,84,41.3
6956,female,40,170.9,78.0,30,74,40.9
6957,female,30,154.0,68.7,32,168,40.8
6958,female,26,172.2,58.6,69,70,37.3
6959,female,66,154.5,61.3,17,170,40.0
6960,male,37,158.4,88.9,103,97,38.4
6961,male,45,171.4,85.5,90,142,38.2
6962,female,61,163.3,75.2,49,179,39.0
6963,male,54,186.0,67.8,7,177,40.9
6964,male,41,168.8,86.1,115,90,37.4
6965,female,61,155.5,81.3,54,150,41.2
6966,female,50,157.2,61.0,89,125,40.9
6967,female,37,166.7,52.0,5,142,38.3
6968,female,65,158.8,69.3,103,100,38.5
6969,female,47,167.9,56.8,56,126,37.2
6970,male,61,174.2,77.4,42,172,40.3
6971,female,26,157.5,66.7,14,178,37.8
6972,female,62,162.8,83.6,92,87,38.3
6973,female,66,154.5,68.2,67,144,38.8
6974,male,34,177.1,78.1,115,153,38.8
6975,female,53,169.1,71.3,56,171,40.6
6976,female,31,166.9,73.2,12,147,39.2
6977,female,36,167.5,77.0,62,106,37.3
6978,male,24,168.5,87.5,53,139,39.7
6979,female,20,159.8,77.9,8,94,38.4
6980,female,50,161.4,87.9,38,128,38.5
6981,female,61,173.2,77.7,36,89,37.9
6982,male,49,189.1,80.0,112,159,37.5
6983,female,64,146.9,60.7,29,81,38.2
6984,female,28,156.0,81.9,35,154,40.9
6985,female,59,158.4,60.2,106,70,40.9
6986,male,19,173.1,72.1,14,75,41.3
6987,female,43,169.8,60.4,39,65,37.2
6988,female,21,152.0,59.2,44,141,41.1
6989,female,34,166.1,64.9,81,80,38.6
6990,male,34,167.3,70.2,64,139,39.9
6991,male,45,163.3,76.0,82,150,39.8
6992,female,47,161.1,55.3,72,164,37.8
6993,male,57,182.2,72.4,104,160,37.8
6994,male,40,181.0,95.0,7,131,38.0
6995,male,63,176.2,70.8,119,91,38.2
6996,female,41,167.0,64.3,71,144,38.7
6997,female,46,159.6,65.3,7,165,39.0
6998,male,21,181.3,94.0,68,91,38.6
6999,male,55,168.1,99.1,52,182,39.7
7000,male,46,166.2,57.1,57,163,37.7
7001,female,36,161.7,49.0,12,66,41.2
7002,female,44,165.4,73.4,51,146,40.8
7003,male,46,173.1,73.3,65,112,37.2
7004,male,53,160.0,83.9,31,89,39.1
7005,male,52,188.8,76.1,77,100,40.7
7006,male,69,172.8,81.9,74,147,38.6
7007,female,23,148.9,63.3,24,170,38.9
7008,male,40,185.0,83.8,104,153,41.5
7009,female,56,168.4,60.1,14,167,40.4
7010,male,63,170.9,89.9,32,149,38.2
7011,male,61,171.9,82.2,72,102,39.5
7012,male,65,172.3,66.8,56,104,40.6
7013,male,69,173.6,60.2,6,76,38.3
7014,male,25,186.6,79.6,42,93,37.3
7015,female,19,164.8,78.5,5,135,38.5
7016,male,30,182.7,56.4,47,93,41.0
7017,male,57,175.4,99.6,62,160,39.1
7018,male,38,163.8,81.3,68,139,39.7
7019,female,48,162.5,50.0,7,101,37.2
7020,female,69,154.6,63.2,73,175,38.1
7021,female,65,146.8,70.8,12,143,40.5
7022,female,53,163.2,62.1,20,154,40.2
7023,male,65,173.3,95.1,80,130,37.5
7024,male,69,172.1,82.6,88,126,40.7
7025,male,55,191.1,85.4,18,93,39.4
7026,female,44,163.9,68.6,96,132,38.1
7027,male,53,182.4,74.9,37,162,37.7
7028,male,65,175.0,72.2,47,181,37.8
7029,female,40,166.3,55.3,46,163,38.9
7030,female,38,154.7,69.1,50,138,40.9
7031,female,30,177.5,40.9,51,162,38.7
7032,male,54,173.1,71.6,115,176,39.9
7033,male,64,181.4,62.0,92,152,37.6
7034,female,43,157.7,56.9,6,168,37.3
7035,male,57,175.1,80.1,106,158,38.9
7036,female,24,172.5,69.2,109,133,37.7
7037,female,63,170.6,62.5,74,69,37.9
7038,male,56,172.6,77.1,37,181,38.2
7039,female,39,166.9,46.6,73,116,37.3
7040,female,56,171.7,69.8,63,74,40.6
7041,female,40,161.3,74.4,48,99,39.4
7042,male,47,164.6,78.7,92,176,38.8
7043,female,35,157.3,56.0,32,127,38.5
7044,female,59,161.9,69.3,52,139,37.0
7045,female,35,166.2,62.2,68,119,40.9
7046,female,63,141.4,73.6,101,81,40.4
7047,female,27,158.7,65.2,117,109,40.3
7048,female,56,164.2,43.6,62,129,37.8
7049,female,47,162.5,41.5,22,120,37.2
7050,male,43,179.2,104.2,93,164,37.3
7051,male,24,161.9,63.1,41,134,39.4
7052,female,24,158.0,60.1,33,116,39.9
7053,male,22,171.1,99.9,56,125,41.5
7054,male,18,168.7,82.5,65,181,39.4
7055,female,63,170.3,85.6,81,158,38.5
7056,male,35,160.5,113.3,57,125,40.1
7057,female,30,162.5,67.7,117,99,39.9
7058,female,42,168.9,55.4,84,77,37.1
7059,female,57,163.3,60.8,81,115,37.6
7060,female,25,166.7,69.9,24,65,40.1
7061,female,27,166.3,64.5,71,87,37.4
7062,male,49,184.3,63.4,106,141,40.6
7063,female,34,166.6,70.0,47,98,41.1
7064,male,55,179.3,97.5,62,171,37.9
7065,female,32,165.8,72.3,107,144,39.3
7066,female,32,162.5,76.0,18,181,38.4
7067,female,65,160.5,66.8,16,128,39.3
7068,male,57,190.1,69.2,37,75,39.8
7069,female,68,163.9,67.3,85,155,37.1
7070,female,37,163.3,42.0,86,157,41.0
7071,female,32,157.1,67.2,111,129,38.7
7072,female,52,151.8,76.2,16,86,37.9
7073,male,23,181.4,91.7,49,105,37.1
7074,female,47,161.2,62.3,30,89,41.5
7075,male,25,166.6,69.7,32,71,40.4
7076,female,48,175.9,59.4,81,149,39.1
7077,male,65,160.7,77.7,105,90,40.9
7078,male,64,167.8,85.5,16,146,39.1
7079,female,49,161.6,52.2,61,161,40.1
7080,female,62,171.8,64.9,8,115,41.3
7081,male,69,172.7,85.8,88,88,40.2
7082,female,32,170.8,62.3,61,74,38.1
7083,female,35,164.2,67.4,14,77,41.2
7084,female,30,167.5,75.6,53,159,37.1
7085,male,41,171.9,80.8,49,82,41.1
7086,female,57,150.1,59.3,51,75,41.3
7087,female,31,169.3,77.0,119,122,37.4
7088,female,45,162.3,71.2,78,96,37.3
7089,male,28,166.3,71.6,107,85,40.8
7090,female,23,162.3,73.4,32,105,37.1
7091,male,42,168.9,83.3,16,124,40.6
7092,female,18,172.3,64.7,26,179,38.6
7093,male,42,177.1,70.0,68,154,37.1
7094,female,19,157.6,63.0,89,110,39.9
7095,female,49,169.6,73.9,49,120,38.3
7096,male,30,174.4,74.7,19,72,37.7
7097,male,50,179.9,78.5,84,81,39.5
7098,male,49,159.5,82.3,68,100,37.1
7099,female,41,157.8,71.9,107,180,38.8
7100,female,44,153.5,69.6,70,150,39.8
7101,female,21,151.4,73.9,54,137,40.3
7102,female,41,154.2,54.6,83,173,39.3
7103,male,40,183.3,78.5,83,69,37.3
7104,female,46,157.7,52.4,91,120,40.4
7105,female,51,157.1,81.9,86,179,38.7
7106,female,38,170.1,48.2,97,123,37.8
7107,female,47,156.6,78.2,47,78,38.2
7108,female,43,173.0,69.7,37,109,40.0
7109,female,37,159.6,56.2,97,139,37.9
7110,female,33,166.1,52.3,41,115,37.4
7111,male,20,177.7,70.7,21,122,39.8
7112,female,66,156.7,62.8,30,159,39.9
7113,female,54,160.7,69.0,47,135,39.0
7114,female,57,159.5,43.0,62,103,39.3
7115,female,61,165.6,63.1,13,171,40.7
7116,male,42,184.7,72.1,25,149,38.5
7117,male,40,168.5,78.2,108,121,40.9
7118,male,61,158.7,89.4,69,172,40.9
7119,male,18,171.0,71.7,67,93,39.3
7120,male,50,183.1,103.1,77,139,37.1
7121,male,32,162.3,80.1,114,181,41.2
7122,female,34,163.1,64.0,31,166,37.6
7123,male,51,176.2,80.2,82,77,39.4
7124,male,34,174.1,92.2,40,108,40.0
7125,female,69,150.9,65.1,63,104,37.4
7126,male,58,165.2,98.9,99,107,40.4
7127,female,61,170.5,61.0,50,153,39.8
7128,female,21,171.6,55.2,103,177,40.0
7129,male,30,165.5,71.1,34,114,37.7
7130,female,21,167.7,61.9,86,120,38.2
7131,male,24,166.5,68.4,21,126,38.4
7132,male,63,181.8,94.1,109,164,37.7
7133,female,26,165.8,85.8,85,119,39.5
7134,female,40,150.9,62.0,56,165,37.3
7135,male,50,171.0,75.3,118,94,38.2
7136,female,50,175.2,57.2,51,92,40.4
7137,female,37,162.6,60.2,96,132,38.1
7138,male,21,183.9,85.4,92,105,37.9
7139,male,18,186.5,69.2,41,148,37.6
7140,female,59,155.1,74.2,103,76,39.8
7141,male,51,164.9,84.5,96,174,39.0
7142,male,44,164.6,91.0,18,141,38.0
7143,male,38,167.8,87.9,40,154,37.9
7144,male,41,183.8,79.4,39,102,41.4
7145,male,32,179.5,82.6,62,117,37.3
7146,male,52,170.6,81.4,54,164,40.3
7147,male,42,174.9,67.6,10,87,41.1
7148,female,26,159.6,51.6,66,106,39.0
7149,male,34,190.3,67.5,66,176,39.2
7150,female,38,157.7,55.1,42,148,40.8
7151,female,30,149.0,84.6,119,171,37.1
7152,female,20,161.4,75.5,89,182,37.9
7153,male,21,182.5,91.7,96,131,40.2
7154,male,21,176.8,73.7,13,75,39.3
7155,female,60,159.1,69.7,17,158,41.4
7156,male,45,177.9,91.5,84,74,38.0
7157,female,24,160.4,77.4,115,141,41.0
7158,male,43,167.9,87.2,115,138,41.5
7159,male,28,172.4,72.2,110,95,37.0
7160,female,41,153.5,70.4,117,108,38.3
7161,female,60,151.6,53.8,27,101,41.4
7162,female,27,163.8,71.6,100,89,41.0
7163,male,54,177.4,77.9,114,157,37.4
7164,female,30,165.5,58.5,37,85,38.2
7165,male,61,174.7,102.4,58,79,39.8
7166,male,59,161.0,53.6,49,170,38.1
7167,male,56,180.2,91.1,52,183,38.8
7168,female,36,155.8,70.4,89,75,38.1
7169,female,68,163.5,51.7,72,162,38.3
7170,female,36,154.3,69.9,65,177,38.5
7171,male,29,166.3,84.8,103,139,39.4
7172,male,69,167.4,70.0,110,109,40.5
7173,female,39,155.3,71.9,56,72,39.5
7174,male,64,172.4,74.8,50,162,38.1
7175,male,54,169.7,71.2,48,169,40.0
7176,female,47,159.8,57.1,79,90,40.7
7177,female,63,170.1,69.1,53,85,39.9
7178,female,29,159.2,43.7,41,116,40.6
7179,male,46,166.9,83.9,45,114,39.0
7180,male,38,184.4,102.3,26,88,41.2
7181,male,28,176.0,68.6,46,176,39.8
7182,male,54,184.7,81.5,62,160,40.2
7183,male,65,187.7,89.3,56,146,37.5
7184,female,35,156.0,56.0,57,172,39.8
7185,male,61,172.5,52.9,53,90,37.1
7186,male,44,175.5,57.1,17,105,37.7
7187,male,54,174.2,53.4,66,115,40.1
7188,female,65,148.1,55.7,40,80,40.0
7189,female,29,155.2,58.9,56,105,39.2
7190,female,40,155.2,85.4,45,116,40.0
7191,male,51,165.7,91.8,41,121,40.7
7192,female,55,159.7,51.5,23,165,40.8
7193,female,40,159.9,59.8,108,148,41.0
7194,female,42,159.0,75.2,110,115,41.0
7195,male,21,170.0,79.1,62,123,39.5
7196,female,47,163.3,79.9,28,143,38.6
7197,male,47,178.9,88.0,67,132,37.0
7198,male,30,170.9,96.0,104,182,41.2
7199,female,59,162.8,58.4,59,104,37.9
7200,male,66,175.8,75.8,8,80,40.7
7201,female,31,165.4,66.9,29,140,38.1
7202,male,64,162.4,69.1,65,99,38.4
7203,female,25,168.2,78.4,35,90,37.9
7204,female,41,157.9,68.6,25,137,40.5
7205,female,35,169.6,61.5,98,144,39.0
7206,male,52,184.6,56.2,9,123,41.3
7207,female,42,163.0,73.2,72,182,40.6
7208,male,34,180.3,80.7,100,143,39.5
7209,female,49,168.3,64.2,9,148,40.5
7210,male,41,180.8,104.5,117,67,40.8
7211,male,24,170.7,72.5,20,69,41.1
7212,female,30,166.5,54.9,95,104,37.4
7213,female,44,167.2,66.8,16,119,40.6
7214,female,65,164.2,58.2,69,167,37.8
7215,female,22,164.2,65.6,70,141,41.1
7216,female,53,163.0,52.0,76,112,37.8
7217,male,43,173.3,82.8,47,171,37.8
7218,female,59,154.4,86.0,102,157,39.2
7219,female,62,161.3,60.7,113,174,40.9
7220,male,48,176.7,84.3,29,135,37.4
7221,female,27,159.5,63.7,102,117,37.3
7222,female,63,158.9,53.0,50,136,40.4
7223,male,43,165.9,74.0,116,184,40.8
7224,female,39,155.6,57.1,5,91,39.1
7225,female,29,164.9,86.5,82,137,39.9
7226,female,49,160.8,62.7,36,160,37.6
7227,male,44,179.2,87.2,65,173,39.7
7228,female,50,153.1,71.8,33,100,37.0
7229,male,69,163.1,73.4,52,100,38.4
7230,female,37,171.0,73.6,87,166,37.1
7231,male,56,166.8,64.3,98,172,38.2
7232,female,58,165.6,53.2,27,103,37.1
7233,male,57,178.8,85.5,73,139,41.2
7234,male,30,165.6,102.1,91,121,41.0
7235,male,31,182.7,70.0,103,100,37.9
7236,male,61,193.7,95.0,57,178,41.1
7237,male,57,181.7,74.3,75,71,41.0
7238,male,39,173.7,79.7,99,167,38.0
7239,female,35,168.5,55.2,82,85,40.0
7240,female,65,162.8,51.2,95,79,37.8
7241,male,46,168.9,69.6,118,110,40.1
7242,male,60,177.0,79.5,108,152,37.3
7243,male,33,165.9,73.0,91,111,40.9
7244,male,63,159.9,81.5,112,123,40.7
7245,female,52,154.2,65.4,30,125,37.8
7246,male,51,175.2,88.5,75,105,39.0
7247,female,20,162.6,67.9,25,118,38.1
7248,female,21,162.7,53.0,92,87,37.6
7249,male,22,177.3,79.4,85,137,37.1
7250,male,27,167.1,78.8,64,76,38.4
7251,female,69,163.5,54.8,59,72,41.2
7252,female,46,163.6,83.1,111,86,41.0
7253,male,49,180.2,75.1,77,114,39.0
7254,male,48,164.0,71.6,83,175,38.3
7255,male,19,164.8,82.5,115,98,38.4
7256,female,29,147.2,58.4,72,148,40.2
7257,female,44,156.4,83.4,92,171,38.2
7258,male,22,159.0,79.4,99,160,40.7
7259,female,54,154.8,69.7,16,77,38.6
7260,female,44,162.6,77.8,112,167,37.3
7261,male,40,178.6,73.9,12,84,37.5
7262,male,50,177.1,71.2,21,72,40.5
7263,female,21,166.3,75.5,117,134,40.5
7264,female,38,169.9,53.9,47,163,38.8
7265,male,41,179.1,84.0,13,161,41.5
7266,male,61,187.2,85.3,21,89,38.0
7267,male,48,171.0,79.6,20,78,37.9
7268,male,61,166.8,71.8,55,161,39.4
7269,male,65,165.9,73.0,39,168,39.5
7270,female,41,176.0,66.8,56,123,38.9
7271,female,66,163.7,53.2,81,115,39.6
7272,female,27,175.3,67.8,16,117,41.0
7273,female,66,150.2,48.4,119,80,39.1
7274,male,66,180.2,98.4,98,182,41.5
7275,male,67,160.6,74.2,71,166,41.3
7276,male,19,167.2,76.1,73,169,40.2
7277,female,48,148.6,46.4,105,180,40.2
7278,female,42,161.4,63.0,17,166,40.3
7279,female,21,180.3,61.4,17,131,40.9
7280,male,68,173.9,86.1,32,102,40.7
7281,female,28,167.2,75.5,51,138,40.2
7282,male,34,172.4,87.0,48,109,40.7
7283,male,61,167.1,91.9,67,161,38.9
7284,male,19,166.5,71.5,73,80,39.2
7285,male,23,180.9,65.6,24,159,41.0
7286,male,26,175.2,77.1,96,172,37.4
7287,male,22,180.1,72.5,40,173,40.5
7288,female,37,163.5,73.4,49,89,40.0
7289,male,46,158.8,82.6,116,142,37.7
7290,male,38,165.9,65.8,86,116,38.9
7291,female,26,163.6,60.2,61,171,40.3
7292,male,45,168.5,75.2,91,110,40.3
7293,female,25,172.3,73.0,95,72,40.1
7294,female,48,156.8,65.0,6,137,37.7
7295,female,37,152.4,68.1,46,120,40.5
7296,male,44,172.7,95.2,108,77,37.6
7297,male,25,173.0,60.7,54,142,41.4
7298,female,38,152.0,54.2,35,127,37.7
7299,male,45,175.7,75.8,86,79,39.7
7300,male,40,176.6,91.0,52,117,40.5
7301,female,23,172.2,60.9,115,119,37.0
7302,female,20,169.1,73.9,91,180,40.2
7303,male,22,156.6,78.6,84,69,38.0
7304,female,26,172.8,72.2,30,103,37.8
7305,female,24,163.9,62.0,29,77,37.3
7306,female,21,170.4,72.1,105,131,37.9
7307,male,56,184.1,96.0,39,161,39.7
7308,male,22,172.5,84.2,115,83,41.5
7309,male,28,176.4,71.2,90,95,39.6
7310,female,32,160.2,49.2,77,160,39.7
7311,male,51,166.2,90.7,38,117,38.8
7312,female,30,163.6,83.3,49,130,37.2
7313,male,65,182.1,89.5,27,144,40.3
7314,male,24,175.2,75.6,110,178,37.4
7315,female,57,166.8,55.7,95,69,40.2
7316,male,23,175.4,82.5,78,166,40.8
7317,female,56,162.5,69.9,20,94,38.0
7318,male,67,188.9,73.1,8,113,40.5
7319,male,47,172.5,72.5,58,122,41.1
7320,female,39,169.5,86.7,99,82,39.5
7321,female,42,169.8,76.2,72,100,38.9
7322,female,45,157.9,70.6,115,169,39.5
7323,male,37,182.5,92.1,118,102,40.6
7324,male,56,177.2,86.5,57,114,39.8
7325,male,20,167.9,101.7,18,113,39.5
7326,female,22,178.5,79.4,84,92,38.8
7327,female,18,168.0,57.9,115,120,37.1
7328,female,32,158.3,66.1,87,97,37.7
7329,male,43,166.7,76.5,7,66,39.3
7330,male,20,162.3,81.4,46,66,39.9
7331,female,57,153.1,58.9,114,96,37.8
7332,male,58,171.7,75.5,71,76,40.1
7333,female,64,168.0,62.0,54,103,39.4
7334,male,59,166.0,71.8,24,115,40.0
7335,male,51,187.4,75.8,59,70,39.4
7336,female,69,158.8,76.6,70,79,38.9
7337,male,22,193.7,62.4,88,160,38.4
7338,male,48,188.8,96.3,57,111,37.7
7339,female,68,165.5,58.8,30,109,37.4
7340,female,30,162.3,76.0,23,109,40.9
7341,male,60,174.6,92.8,67,79,39.4
7342,female,18,156.6,58.0,118,74,41.4
7343,male,39,164.8,77.9,37,143,40.8
7344,female,32,164.1,79.1,115,161,37.5
7345,male,43,168.4,95.2,102,167,40.9
7346,male,35,169.3,82.4,32,175,40.5
7347,female,65,168.9,69.6,52,163,41.4
7348,male,26,170.4,74.4,57,76,41.0
7349,male,18,191.6,83.2,60,165,38.6
7350,female,60,162.8,51.0,53,99,39.9
7351,female,26,177.4,77.8,82,68,39.9
7352,male,40,176.2,93.6,67,74,41.2
7353,female,60,157.3,58.7,18,148,37.8
7354,female,62,166.6,68.2,119,107,39.0
7355,male,19,182.1,76.8,33,95,39.6
7356,male,31,177.1,95.5,57,95,37.0
7357,female,55,166.5,46.1,30,95,37.7
7358,female,57,169.5,79.8,37,84,39.9
7359,female,35,152.0,70.1,73,176,39.1
7360,male,33,167.7,58.1,110,137,38.2
7361,male,46,174.5,67.1,70,141,37.9
7362,male,61,176.9,92.2,77,101,40.4
7363,male,28,178.2,79.4,23,123,39.2
7364,male,23,176.4,93.2,95,169,38.3
7365,male,20,173.1,93.9,63,88,38.5
7366,male,31,174.5,70.9,95,181,40.4
7367,female,19,159.3,68.8,94,153,38.7
7368,female,49,161.1,57.6,105,123,38.8
7369,male,48,173.2,92.0,105,158,39.3
7370,male,28,176.4,91.5,82,152,37.3
7371,male,39,183.0,80.8,7,137,40.2
7372,female,20,165.4,65.0,62,93,37.4
7373,male,67,179.8,83.8,25,138,41.0
7374,female,48,164.9,73.8,50,142,39.4
7375,female,50,166.0,54.3,105,150,41.2
7376,female,41,173.0,43.9,44,109,38.8
7377,female,18,180.5,57.8,76,76,41.4
7378,female,61,155.6,62.8,74,182,39.7
7379,male,32,163.9,60.9,70,72,37.6
7380,male,54,170.8,74.0,61,124,39.5
7381,female,44,148.4,67.1,10,131,37.2
7382,male,55,171.5,77.3,63,90,39.0
7383,female,65,163.8,49.9,43,84,40.0
7384,female,44,165.6,63.9,79,145,37.6
7385,male,61,166.3,92.3,73,95,37.7
7386,male,29,176.1,90.6,78,141,40.4
7387,male,20,187.4,88.1,56,106,38.2
7388,male,47,181.2,77.5,115,114,40.8
7389,male,49,187.3,71.1,107,96,39.8
7390,female,40,164.2,69.8,42,70,39.5
7391,male,19,173.9,80.7,75,178,38.8
7392,male,24,166.6,88.0,104,179,41.3
7393,male,51,169.5,79.0,115,96,39.8
7394,female,49,173.9,46.9,86,96,37.4
7395,male,56,164.5,74.8,78,107,38.8
7396,female,49,169.2,67.2,61,96,37.6
7397,male,60,158.3,77.0,11,65,40.3
7398,male,60,186.0,83.2,40,169,38.1
7399,female,31,168.6,51.6,99,75,37.1
7400,male,20,179.0,85.8,54,76,41.5
7401,male,63,166.1,86.5,76,85,39.1
7402,female,49,169.8,66.5,44,85,37.2
7403,male,60,170.6,68.2,78,74,39.0
7404,female,53,159.9,71.4,44,73,38.2
7405,female,34,167.3,50.8,55,76,40.3
7406,female,65,160.8,59.2,96,96,37.0
7407,female,20,163.9,64.3,94,149,37.6
7408,female,27,148.7,55.3,24,82,38.6
7409,male,64,173.2,95.8,6,114,38.8
7410,male,57,175.9,95.6,114,169,39.2
7411,male,35,162.9,81.7,91,103,38.6
7412,female,20,153.9,67.9,27,133,38.8
7413,female,56,170.4,46.5,85,69,39.2
7414,female,27,166.6,79.7,45,172,41.2
7415,female,69,155.4,43.3,61,135,39.4
7416,male,26,172.8,69.1,25,120,38.9
7417,male,63,171.4,86.2,43,142,37.2
7418,female,63,161.9,68.0,30,169,37.7
7419,female,28,164.2,62.2,99,86,40.4
7420,male,50,159.3,82.9,76,161,41.3
7421,female,53,168.2,64.2,55,163,38.7
7422,female,43,169.3,70.3,75,157,41.3
7423,female,44,164.8,53.5,25,171,38.5
7424,male,55,171.2,77.5,62,143,41.3
7425,male,39,171.4,87.2,54,95,39.7
7426,female,43,172.5,78.2,27,156,37.1
7427,male,39,175.0,63.7,81,82,37.4
7428,female,22,156.5,70.7,46,72,41.4
7429,female,52,164.0,80.9,46,97,38.4
7430,male,19,180.2,59.3,96,173,37.1
7431,female,52,166.6,66.6,44,79,37.4
7432,female,26,155.4,80.6,31,71,39.4
7433,male,68,165.5,56.3,100,99,38.0
7434,female,68,162.6,62.3,24,178,40.4
7435,female,66,166.5,76.6,66,100,41.0
7436,female,35,157.4,43.1,17,104,38.6
7437,male,60,159.4,108.6,46,165,40.1
7438,female,29,164.3,72.9,70,141,40.3
7439,male,20,179.7,84.3,47,105,39.1
7440,female,35,152.3,70.1,87,169,38.2
7441,female,55,153.2,45.8,53,75,40.4
7442,female,24,161.3,56.6,83,179,37.2
7443,female,50,173.3,71.5,95,178,37.4
7444,male,23,179.9,79.3,16,164,37.5
7445,male,35,187.9,108.6,44,151,38.4
7446,female,62,163.4,67.9,78,115,38.3
7447,female,39,164.1,53.3,96,87,38.4
7448,female,68,168.0,68.5,72,110,37.4
7449,female,56,169.2,72.5,8,164,38.9
7450,female,68,155.2,68.6,96,177,39.2
7451,female,26,163.5,70.4,46,68,41.0
7452,female,52,148.9,47.7,112,106,41.2
7453,female,40,168.7,87.6,97,172,38.5
7454,male,29,184.9,93.0,16,98,41.3
7455,male,69,184.4,72.9,117,110,39.1
7456,male,41,179.6,83.0,26,71,40.8
7457,female,67,160.4,61.0,72,101,37.0
7458,female,57,171.8,61.2,93,84,37.4
7459,female,26,156.8,72.8,118,163,38.9
7460,male,30,174.5,79.9,76,93,38.8
7461,female,57,169.0,58.5,97,161,39.1
7462,male,59,187.5,75.1,75,100,38.2
7463,female,34,155.8,77.6,12,135,39.6
7464,male,24,176.9,75.7,22,120,40.3
7465,male,34,175.7,78.9,94,160,37.6
7466,male,67,162.1,62.7,64,69,39.5
7467,female,41,172.1,77.2,77,121,38.1
7468,male,19,187.8,71.4,65,79,41.0
7469,female,52,154.3,54.3,104,128,41.1
7470,female,45,170.9,54.4,35,182,40.2
7471,female,36,165.4,57.6,117,173,37.8
7472,female,50,160.1,59.8,10,181,41.3
7473,female,38,152.2,67.2,104,109,40.3
7474,male,27,167.7,84.9,83,118,37.5
7475,female,63,161.9,63.4,22,167,39.6
7476,female,62,164.1,62.4,117,66,39.8
7477,female,26,151.9,56.2,58,120,39.7
7478,female,55,160.1,60.4,44,104,39.4
7479,female,23,166.4,89.3,55,164,37.3
7480,male,68,165.4,69.0,112,65,37.9
7481,male,59,190.2,79.2,78,80,41.2
7482,female,52,173.1,50.0,76,70,40.5
7483,male,35,170.7,79.2,93,136,39.5
7484,male,36,185.9,90.6,102,144,39.6
7485,female,22,155.9,78.6,40,168,38.3
7486,male,42,182.4,82.1,10,111,38.5
7487,female,28,167.3,67.2,27,140,37.6
7488,male,27,172.7,69.0,52,70,41.2
7489,male,34,177.5,98.9,104,165,40.0
7490,male,53,180.6,85.5,24,112,38.2
7491,female,43,161.9,61.2,65,66,40.2
7492,male,48,176.4,60.1,91,168,40.8
7493,male,49,177.1,77.2,59,139,40.2
7494,female,38,168.6,55.9,91,125,38.3
7495,female,35,166.1,65.0,40,75,38.0
7496,male,35,162.9,65.0,114,74,37.5
7497,female,18,165.1,62.1,49,162,38.8
7498,male,31,167.6,81.9,90,139,41.2
7499,male,25,179.5,65.4,91,170,37.9
7500,female,19,166.2,46.4,46,162,39.2
7501,female,68,162.9,75.6,77,139,37.0
7502,female,32,150.6,54.9,33,163,40.8
7503,male,51,175.6,90.6,25,126,39.8
7504,female,53,144.7,75.5,106,180,38.4
7505,male,18,169.9,85.6,66,72,37.6
7506,female,68,167.1,51.8,41,74,39.8
7507,male,38,158.6,76.8,41,160,39.4
7508,female,59,164.2,71.7,34,116,41.4
7509,male,18,179.0,77.1,71,159,39.1
7510,female,49,163.2,61.5,37,183,37.7
7511,male,37,185.1,98.3,118,68,40.8
7512,female,64,161.6,67.1,65,67,41.0
7513,female,53,169.4,57.1,52,109,37.5
7514,male,56,178.1,81.5,107,174,40.7
7515,female,47,170.8,70.6,47,94,38.2
7516,male,24,161.1,85.1,84,139,39.4
7517,male,39,177.9,81.6,32,111,39.7
7518,female,67,158.1,62.0,24,98,41.0
7519,male,62,168.5,85.9,47,131,37.7
7520,female,27,156.8,67.9,78,183,37.1
7521,female,25,158.4,72.6,119,121,39.7
7522,male,44,170.3,81.8,32,170,39.8
7523,female,27,164.8,46.3,113,85,41.3
7524,male,31,179.5,65.0,104,105,37.4
7525,male,63,173.7,67.4,12,139,38.8
7526,female,69,179.8,58.9,107,139,40.2
7527,female,28,167.6,65.8,92,152,39.5
7528,male,23,168.3,93.5,69,117,41.3
7529,male,38,179.4,99.7,21,163,37.4
7530,female,50,176.4,67.0,64,104,37.7
7531,female,36,164.5,50.3,24,141,39.8
7532,female,56,161.0,67.7,17,153,39.8
7533,female,41,165.7,58.8,17,133,39.1
7534,male,35,169.9,92.4,109,184,40.3
7535,female,52,146.6,45.0,35,181,38.5
7536,male,69,182.9,91.5,26,138,38.2
7537,male,60,184.3,61.7,19,166,37.8
7538,female,54,166.9,65.4,83,180,39.7
7539,male,36,191.3,71.0,102,162,40.6
7540,female,41,163.1,82.2,51,132,37.1
7541,male,51,168.6,76.9,40,153,37.7
7542,female,39,164.0,75.0,100,177,40.8
7543,male,21,172.1,74.8,17,163,37.1
7544,male,27,191.2,79.7,88,86,37.2
7545,female,19,173.9,66.6,29,87,39.3
7546,female,25,166.3,80.4,57,88,38.7
7547,male,50,182.0,80.7,90,138,40.5
7548,male,55,165.1,89.1,71,131,39.9
7549,female,60,167.6,76.7,45,75,37.8
7550,male,45,167.5,61.0,33,124,38.5
7551,female,27,157.7,63.7,45,98,37.4
7552,male,62,181.3,56.9,72,80,37.4
7553,female,18,157.3,60.4,86,90,41.4
7554,male,51,178.7,85.7,58,179,37.2
7555,female,20,168.0,62.3,44,107,37.8
7556,female,26,154.1,73.1,25,83,38.8
7557,male,22,165.7,95.4,99,92,39.7
7558,female,59,172.6,79.9,102,112,41.3
7559,male,27,173.1,51.3,21,166,38.7
7560,female,29,165.2,71.0,94,116,37.8
7561,female,35,168.1,73.2,93,149,39.2
7562,female,38,153.8,71.9,8,175,40.5
7563,male,38,169.5,83.8,64,145,38.2
7564,female,18,171.9,62.9,107,114,37.8
7565,male,20,154.7,86.0,96,175,40.2
7566,female,22,168.8,58.1,42,106,39.3
7567,male,42,173.0,86.3,70,145,40.1
7568,male,66,174.1,64.6,56,118,38.6
7569,male,25,185.8,92.9,71,136,40.7
7570,female,34,159.3,74.5,33,151,38.9
7571,male,26,171.6,96.1,32,91,40.0
7572,female,49,161.2,72.2,64,111,38.7
7573,male,23,183.5,87.5,106,90,39.6
7574,male,66,177.4,64.7,95,170,39.5
7575,male,57,180.5,74.5,11,147,40.6
7576,male,38,173.8,96.1,25,98,37.4
7577,female,24,166.7,57.0,42,79,38.0
7578,male,24,175.9,80.7,82,68,38.3
7579,male,64,169.0,76.7,48,65,39.3
7580,female,56,149.2,60.5,91,172,41.1
7581,male,44,186.0,66.0,56,156,40.6
7582,male,25,191.1,82.8,103,104,40.8
7583,male,26,187.7,88.4,98,138,38.5
7584,male,45,164.4,62.2,97,156,38.5
7585,female,32,166.8,65.3,77,125,40.1
7586,female,19,163.5,52.2,113,100,40.9
7587,male,24,176.1,87.6,55,82,41.3
7588,female,64,155.2,71.7,27,168,38.6
7589,female,35,161.2,58.4,73,67,39.8
7590,male,39,186.3,84.4,18,107,40.2
7591,female,67,162.2,75.8,19,110,41.1
7592,male,27,170.9,96.3,19,144,40.3
7593,female,67,165.9,62.0,39,92,38.9
7594,female,50,163.3,66.6,15,129,40.5
7595,female,24,166.1,79.8,97,116,39.0
7596,male,20,170.7,85.2,41,143,41.5
7597,female,31,161.7,43.4,76,76,38.6
7598,male,61,170.5,92.3,118,160,37.3
7599,male,63,164.3,81.1,25,89,40.2
7600,female,53,180.1,73.6,19,175,38.3
7601,male,30,172.6,86.1,49,144,40.2
7602,female,33,163.3,66.5,80,100,37.3
7603,male,33,180.2,68.2,101,167,41.4
7604,male,22,178.9,71.4,115,165,40.6
7605,female,69,158.3,55.0,107,85,40.1
7606,female,42,162.2,66.7,12,174,39.9
7607,female,55,164.1,80.3,28,74,37.6
7608,female,55,159.6,74.0,36,140,37.7
7609,male,67,169.7,90.5,75,142,37.3
7610,male,55,167.9,75.7,29,127,40.4
7611,male,56,164.9,75.0,117,115,40.2
7612,female,65,162.1,63.9,105,91,40.9
7613,male,58,187.6,86.8,50,82,39.9
7614,female,43,163.6,70.3,85,117,38.8
7615,male,30,166.3,75.1,99,178,41.1
7616,female,61,168.4,82.5,14,184,39.8
7617,male,68,176.4,84.0,111,119,37.2
7618,male,43,158.0,94.9,54,162,41.0
7619,female,18,150.8,61.6,118,139,40.9
7620,male,25,192.0,68.2,60,143,40.4
7621,female,21,170.0,73.2,76,69,41.2
7622,male,38,165.1,83.7,5,101,38.8
7623,male,39,152.2,81.7,13,116,40.8
7624,female,68,175.7,73.8,110,167,41.2
7625,female,54,171.3,70.6,52,162,40.6
7626,male,66,175.8,53.0,30,182,40.3
7627,male,20,186.1,84.0,14,124,38.6
7628,male,36,181.6,61.4,94,89,38.5
7629,male,18,188.6,90.6,62,97,41.0
7630,male,46,184.3,76.8,49,161,37.8
7631,male,40,171.8,89.0,22,79,37.2
7632,female,50,163.4,58.5,63,65,39.9
7633,female,69,160.3,54.6,61,102,38.5
7634,female,58,164.8,70.1,71,109,40.3
7635,male,40,175.5,90.6,32,71,41.5
7636,male,22,174.3,72.7,85,76,38.0
7637,male,24,185.7,84.5,19,132,38.4
7638,female,23,160.1,69.0,39,90,39.7
7639,female,66,164.3,51.2,46,74,40.0
7640,male,39,168.0,92.0,29,136,41.5
7641,male,66,180.2,84.7,17,114,39.2
7642,female,30,167.7,43.2,70,89,38.0
7643,female,29,165.9,65.9,103,160,41.0
7644,female,21,153.1,60.4,61,128,40.2
7645,male,25,177.3,90.0,65,118,39.8
7646,male,54,174.4,74.3,90,107,40.9
7647,male,48,174.7,90.0,86,166,37.3
7648,female,54,154.0,67.4,89,91,39.0
7649,female,62,165.4,62.8,15,80,41.0
7650,male,43,173.4,102.2,117,179,37.4
7651,male,60,177.2,85.4,61,156,39.6
7652,female,25,155.4,67.1,47,125,38.4
7653,male,57,175.7,86.9,117,150,39.5
7654,female,50,167.9,51.1,51,131,37.4
7655,female,62,157.0,53.7,46,102,39.4
7656,male,46,181.4,79.7,8,128,39.3
7657,female,22,145.8,43.9,66,107,37.3
7658,male,45,167.1,67.2,29,165,38.1
7659,female,57,163.3,75.6,38,146,37.6
7660,female,34,176.2,88.6,60,78,39.1
7661,male,40,164.3,75.4,114,128,38.3
7662,female,62,165.0,73.6,73,159,39.3
7663,male,26,181.2,51.9,45,127,39.5
7664,male,19,186.3,100.4,37,156,37.0
7665,female,49,166.5,60.8,48,133,40.9
7666,male,68,169.8,96.0,75,113,37.7
7667,male,69,177.6,63.3,96,136,40.8
7668,male,66,166.4,81.2,112,116,39.4
7669,male,48,173.6,84.9,88,146,38.0
7670,male,24,174.9,81.6,78,87,40.5
7671,male,47,174.8,82.8,34,183,39.9
7672,female,20,160.0,67.5,71,182,39.9
7673,male,68,168.3,83.8,32,96,38.4
7674,female,68,162.4,73.9,99,112,38.8
7675,female,26,171.7,73.5,44,164,39.4
7676,male,27,162.0,80.2,107,76,38.7
7677,female,63,167.3,71.4,35,122,38.6
7678,female,67,169.9,59.7,70,179,40.8
7679,male,64,181.4,93.5,99,88,41.3
7680,male,43,172.9,78.1,22,67,39.2
7681,male,18,168.5,75.2,14,150,40.9
7682,female,47,174.3,72.5,36,66,40.6
7683,female,55,166.3,57.8,116,152,39.2
7684,male,32,176.7,82.0,76,72,40.0
7685,male,42,189.0,88.7,89,165,37.3
7686,female,23,149.5,56.1,89,65,39.9
7687,female,35,168.8,76.3,47,165,38.1
7688,female,18,155.6,68.2,50,110,41.2
7689,female,20,170.9,48.2,89,68,40.0
7690,male,34,180.3,80.5,99,136,39.8
7691,female,65,152.8,79.5,31,153,41.1
7692,female,25,162.6,65.0,97,96,40.4
7693,female,66,155.5,58.5,82,80,38.9
7694,female,57,150.9,59.6,13,95,40.5
7695,male,34,156.3,70.9,15,69,41.2
7696,male,42,178.8,88.3,75,107,41.2
7697,female,58,168.3,79.0,9,77,38.1
7698,female,29,164.1,74.2,76,72,39.5
7699,male,46,178.2,72.5,109,75,40.6
7700,male,42,181.3,83.4,63,131,41.4
7701,female,68,152.6,66.3,71,97,37.4
7702,female,53,153.0,75.8,37,68,40.5
7703,male,42,186.8,83.3,87,179,39.0
7704,male,46,169.2,73.6,51,174,40.8
7705,male,28,175.5,66.0,116,86,40.4
7706,male,21,154.0,81.0,36,122,39.0
7707,male,31,163.1,93.2,45,124,41.2
7708,male,63,176.3,87.0,13,162,38.7
7709,female,55,153.4,53.7,15,174,38.8
7710,male,34,164.1,73.9,39,167,40.4
7711,male,19,175.6,82.2,16,171,38.2
7712,male,25,172.0,70.0,16,163,40.5
7713,male,53,182.6,74.9,102,145,40.6
7714,female,27,161.9,55.9,54,160,40.3
7715,female,24,151.7,48.6,55,90,38.7
7716,male,53,169.8,100.8,40,79,39.1
7717,female,33,159.7,76.1,102,96,39.5
7718,female,31,160.3,45.3,34,117,37.6
7719,female,33,158.7,84.5,45,125,38.7
7720,female,42,163.3,73.3,7,68,37.7
7721,female,58,157.0,66.9,102,158,38.2
7722,female,21,178.2,63.8,53,147,41.1
7723,male,46,172.1,72.7,59,170,37.3
7724,male,23,175.6,75.6,36,81,39.5
7725,male,18,176.8,81.1,83,145,39.0
7726,male,56,167.1,69.2,12,76,40.0
7727,male,18,172.2,90.1,55,143,41.3
7728,female,68,164.1,61.3,107,157,39.1
7729,male,57,174.7,56.7,110,75,39.3
7730,male,20,170.3,102.3,53,155,37.5
7731,female,18,164.2,59.8,77,78,41.1
7732,female,18,163.7,79.8,94,79,38.7
7733,male,56,167.6,73.1,67,77,37.2
7734,female,38,172.0,49.8,26,98,39.4
7735,female,62,145.5,67.4,119,69,40.8
7736,female,47,161.2,57.8,42,180,39.7
7737,female,49,156.6,67.5,98,134,39.7
7738,male,50,166.3,61.7,37,111,37.1
7739,female,65,170.1,66.5,18,157,41.4
7740,male,39,182.2,80.9,73,107,38.8
7741,male,47,173.3,96.1,14,161,37.6
7742,female,63,164.4,70.6,48,88,37.6
7743,female,21,165.7,67.0,29,108,40.0
7744,female,40,152.9,83.7,88,113,38.9
7745,male,61,173.7,75.4,56,157,37.2
7746,female,42,169.8,50.2,79,97,37.4
7747,female,29,164.5,75.6,55,66,38.9
7748,female,34,164.0,52.0,55,98,40.6
7749,female,32,162.6,73.3,38,158,37.6
7750,female,27,153.4,79.5,20,146,37.5
7751,male,52,178.2,85.5,72,127,39.1
7752,female,69,171.2,61.0,61,150,39.4
7753,female,69,169.2,72.1,104,131,39.3
7754,female,46,170.2,75.1,57,144,39.3
7755,male,29,182.4,83.5,56,74,41.0
7756,female,18,161.9,48.3,32,79,38.8
7757,male,18,185.9,95.7,78,140,37.2
7758,male,27,173.4,70.7,92,173,37.0
7759,female,35,170.9,65.0,52,140,38.8
7760,female,64,158.9,56.4,77,181,41.0
7761,female,19,157.0,63.0,10,103,40.2
7762,male,66,175.1,91.7,41,115,39.6
7763,male,25,169.0,83.1,14,79,40.2
7764,male,39,181.5,73.3,65,155,37.8
7765,male,39,173.0,70.3,99,84,38.3
7766,male,43,179.8,89.3,104,135,40.6
7767,male,43,172.9,78.9,45,154,37.0
7768,female,26,167.2,64.6,56,127,38.4
7769,female,38,176.8,61.2,38,155,41.3
7770,male,48,178.8,83.6,13,117,39.7
7771,female,69,168.2,53.3,33,78,40.3
7772,female,60,166.3,68.7,45,77,38.8
7773,male,23,171.7,84.8,106,142,37.5
7774,male,31,180.9,75.4,114,148,40.1
7775,female,50,159.6,65.5,5,108,38.9
7776,male,24,179.5,68.6,118,160,37.6
7777,male,41,174.1,68.5,68,103,41.0
7778,female,26,157.8,69.9,16,130,38.1
7779,male,28,182.2,83.6,27,144,38.6
7780,female,40,159.4,61.1,5,146,37.9
7781,female,65,163.7,73.5,99,124,38.8
7782,female,68,160.2,66.7,106,97,39.8
7783,female,19,159.6,54.3,29,128,37.9
7784,female,32,154.3,63.4,42,161,38.6
7785,male,52,174.5,62.9,8,111,37.1
7786,male,53,180.8,67.1,47,157,37.7
7787,male,69,166.4,76.1,94,153,41.1
7788,male,45,177.1,85.0,65,96,39.9
7789,female,56,176.5,50.0,36,74,39.3
7790,female,61,154.3,70.4,32,128,39.3
7791,male,21,195.1,68.0,37,141,39.9
7792,female,27,174.0,52.3,31,67,37.9
7793,male,23,175.0,86.9,5,124,37.2
7794,male,47,168.4,81.5,12,151,38.8
7795,male,63,173.6,68.4,89,90,41.1
7796,female,52,171.9,58.3,27,133,39.3
7797,female,66,157.5,69.8,36,145,41.0
7798,female,60,164.9,48.8,7,157,37.6
7799,female,27,162.7,74.8,48,96,38.2
7800,male,49,179.5,82.1,58,168,39.9
7801,female,59,164.9,63.6,10,98,37.1
7802,female,59,168.2,51.5,74,167,37.7
7803,female,20,156.5,44.1,53,159,37.5
7804,male,43,180.5,84.8,63,181,39.3
7805,male,32,169.0,94.5,61,140,41.0
7806,female,34,155.7,65.4,93,102,37.0
7807,female,44,159.8,53.4,65,149,37.3
7808,female,35,165.5,54.0,60,86,40.0
7809,female,68,169.1,76.8,45,94,38.7
7810,male,36,157.1,57.7,18,117,41.0
7811,female,29,167.0,55.3,87,148,39.4
7812,female,41,161.9,88.0,81,150,37.3
7813,female,22,165.8,75.5,41,181,37.0
7814,male,41,170.8,100.8,45,66,39.0
7815,male,44,178.0,93.7,34,135,38.8
7816,female,65,160.5,77.4,96,102,39.2
7817,female,47,167.2,73.8,46,121,38.9
7818,female,32,175.7,63.9,40,97,39.7
7819,female,64,171.4,75.9,60,113,41.1
7820,female,55,155.1,75.5,75,156,40.4
7821,male,61,176.8,111.8,87,92,39.4
7822,male,51,173.6,93.1,117,127,39.4
7823,male,44,167.5,79.2,82,118,41.4
7824,female,37,163.3,49.2,117,70,41.2
7825,male,58,183.2,96.8,30,126,37.7
7826,male,49,182.0,87.5,88,159,39.9
7827,male,21,172.9,89.4,18,100,38.4
7828,female,22,161.4,49.1,43,138,37.9
7829,female,25,166.6,81.8,100,182,41.2
7830,male,39,183.6,68.8,115,83,37.4
7831,female,59,166.9,68.2,64,70,37.1
7832,male,24,154.6,85.5,98,98,39.1
7833,male,39,177.4,75.4,32,72,39.4
7834,male,63,181.4,72.2,48,70,37.5
7835,male,47,166.3,99.8,49,105,41.3
7836,female,54,167.4,64.3,22,175,37.4
7837,female,33,168.1,73.1,34,153,40.2
7838,female,32,171.1,58.9,106,179,38.6
7839,female,22,173.4,75.9,74,182,38.2
7840,male,20,185.3,69.8,74,79,37.9
7841,female,40,165.8,49.3,7,86,37.8
7842,male,27,168.0,81.0,11,68,39.4
7843,female,22,162.5,66.8,112,137,37.2
7844,female,40,157.2,61.6,38,150,40.5
7845,female,32,173.1,66.7,86,120,38.1
7846,male,35,182.9,89.0,69,82,39.0
7847,male,42,186.1,53.4,31,173,37.4
7848,male,25,173.7,73.4,58,171,39.1
7849,male,48,171.0,75.5,83,88,39.8
7850,female,38,176.0,71.2,47,163,37.2
7851,male,19,174.3,86.8,28,131,40.9
7852,male,39,169.8,84.0,95,82,38.3
7853,female,25,161.6,68.9,66,153,38.5
7854,female,40,161.5,72.7,97,148,37.7
7855,male,49,165.6,62.0,88,103,41.0
7856,female,25,167.7,62.7,44,153,38.6
7857,male,21,174.6,75.6,34,125,38.3
7858,female,47,161.3,64.0,48,177,40.2
7859,male,36,166.1,88.4,86,141,38.4
7860,male,40,165.7,76.0,105,142,39.1
7861,male,35,190.5,83.4,87,158,41.5
7862,male,46,170.0,77.4,19,108,39.2
7863,male,40,179.9,66.6,53,168,39.1
7864,female,50,171.7,65.9,91,92,40.6
7865,male,69,152.8,52.8,47,94,37.2
7866,male,64,189.3,75.3,10,115,38.7
7867,male,35,180.5,72.9,54,97,40.2
7868,male,61,168.9,66.9,50,178,41.1
7869,male,50,174.8,89.8,106,174,39.9
7870,female,24,159.9,70.4,44,146,39.4
7871,female,68,156.8,74.2,112,128,39.1
7872,male,45,167.7,88.3,34,116,39.2
7873,female,18,155.6,69.6,117,92,39.1
7874,male,56,169.2,79.9,78,183,41.2
7875,female,51,167.0,69.4,34,165,40.6
7876,female,56,173.2,77.0,5,137,38.5
7877,male,36,189.3,92.3,33,78,37.3
7878,female,48,157.9,62.3,93,133,40.1
7879,female,30,162.3,69.9,99,163,40.3
7880,male,41,175.7,82.8,19,118,40.5
7881,male,22,167.1,73.1,21,113,38.0
7882,female,40,153.4,69.5,12,176,39.9
7883,female,36,163.8,56.6,108,71,39.9
7884,female,18,153.0,64.9,78,176,37.5
7885,male,50,187.7,75.3,50,174,40.5
7886,female,67,166.0,71.1,61,108,39.7
7887,female,50,156.6,58.5,83,124,39.2
7888,female,49,173.7,59.9,110,65,37.2
7889,male,45,187.1,65.3,32,115,39.1
7890,male,54,167.4,82.2,94,173,40.8
7891,male,58,188.4,94.2,88,163,38.7
7892,male,29,173.2,64.9,81,102,41.4
7893,female,26,160.3,50.9,35,130,40.5
7894,male,67,175.0,70.1,55,177,40.7
7895,female,28,171.6,57.8,82,132,39.6
7896,female,50,159.6,66.3,33,138,38.3
7897,female,36,159.3,68.4,82,163,38.8
7898,female,59,162.1,58.8,108,123,39.8
7899,male,51,186.0,89.5,18,172,41.0
7900,male,24,156.5,88.2,88,162,40.3
7901,male,48,165.1,62.2,45,126,38.6
7902,male,69,169.2,81.0,39,103,38.2
7903,male,19,166.4,97.0,9,171,39.9
7904,female,36,157.1,47.1,68,127,37.4
7905,male,55,185.1,48.6,83,96,38.7
7906,male,49,179.7,67.2,60,181,38.1
7907,male,27,169.9,91.9,81,85,40.9
7908,male,58,185.7,73.3,5,149,40.0
7909,female,25,159.0,75.2,11,87,37.5
7910,female,43,162.1,68.2,16,164,39.3
7911,female,47,157.7,55.9,100,79,40.6
7912,female,28,158.7,56.5,25,65,37.5
7913,female,58,158.0,57.4,80,93,39.6
7914,male,37,166.4,89.1,40,158,40.4
7915,female,37,163.8,65.4,37,180,37.9
7916,female,26,162.0,69.1,8,83,41.2
7917,female,25,161.5,56.8,55,97,39.5
7918,male,32,165.2,74.8,53,152,39.8
7919,male,51,176.4,71.5,77,134,38.6
7920,female,41,161.8,73.3,43,74,40.5
7921,male,50,177.2,69.9,75,110,39.7
7922,male,58,165.7,89.0,22,111,41.1
7923,female,58,159.6,57.7,63,119,39.2
7924,male,62,176.0,78.7,27,82,39.7
7925,male,57,167.4,80.4,104,135,39.6
7926,male,44,160.2,83.4,24,74,39.6
7927,female,38,166.8,64.5,35,156,40.2
7928,female,22,170.6,67.8,93,123,37.5
7929,female,52,160.3,79.3,104,167,39.7
7930,male,38,176.4,79.4,71,98,38.9
7931,female,21,157.5,56.8,57,106,39.0
7932,male,66,164.8,79.6,58,162,39.0
7933,male,65,171.2,63.6,66,155,37.5
7934,male,33,168.1,90.6,24,106,37.1
7935,female,48,154.2,81.7,29,177,37.5
7936,female,43,168.6,63.1,98,131,39.0
7937,female,69,156.4,64.1,55,71,38.7
7938,female,52,160.6,76.0,25,178,37.6
7939,male,23,171.5,59.4,52,79,40.3
7940,female,50,165.5,62.4,103,167,40.2
7941,male,38,167.2,55.6,58,99,41.1
7942,female,33,158.8,58.2,103,117,40.8
7943,female,64,170.4,67.8,98,65,40.7
7944,female,56,159.3,52.4,20,78,40.6
7945,male,51,174.9,72.0,91,179,41.0
7946,male,59,175.5,85.9,64,169,39.3
7947,male,32,174.3,67.2,79,180,37.4
7948,male,23,164.6,65.1,16,154,39.5
7949,male,19,176.3,80.2,103,86,40.8
7950,female,41,159.4,62.3,73,148,37.4
7951,male,66,164.2,83.5,107,126,40.7
7952,male,45,178.0,97.8,60,164,37.6
7953,male,18,170.1,95.4,109,100,37.1
7954,male,18,176.8,85.4,48,163,40.2
7955,female,45,164.3,62.5,42,174,39.9
7956,male,53,167.4,83.1,26,80,41.0
7957,female,37,167.9,71.9,85,127,40.0
7958,female,65,163.1,68.8,25,70,38.2
7959,female,25,173.4,48.3,95,86,41.1
7960,male,18,164.1,71.0,113,71,41.1
7961,female,43,164.7,79.3,17,159,41.2
7962,male,68,185.7,77.8,98,81,40.3
7963,male,60,173.1,103.0,50,144,40.9
7964,male,66,165.4,66.7,63,114,38.1
7965,male,42,180.7,95.0,83,123,39.6
7966,male,27,180.5,74.9,22,106,38.2
7967,female,29,152.9,64.3,47,104,38.5
7968,female,58,149.4,50.5,59,78,40.7
7969,male,24,171.5,57.9,79,137,40.2
7970,female,29,160.1,69.4,106,180,41.2
7971,male,64,159.9,74.7,75,144,40.5
7972,female,57,161.0,63.9,109,117,38.3
7973,female,34,164.8,73.1,102,72,41.0
7974,female,22,165.9,85.3,36,170,37.3
7975,female,31,155.8,80.3,81,155,37.4
7976,female,51,173.2,66.9,20,180,38.2
7977,male,65,179.9,87.8,94,142,40.6
7978,male,34,184.6,91.3,44,123,41.2
7979,female,52,162.1,66.2,45,130,39.9
7980,male,18,165.0,78.3,58,168,41.2
7981,female,67,155.2,66.6,38,152,39.7
7982,male,67,186.5,67.2,89,136,41.2
7983,female,53,178.8,72.2,22,135,38.9
7984,female,32,165.9,53.3,24,127,41.4
7985,female,36,164.9,56.1,80,143,37.9
7986,male,68,176.8,78.6,89,151,38.0
7987,male,59,184.9,54.7,108,157,38.1
7988,female,22,164.1,67.0,100,155,37.8
7989,female,36,162.6,90.8,110,123,39.3
7990,male,60,171.4,73.8,13,174,39.4
7991,male,56,184.7,84.3,51,75,40.5
7992,male,22,177.6,62.6,65,137,38.4
7993,male,69,176.0,63.4,15,98,41.1
7994,male,29,170.6,85.4,15,97,40.7
7995,female,36,157.9,82.6,106,170,40.4
7996,male,64,188.3,56.4,32,93,41.4
7997,female,29,153.7,58.9,85,142,37.1
7998,female,53,170.8,66.2,101,159,41.4
7999,male,29,172.1,91.2,117,116,38.1
8000,male,35,171.0,68.9,102,125,37.2
8001,female,66,173.7,75.4,28,166,39.0
8002,male,68,175.3,80.5,25,179,40.1
8003,female,65,148.8,45.9,111,103,38.3
8004,male,60,184.3,71.6,110,173,39.0
8005,male,51,179.3,83.5,39,127,38.1
8006,male,65,163.6,66.0,41,155,37.0
8007,female,50,167.7,57.9,15,146,41.0
8008,male,66,176.9,76.4,36,139,38.6
8009,female,35,162.7,54.1,107,99,37.7
8010,male,46,174.4,108.9,30,82,38.7
8011,female,62,156.9,75.1,22,135,37.1
8012,male,22,166.3,75.3,109,83,37.4
8013,female,42,158.6,54.3,80,106,39.5
8014,female,41,164.1,66.8,110,128,38.0
8015,female,46,159.9,55.5,24,156,39.9
8016,female,55,159.6,57.6,106,71,39.0
8017,female,50,161.0,61.3,38,66,37.3
8018,female,27,173.5,57.0,95,110,39.4
8019,male,54,182.1,75.4,58,96,39.9
8020,female,50,159.8,80.5,102,86,39.5
8021,female,40,165.4,46.1,69,158,38.1
8022,female,28,157.1,59.1,83,142,37.1
8023,male,41,176.7,62.9,18,131,38.9
8024,male,41,176.5,82.7,47,137,40.0
8025,male,24,190.3,82.5,31,116,37.3
8026,female,67,177.0,62.2,71,79,41.1
8027,male,38,186.5,79.9,6,134,38.5
8028,male,37,177.3,73.2,80,172,38.6
8029,female,27,168.1,56.9,67,153,38.5
8030,female,42,160.4,67.1,55,174,41.0
8031,male,64,179.7,79.4,102,112,41.3
8032,female,53,182.1,69.8,97,104,41.0
8033,female,65,168.1,80.7,114,124,40.5
8034,female,64,162.6,72.1,91,170,38.2
8035,female,32,158.0,63.7,53,68,40.3
8036,male,61,166.7,77.4,77,85,38.3
8037,female,57,150.9,80.8,19,131,38.7
8038,male,57,175.2,79.5,5,124,37.6
8039,male,67,165.6,93.6,41,131,39.4
8040,male,23,171.6,79.5,107,103,40.6
8041,male,54,182.2,84.3,14,158,40.1
8042,female,19,158.1,67.1,25,131,38.7
8043,female,29,169.4,72.7,39,90,40.0
8044,female,21,151.4,51.6,54,138,39.9
8045,male,40,177.0,82.3,38,180,39.4
8046,male,30,171.0,87.9,109,133,38.2
8047,male,34,181.3,59.5,79,122,37.1
8048,female,48,159.8,58.8,52,78,37.2
8049,male,33,184.1,83.0,58,74,41.3
8050,female,58,165.3,64.4,114,73,40.9
8051,female,43,150.2,53.2,72,166,38.1
8052,female,45,162.5,74.6,78,67,37.9
8053,female,18,150.8,65.2,116,139,38.4
8054,male,64,172.0,74.3,14,131,39.6
8055,female,29,157.9,58.8,107,166,37.1
8056,male,54,171.4,79.4,35,112,41.0
8057,female,67,161.7,62.0,118,102,40.5
8058,male,37,176.6,90.4,117,103,39.4
8059,male,19,163.7,81.4,15,105,40.9
8060,female,53,156.9,62.2,8,107,39.5
8061,female,32,169.3,64.3,91,173,37.4
8062,female,55,166.3,87.3,110,142,39.5
8063,male,39,190.4,84.0,109,131,39.2
8064,female,61,153.6,71.3,79,70,40.1
8065,female,67,171.7,69.7,9,110,38.6
8066,male,49,172.8,81.0,26,170,38.6
8067,female,37,157.6,78.6,43,142,41.2
8068,male,53,178.6,84.8,45,80,41.1
8069,female,50,170.0,54.5,15,89,41.1
8070,male,32,166.9,78.9,62,108,38.9
8071,male,67,166.2,84.4,15,177,40.4
8072,female,63,170.2,75.1,52,91,41.2
8073,male,20,170.5,77.0,76,150,41.4
8074,female,46,162.2,62.4,57,118,38.1
8075,female,64,153.6,65.4,61,120,38.0
8076,male,44,180.3,78.6,44,139,39.2
8077,female,22,158.2,57.4,102,165,40.9
8078,male,48,181.0,78.2,53,107,39.4
8079,male,39,185.4,59.1,66,123,40.6
8080,male,52,182.8,78.8,65,147,39.1
8081,male,24,181.7,69.5,56,147,40.4
8082,male,23,172.3,79.3,32,181,38.2
8083,male,43,176.1,66.9,70,144,40.7
8084,male,18,171.6,80.6,119,158,40.6
8085,male,36,173.2,76.4,81,136,38.0
8086,female,24,149.4,56.9,46,158,40.9
8087,female,53,166.6,66.3,82,120,37.5
8088,male,29,178.4,84.5,73,72,40.5
8089,female,37,160.1,68.1,39,181,40.8
8090,female,40,171.7,59.0,102,115,40.7
8091,female,42,151.6,58.5,13,165,38.1
8092,female,47,162.0,58.7,11,93,37.4
8093,female,46,167.4,60.4,61,78,37.1
8094,female,48,166.2,60.5,40,178,37.1
8095,male,35,183.9,70.4,39,164,39.3
8096,female,58,166.5,65.9,18,164,37.9
8097,female,36,158.7,62.0,78,167,40.9
8098,female,21,176.5,57.8,119,76,37.7
8099,female,18,151.7,65.9,119,77,40.0
8100,male,58,179.5,97.1,85,76,41.1
8101,male,32,166.1,87.4,78,142,41.3
8102,male,25,175.2,84.0,36,74,40.9
8103,male,32,177.0,102.1,28,108,37.9
8104,female,32,166.9,53.3,43,123,39.4
8105,male,67,176.8,89.3,88,72,37.8
8106,male,56,179.1,70.2,38,88,39.7
8107,male,39,170.4,72.7,43,101,38.1
8108,male,35,167.5,111.2,44,107,38.5
8109,female,33,165.3,60.9,19,176,39.5
8110,male,19,172.6,102.2,53,153,37.5
8111,female,53,165.7,88.3,64,72,38.6
8112,male,37,180.4,84.8,18,128,38.5
8113,female,33,159.1,78.3,108,141,39.6
8114,female,20,158.4,67.2,19,131,39.6
8115,male,47,167.0,80.3,16,137,38.8
8116,male,19,165.1,81.0,22,104,40.9
8117,male,52,187.7,76.9,19,138,39.9
8118,male,43,166.7,78.8,10,175,40.6
8119,female,22,156.3,64.8,65,110,39.6
8120,female,19,155.1,72.0,12,147,38.7
8121,male,68,163.4,79.4,114,156,38.7
8122,male,37,172.7,61.3,54,82,37.9
8123,female,51,171.6,61.2,22,146,40.8
8124,male,51,169.5,78.5,110,136,40.8
8125,female,37,152.9,78.1,99,169,37.5
8126,male,67,178.4,60.9,105,168,40.7
8127,female,42,164.3,72.7,71,72,40.7
8128,female,37,170.0,57.7,28,123,39.7
8129,female,42,175.7,76.8,99,100,40.4
8130,female,31,154.7,69.7,95,160,41.1
8131,female,64,164.0,66.5,92,85,39.2
8132,male,61,176.3,93.3,44,173,40.5
8133,female,60,156.7,61.7,28,67,41.3
8134,male,60,176.0,67.0,60,152,38.7
8135,female,56,160.7,58.4,49,80,39.0
8136,female,29,156.8,65.3,16,147,39.9
8137,male,65,172.3,72.7,43,119,39.2
8138,male,22,164.8,85.9,95,86,38.2
8139,male,19,156.2,79.5,33,86,39.7
8140,male,33,167.5,72.9,5,177,40.4
8141,female,47,178.6,70.5,5,141,37.0
8142,male,64,172.5,72.0,41,76,37.9
8143,female,60,168.9,70.9,16,124,41.5
8144,male,55,158.0,80.8,72,156,40.9
8145,male,62,166.9,77.9,75,136,41.5
8146,female,68,165.3,71.3,113,73,39.9
8147,female,59,160.3,59.6,52,148,39.3
8148,male,41,194.4,77.0,44,143,37.1
8149,female,68,161.3,69.3,19,132,38.6
8150,female,47,160.7,51.3,30,88,38.9
8151,female,54,169.1,63.8,59,112,37.6
8152,female,56,161.4,58.5,29,109,38.8
8153,female,28,149.5,48.6,99,70,38.0
8154,female,31,167.5,75.6,46,184,39.0
8155,female,40,172.1,75.8,29,128,39.7
8156,female,33,151.3,57.8,29,151,40.0
8157,male,67,172.5,65.5,29,168,39.4
8158,female,38,172.8,73.8,21,79,37.2
8159,male,21,191.2,63.9,79,94,41.1
8160,female,50,155.2,74.5,25,148,40.7
8161,female,64,170.4,67.9,62,91,39.7
8162,female,31,153.4,76.5,20,91,40.8
8163,female,36,158.3,53.3,115,162,40.9
8164,male,22,177.5,83.7,101,161,38.0
8165,male,53,179.1,81.4,106,181,38.2
8166,female,48,173.3,53.4,11,122,37.3
8167,male,62,178.2,66.2,79,74,39.5
8168,female,35,170.1,49.2,9,137,40.2
8169,female,61,160.5,65.5,102,136,37.5
8170,male,48,166.6,81.3,83,142,39.1
8171,male,47,160.2,77.8,29,183,40.7
8172,female,38,162.3,77.2,12,65,40.0
8173,female,64,157.8,69.0,5,138,39.5
8174,male,47,185.0,89.1,66,68,39.4
8175,female,58,161.4,67.0,37,123,38.7
8176,male,21,173.4,67.8,82,146,39.0
8177,female,22,177.8,49.4,51,158,38.3
8178,female,58,175.4,67.7,64,105,40.0
8179,male,62,181.5,61.7,47,154,39.9
8180,male,27,190.8,66.3,9,107,37.9
8181,male,44,192.5,82.8,94,78,38.2
8182,female,33,162.8,60.6,107,93,41.4
8183,female,47,162.1,70.6,26,179,37.5
8184,female,30,164.6,67.7,67,137,40.1
8185,female,53,161.5,63.6,6,101,39.3
8186,male,38,180.4,86.2,103,178,37.4
8187,female,62,165.1,61.0,106,180,37.3
8188,female,57,152.0,74.6,7,86,40.6
8189,female,62,164.0,66.4,5,152,39.8
8190,male,32,169.3,59.0,102,163,37.2
8191,female,37,162.4,48.5,109,100,38.3
8192,female,37,164.3,76.0,15,159,38.2
8193,male,62,191.0,95.7,103,122,39.5
8194,female,22,151.5,66.9,119,79,38.1
8195,female,49,154.7,75.3,73,125,40.6
8196,male,23,179.1,83.1,97,71,38.1
8197,female,47,159.1,52.0,21,163,39.0
8198,female,43,166.9,55.3,111,155,38.9
8199,female,54,163.1,64.4,5,172,37.3
8200,male,30,180.9,84.2,37,106,38.8
8201,female,46,165.4,76.2,50,162,38.8
8202,female,22,158.3,62.8,34,89,37.7
8203,male,42,156.9,80.1,81,128,41.0
8204,male,30,170.2,96.3,56,108,38.7
8205,female,41,180.8,71.5,113,70,40.8
8206,female,48,155.1,63.6,13,68,39.6
8207,female,37,160.5,61.7,76,130,37.0
8208,female,25,160.8,79.1,79,167,40.1
8209,male,26,192.4,79.0,7,78,38.8
8210,female,38,168.1,72.5,52,68,40.3
8211,male,68,176.0,93.3,30,99,40.1
8212,male,37,177.9,76.0,88,141,40.3
8213,female,32,167.9,62.1,57,157,40.1
8214,female,43,158.5,61.7,16,178,37.1
8215,male,59,169.9,100.7,70,98,41.3
8216,male,28,176.5,94.8,87,90,39.1
8217,female,54,160.4,64.9,69,171,41.0
8218,male,58,166.6,65.3,97,167,37.7
8219,female,28,180.3,76.4,27,120,38.6
8220,female,44,147.9,57.2,116,154,41.4
8221,male,47,183.1,68.9,10,132,40.9
8222,male,36,175.9,78.3,47,184,40.6
8223,female,51,175.5,71.0,102,142,38.3
8224,male,55,166.7,93.0,109,175,40.2
8225,female,40,164.7,61.4,87,139,38.1
8226,female,18,159.7,72.9,100,67,40.0
8227,female,20,167.2,81.1,87,151,41.4
8228,male,20,187.3,67.3,63,72,38.6
8229,female,45,164.8,69.9,113,108,39.2
8230,female,31,172.0,82.1,98,154,38.8
8231,female,69,166.1,55.6,101,142,37.4
8232,female,47,157.9,54.6,65,69,41.3
8233,female,22,165.2,52.6,46,122,38.7
8234,female,66,179.9,72.5,115,150,41.3
8235,female,32,167.0,54.9,107,142,40.2
8236,female,55,164.1,70.6,69,76,38.0
8237,female,31,153.4,78.6,28,131,39.7
8238,female,31,168.1,58.4,118,173,37.4
8239,female,66,169.1,57.4,39,158,37.9
8240,male,25,173.1,59.4,29,84,37.5
8241,female,25,163.8,65.5,19,67,37.3
8242,female,36,182.8,41.4,31,97,39.8
8243,female,49,169.0,80.3,19,141,38.2
8244,male,48,162.7,82.8,20,174,40.4
8245,female,46,163.5,61.2,110,82,38.5
8246,male,58,185.5,88.8,66,139,40.9
8247,female,28,167.4,72.0,60,90,39.0
8248,female,62,162.1,64.6,26,71,38.6
8249,male,30,189.3,94.3,91,154,37.2
8250,female,44,166.2,66.5,69,67,40.3
8251,male,36,170.0,82.8,21,65,41.4
8252,male,43,173.9,88.6,63,181,38.2
8253,female,68,163.6,63.1,15,81,39.9
8254,female,54,169.8,57.4,6,76,40.0
8255,female,65,158.7,67.7,97,177,39.0
8256,female,26,149.0,69.8,62,166,38.5
8257,male,45,186.6,72.4,74,137,37.2
8258,male,49,173.6,75.7,16,145,41.3
8259,female,69,169.7,73.9,59,167,39.3
8260,male,20,172.6,74.4,118,146,38.4
8261,male,68,164.7,82.9,7,184,41.0
8262,female,49,170.9,60.0,113,87,37.6
8263,male,22,179.3,90.9,81,155,40.2
8264,male,25,175.1,106.3,70,66,37.5
8265,female,31,158.2,63.1,96,91,40.3
8266,male,20,163.0,79.2,70,169,39.7
8267,female,41,174.4,60.1,5,119,39.6
8268,male,30,177.7,64.5,113,178,39.5
8269,female,60,161.8,40.4,84,79,39.0
8270,male,46,173.3,85.6,69,178,41.0
8271,male,25,174.2,85.9,35,108,37.2
8272,female,68,158.0,80.9,112,165,40.9
8273,female,59,163.2,67.3,100,133,38.9
8274,female,48,152.4,63.0,22,159,38.5
8275,female,43,160.7,63.0,50,169,39.7
8276,male,35,179.9,70.4,30,113,38.0
8277,male,35,161.9,87.9,28,127,39.0
8278,male,24,174.8,91.2,45,165,39.8
8279,female,65,159.0,70.9,116,99,38.7
8280,male,55,167.1,77.9,34,83,38.4
8281,male,65,186.4,74.0,12,117,39.7
8282,female,33,179.5,55.8,72,156,39.8
8283,female,50,169.5,62.5,50,66,38.4
8284,male,68,173.7,72.0,64,164,39.9
8285,female,20,165.6,66.1,50,116,40.8
8286,male,55,183.1,87.2,93,84,37.5
8287,male,21,167.4,69.8,94,178,41.2
8288,female,53,166.6,81.3,78,179,37.3
8289,male,21,179.8,81.2,5,123,39.4
8290,female,59,167.0,63.6,99,67,41.1
8291,female,26,167.8,66.9,66,72,38.2
8292,male,57,171.4,100.8,50,104,40.1
8293,male,68,186.1,84.8,23,94,37.2
8294,male,34,178.7,73.8,7,76,39.2
8295,female,34,166.2,66.1,90,113,39.8
8296,male,50,166.6,102.0,106,180,39.4
8297,female,37,165.1,58.3,107,167,37.8
8298,female,31,172.7,48.8,62,81,37.1
8299,male,39,168.1,66.2,94,130,39.0
8300,female,69,154.9,56.1,83,165,37.8
8301,male,44,170.9,54.3,67,87,38.6
8302,male,60,185.8,103.7,81,103,40.8
8303,male,20,175.5,59.6,14,91,39.5
8304,male,41,186.0,82.1,58,121,37.4
8305,male,47,176.4,100.9,22,83,40.2
8306,male,25,168.9,91.7,73,108,39.0
8307,male,39,185.2,84.5,63,130,37.2
8308,female,42,171.5,65.4,48,96,40.2
8309,male,27,182.7,72.0,113,97,41.0
8310,female,66,162.3,75.2,100,107,40.4
8311,female,46,172.1,47.5,53,168,41.4
8312,female,57,170.6,50.3,119,87,37.7
8313,male,18,177.3,82.3,104,78,39.5
8314,female,69,171.4,48.1,115,144,37.4
8315,female,38,151.4,74.2,60,121,41.4
8316,male,56,179.9,76.8,24,162,38.0
8317,male,41,176.9,66.9,28,121,41.2
8318,female,26,171.0,55.0,83,122,39.1
8319,male,61,183.1,103.4,44,126,40.6
8320,male,43,169.8,97.8,62,104,41.3
8321,male,26,165.8,66.9,27,108,38.0
8322,male,37,174.7,99.9,45,111,40.7
8323,female,52,163.6,68.0,63,148,41.0
8324,male,53,181.3,88.0,18,172,39.5
8325,male,59,166.4,71.5,109,110,40.0
8326,male,53,183.2,106.0,47,170,39.0
8327,female,26,166.6,65.2,107,164,38.9
8328,female,39,151.7,48.4,15,180,37.7
8329,male,18,175.5,74.5,90,117,40.1
8330,male,22,168.9,111.5,103,93,37.8
8331,female,26,155.8,39.7,35,113,37.8
8332,male,54,171.7,67.7,21,117,39.3
8333,male,55,186.5,70.5,86,73,39.1
8334,female,36,165.3,56.6,111,137,39.9
8335,male,25,164.4,86.5,57,89,39.3
8336,male,59,177.0,65.0,50,111,38.4
8337,female,60,168.8,76.6,113,179,37.3
8338,female,49,160.3,66.1,82,145,39.6
8339,male,30,186.8,78.8,29,114,39.2
8340,female,37,170.0,78.3,29,135,37.4
8341,male,53,166.6,91.1,59,80,40.1
8342,male,60,170.6,81.9,26,101,38.1
8343,male,61,176.8,70.8,94,82,37.2
8344,female,54,151.1,49.3,46,103,37.0
8345,female,47,158.4,68.9,16,142,39.4
8346,male,27,160.9,85.9,59,120,41.2
8347,male,48,183.2,80.9,47,146,40.8
8348,female,42,162.7,61.1,100,72,37.5
8349,female,46,175.1,60.6,42,177,38.4
8350,female,41,160.6,72.1,9,121,38.4
8351,male,56,176.4,64.7,58,153,40.8
8352,female,38,150.3,61.9,21,84,40.6
8353,female,58,178.6,68.2,89,121,41.3
8354,male,26,172.3,70.9,113,181,39.3
8355,male,59,180.6,82.5,21,65,37.1
8356,male,59,175.4,66.6,36,174,41.1
8357,female,19,164.7,46.7,66,152,37.2
8358,male,21,181.1,104.7,38,174,40.7
8359,male,25,180.3,77.2,63,77,39.3
8360,male,49,162.1,65.9,110,139,41.3
8361,male,31,172.7,78.6,73,116,38.1
8362,female,66,171.1,43.5,94,166,39.3
8363,male,30,173.5,94.5,8,161,37.1
8364,female,38,169.7,49.8,113,94,39.7
8365,female,41,161.4,63.0,88,145,37.3
8366,female,67,162.3,58.4,99,121,37.3
8367,male,35,178.8,79.6,76,174,40.3
8368,female,62,160.3,63.6,74,69,37.8
8369,male,57,162.2,62.7,85,167,41.4
8370,male,43,175.5,67.2,111,86,38.8
8371,male,49,182.7,58.7,93,115,39.2
8372,female,61,155.6,78.4,8,143,38.4
8373,male,50,162.6,94.3,18,138,38.3
8374,male,69,172.2,72.0,107,166,40.9
8375,male,48,183.3,93.0,85,65,41.0
8376,female,35,165.5,58.4,64,110,37.9
8377,female,52,153.7,47.0,83,143,37.2
8378,female,29,163.4,60.2,93,106,38.2
8379,male,68,167.4,94.0,55,106,40.7
8380,female,42,164.6,48.0,17,157,39.2
8381,male,62,175.5,60.8,103,128,40.5
8382,male,48,182.2,84.6,78,85,40.7
8383,female,27,159.1,78.9,108,143,40.7
8384,male,64,177.1,80.7,34,163,39.6
8385,female,69,152.8,67.9,86,133,37.8
8386,male,51,175.0,94.6,71,83,39.8
8387,female,68,156.9,52.9,22,78,38.4
8388,male,20,178.1,86.9,25,79,40.4
8389,male,63,174.6,95.9,93,115,37.9
8390,male,56,173.7,110.2,48,147,39.9
8391,male,25,170.6,92.6,61,155,37.4
8392,male,49,175.7,84.3,60,80,40.6
8393,female,60,162.3,67.8,108,147,38.4
8394,male,46,194.1,98.6,51,117,41.4
8395,female,39,164.2,51.7,11,119,39.1
8396,female,37,153.2,65.6,119,87,38.2
8397,female,23,173.1,67.5,99,100,37.6
8398,male,60,174.2,78.7,103,82,41.4
8399,male,66,176.2,55.8,73,109,38.8
8400,male,46,165.2,69.7,77,152,40.0
8401,female,59,161.6,59.9,69,135,38.4
8402,male,34,159.1,70.0,23,153,38.0
8403,male,48,168.1,75.8,45,176,39.6
8404,female,51,181.3,84.2,100,172,38.8
8405,female,55,156.4,74.4,70,109,39.2
8406,female,54,167.3,64.8,86,71,40.2
8407,female,21,149.2,66.2,21,133,38.3
8408,female,19,162.1,77.7,62,169,37.7
8409,female,29,165.6,78.1,103,152,39.4
8410,male,52,164.4,88.7,72,148,37.5
8411,female,23,173.5,82.3,51,149,40.0
8412,male,63,168.4,79.7,69,84,39.7
8413,male,25,173.6,88.9,18,138,38.1
8414,male,38,171.3,57.7,81,151,38.2
8415,female,63,158.8,72.1,116,181,37.8
8416,male,52,179.4,86.6,20,110,41.0
8417,female,65,170.1,66.0,37,97,38.4
8418,female,32,165.6,66.8,103,182,41.1
8419,male,24,176.4,80.0,9,79,37.1
8420,female,32,152.7,73.0,60,98,38.8
8421,male,62,162.8,72.0,41,143,41.1
8422,male,23,188.6,82.1,16,69,40.2
8423,female,64,170.2,57.7,115,73,37.3
8424,male,34,179.6,102.1,107,155,39.2
8425,male,21,172.4,75.9,77,128,37.6
8426,male,39,169.4,90.5,69,124,37.6
8427,female,49,156.6,62.7,41,92,39.0
8428,male,39,183.3,60.6,86,73,40.9
8429,female,44,152.4,50.3,69,114,38.6
8430,female,63,155.3,59.8,51,100,40.1
8431,male,32,203.9,75.4,11,73,38.0
8432,male,61,184.6,69.1,27,95,38.8
8433,female,68,159.2,63.6,21,171,37.5
8434,female,39,167.3,73.3,46,109,37.6
8435,male,45,170.0,111.3,66,119,39.9
8436,male,59,172.8,92.1,107,142,37.1
8437,female,55,161.1,72.5,116,79,40.2
8438,female,26,162.8,61.5,106,181,40.9
8439,female,51,159.5,80.2,58,178,38.1
8440,female,53,151.1,51.8,48,105,40.9
8441,female,26,165.1,52.3,53,130,40.3
8442,male,32,168.8,89.9,35,127,40.7
8443,female,62,161.9,68.6,47,183,40.5
8444,female,37,147.1,52.6,14,174,37.0
8445,male,25,177.9,100.3,107,171,40.1
8446,male,45,164.1,82.3,53,160,39.0
8447,female,68,152.9,85.3,16,180,41.4
8448,female,36,167.9,64.2,41,91,39.6
8449,male,33,180.9,97.1,37,128,39.7
8450,female,28,162.9,81.3,48,124,41.5
8451,female,59,158.2,67.5,37,120,38.2
8452,male,25,163.1,80.9,49,135,40.5
8453,female,50,173.0,75.6,112,78,37.2
8454,male,27,186.4,89.2,51,124,39.2
8455,male,35,185.7,83.1,76,157,39.8
8456,male,52,177.9,90.5,80,104,37.9
8457,male,60,193.8,93.7,57,84,39.1
8458,female,67,169.6,54.9,31,167,39.1
8459,male,20,183.3,73.3,111,115,38.3
8460,female,57,172.6,65.1,105,69,39.7
8461,female,44,172.0,69.8,63,146,40.0
8462,female,45,165.7,60.8,103,136,37.4
8463,female,63,161.0,77.8,95,114,37.7
8464,female,23,154.4,51.7,79,135,41.3
8465,male,64,160.9,69.2,54,152,37.2
8466,male,31,166.8,58.8,78,124,37.5
8467,male,24,172.5,73.1,24,150,40.7
8468,male,27,180.8,82.2,101,84,40.6
8469,female,32,159.7,61.3,60,91,41.3
8470,male,48,174.4,69.3,22,84,40.9
8471,female,46,154.8,55.0,84,70,38.0
8472,female,59,157.7,74.6,69,72,40.1
8473,male,34,185.6,83.6,107,143,37.9
8474,male,68,176.2,87.7,83,86,40.7
8475,male,46,162.9,74.3,58,99,39.3
8476,male,66,165.0,67.5,9,106,39.1
8477,female,61,155.3,64.7,19,141,39.3
8478,female,32,163.4,54.1,66,156,37.1
8479,male,43,174.4,99.4,90,84,40.2
8480,female,29,164.5,53.2,113,157,37.8
8481,female,42,160.8,53.3,42,133,37.6
8482,female,58,160.9,67.8,49,67,38.4
8483,male,22,173.5,85.5,93,91,39.2
8484,female,21,165.5,62.9,65,133,39.3
8485,male,61,182.4,75.8,56,184,40.0
8486,male,65,173.2,88.1,101,124,37.3
8487,female,58,166.8,62.3,64,84,38.5
8488,female,48,175.6,77.8,104,87,38.1
8489,male,20,188.9,72.2,28,160,38.8
8490,female,20,171.1,72.0,67,76,39.3
8491,female,43,158.7,61.3,64,177,40.8
8492,male,67,168.6,78.9,14,119,40.9
8493,male,34,178.8,62.4,50,113,39.4
8494,male,27,164.4,80.6,72,160,40.5
8495,male,19,173.9,84.7,119,178,38.8
8496,female,41,157.9,67.4,10,144,41.4
8497,female,28,162.4,86.1,77,91,37.6
8498,male,41,179.3,83.3,48,129,37.6
8499,male,52,169.5,76.3,82,115,38.3
8500,male,40,157.0,75.0,96,140,37.5
8501,female,49,164.7,65.7,86,141,37.0
8502,male,40,182.8,69.7,35,136,38.5
8503,female,51,155.0,68.9,39,184,37.2
8504,male,58,157.3,69.9,39,108,39.6
8505,male,36,181.0,70.6,104,167,40.8
8506,male,19,159.3,86.0,23,93,37.8
8507,female,68,168.4,49.0,37,103,39.7
8508,female,19,171.0,63.5,99,80,38.1
8509,female,32,173.2,66.2,93,69,39.4
8510,male,38,181.2,73.7,115,107,39.4
8511,female,52,162.5,65.3,63,173,37.2
8512,female,22,173.3,45.4,51,121,41.2
8513,male,60,176.6,101.0,114,161,37.8
8514,male,44,189.0,83.1,75,84,39.6
8515,female,41,160.6,67.4,72,166,39.1
8516,female,24,159.8,61.2,111,100,40.6
8517,female,23,163.3,74.8,6,160,38.7
8518,female,63,157.0,78.9,93,112,40.3
8519,male,50,163.7,97.0,29,114,40.5
8520,male,66,169.4,83.2,38,66,37.7
8521,male,34,193.7,92.1,107,76,40.0
8522,female,63,154.6,53.4,115,178,39.0
8523,female,59,162.0,68.0,105,103,41.3
8524,male,47,173.3,52.1,57,117,41.4
8525,male,25,170.7,94.4,29,127,40.2
8526,female,57,169.5,69.7,26,76,39.5
8527,female,63,164.9,67.8,117,98,38.4
8528,male,24,163.1,56.8,41,169,38.2
8529,male,23,167.0,85.3,5,98,39.2
8530,male,21,180.7,80.9,36,76,39.4
8531,female,18,164.9,79.1,116,183,39.5
8532,female,32,165.7,65.3,83,81,40.6
8533,female,48,167.5,81.6,52,70,40.8
8534,female,42,151.5,57.8,82,94,38.6
8535,female,64,160.5,72.9,11,150,39.3
8536,female,50,165.6,66.7,71,101,40.4
8537,male,69,179.6,91.7,70,151,40.9
8538,male,52,181.0,85.5,61,144,37.7
8539,female,22,165.6,63.7,40,171,40.4
8540,male,22,163.7,75.6,97,90,41.1
8541,female,53,166.3,44.1,78,112,38.1
8542,male,34,188.7,86.8,17,175,39.2
8543,female,69,153.1,48.4,107,104,37.0
8544,male,31,178.9,82.4,106,95,40.7
8545,male,46,181.2,60.7,87,110,40.8
8546,female,25,157.3,71.0,48,130,41.1
8547,female,51,156.7,69.7,86,131,40.3
8548,male,57,179.0,65.5,66,152,38.5
8549,male,18,179.2,85.6,72,155,37.8
8550,female,46,165.4,65.8,51,101,38.5
8551,male,53,181.4,89.2,34,182,38.0
8552,female,68,162.7,55.2,77,164,37.5
8553,female,54,170.1,50.0,118,81,39.1
8554,male,46,172.5,72.7,39,172,37.9
8555,female,22,155.4,49.7,55,168,37.3
8556,male,49,169.5,86.6,57,171,39.5
8557,male,69,171.0,94.3,105,158,39.6
8558,female,41,166.5,61.3,14,132,39.3
8559,male,36,185.3,76.9,47,169,37.8
8560,female,29,161.4,43.7,107,123,38.9
8561,female,69,171.9,74.9,5,146,40.2
8562,female,18,158.1,79.3,6,104,40.2
8563,male,24,160.5,81.7,105,91,39.7
8564,female,34,158.2,79.7,9,159,40.7
8565,male,51,188.2,75.5,36,166,39.8
8566,female,60,167.4,67.3,113,168,37.3
8567,female,24,153.2,73.1,99,76,40.5
8568,female,34,161.2,62.5,43,95,38.7
8569,male,20,188.8,74.5,32,92,38.0
8570,male,46,176.6,76.8,75,176,37.2
8571,female,39,177.3,48.4,55,164,38.5
8572,female,55,147.7,50.0,6,90,39.8
8573,male,60,163.6,74.5,112,177,40.8
8574,male,46,163.4,92.6,79,77,38.4
8575,male,67,168.5,56.7,52,146,39.3
8576,female,67,160.1,59.3,118,171,37.7
8577,male,59,172.3,92.0,87,81,39.0
8578,female,22,165.3,64.1,31,105,38.3
8579,male,47,170.6,94.9,52,96,37.7
8580,female,40,182.9,78.9,68,165,39.2
8581,female,38,172.2,66.9,91,86,41.3
8582,female,43,153.9,71.5,99,184,39.7
8583,male,64,168.7,60.8,74,174,40.2
8584,male,38,175.2,81.8,53,163,38.0
8585,male,37,189.0,62.8,13,144,38.9
8586,female,40,168.5,57.1,37,114,40.9
8587,female,21,167.9,68.8,27,67,38.9
8588,male,38,171.0,79.1,97,174,38.4
8589,female,38,168.6,73.2,108,86,37.7
8590,female,18,165.0,61.1,98,123,39.6
8591,female,32,158.5,57.0,74,159,37.3
8592,male,34,166.6,49.0,64,80,37.8
8593,female,68,164.5,75.8,21,177,37.9
8594,male,31,172.4,86.7,6,130,37.2
8595,male,36,180.5,100.1,43,104,37.4
8596,male,67,164.9,69.3,18,120,38.9
8597,male,51,170.1,82.4,84,150,37.0
8598,male,23,170.3,112.5,41,120,39.1
8599,female,62,161.5,70.5,109,142,41.4
8600,male,66,179.2,91.7,92,78,39.0
8601,male,23,182.2,70.8,72,126,40.6
8602,male,22,185.7,98.6,33,175,37.0
8603,female,24,152.8,70.6,114,184,40.3
8604,female,50,162.2,70.1,94,133,39.1
8605,female,30,168.5,73.2,23,91,38.3
8606,female,68,163.5,62.7,22,111,37.0
8607,male,18,171.3,80.0,96,144,39.6
8608,male,30,171.9,99.5,96,132,40.5
8609,female,60,171.9,72.1,35,151,37.8
8610,female,44,173.4,56.4,16,174,40.5
8611,female,24,157.7,50.9,89,138,40.9
8612,female,69,169.2,57.7,36,159,40.4
8613,male,20,166.7,80.5,72,81,40.6
8614,female,42,180.5,70.0,27,171,40.0
8615,female,50,157.4,63.7,62,167,40.6
8616,female,57,162.2,55.3,17,91,40.9
8617,female,34,155.8,67.8,21,168,39.4
8618,female,62,156.2,66.9,99,115,40.7
8619,female,31,165.7,69.6,26,123,40.6
8620,female,54,164.4,90.0,77,123,37.9
8621,male,40,169.1,67.6,10,143,38.3
8622,male,41,172.0,60.6,77,88,40.9
8623,male,46,176.5,79.8,70,118,38.8
8624,male,55,179.7,67.2,63,163,41.5
8625,male,44,178.6,73.6,66,77,40.0
8626,male,55,174.6,97.8,12,78,37.2
8627,female,57,162.6,58.8,52,134,38.7
8628,female,62,164.4,55.1,110,134,40.6
8629,male,67,174.1,83.6,13,116,38.7
8630,female,40,167.3,58.8,103,160,38.7
8631,male,48,179.7,73.4,106,149,38.5
8632,female,53,156.2,56.5,25,85,38.5
8633,female,34,161.4,60.3,42,94,37.9
8634,female,54,156.8,59.2,80,118,37.9
8635,female,20,171.9,69.1,111,150,40.6
8636,female,53,159.5,63.6,114,83,39.8
8637,female,22,171.1,52.8,45,123,38.2
8638,male,63,167.5,79.3,114,111,40.5
8639,male,32,166.5,73.7,7,130,39.7
8640,female,69,165.1,50.8,28,161,39.1
8641,male,66,193.4,75.0,116,65,39.8
8642,female,23,160.8,67.6,32,152,38.4
8643,male,27,162.2,80.8,65,116,40.3
8644,female,49,162.0,73.5,59,173,38.1
8645,male,40,170.0,73.9,46,85,39.5
8646,female,65,155.7,75.8,111,124,40.8
8647,male,34,171.9,90.7,77,168,39.4
8648,female,63,168.0,69.2,8,112,39.3
8649,male,37,180.5,80.1,95,138,39.9
8650,female,61,165.9,68.7,7,76,38.4
8651,female,58,152.5,59.0,79,151,41.5
8652,female,32,172.3,64.7,77,180,40.2
8653,male,61,166.5,80.5,119,140,38.5
8654,male,63,173.7,82.5,66,144,39.9
8655,male,39,176.2,62.8,51,119,41.0
8656,female,67,168.6,67.1,98,67,40.8
8657,male,69,175.3,72.7,39,182,41.3
8658,female,23,156.0,59.0,66,130,37.7
8659,male,21,176.9,90.5,65,70,38.4
8660,male,40,173.0,95.4,101,86,41.3
8661,male,61,175.7,87.3,19,175,39.9
8662,male,62,184.0,76.1,98,131,41.1
8663,female,36,151.2,59.5,79,137,38.1
8664,male,62,174.8,81.1,56,85,40.3
8665,male,48,174.7,83.6,68,101,39.3
8666,female,61,162.5,63.4,107,97,39.9
8667,female,69,175.6,68.7,60,180,39.5
8668,male,20,189.2,87.4,35,65,40.3
8669,male,45,165.6,88.6,6,129,37.9
8670,female,20,160.2,46.3,75,173,41.4
8671,female,31,166.2,63.4,65,135,39.3
8672,female,35,165.7,42.8,61,101,40.7
8673,male,44,163.8,91.9,104,104,37.1
8674,male,68,166.3,80.8,13,127,37.7
8675,male,27,177.2,84.4,94,116,38.5
8676,female,66,163.6,50.7,56,169,40.2
8677,female,32,160.6,59.6,14,140,38.4
8678,female,36,164.7,63.2,35,96,40.5
8679,male,26,155.6,83.2,110,91,37.6
8680,female,21,171.7,73.5,19,106,39.0
8681,male,32,177.9,93.1,21,174,38.4
8682,female,68,153.9,55.5,31,116,37.4
8683,male,65,168.2,84.9,58,93,40.3
8684,male,25,176.3,69.4,65,110,41.0
8685,female,66,157.2,69.1,104,130,40.9
8686,male,18,190.0,85.3,18,110,38.2
8687,female,24,164.0,65.2,96,147,41.4
8688,male,48,180.3,103.5,76,89,40.6
8689,female,35,163.0,56.4,54,163,38.1
8690,female,29,154.8,51.8,96,129,40.9
8691,male,65,174.8,94.1,112,121,37.9
8692,female,47,170.2,68.7,34,92,37.7
8693,male,50,181.9,71.9,45,82,41.0
8694,female,64,166.9,56.4,97,174,41.2
8695,female,24,160.5,58.2,16,127,39.0
8696,female,45,156.5,66.2,103,82,39.9
8697,female,66,172.7,99.5,87,88,38.4
8698,male,20,182.8,75.6,58,115,40.4
8699,female,60,157.2,74.6,50,93,40.8
8700,female,23,162.4,63.2,73,83,37.9
8701,male,48,176.3,81.3,80,179,40.1
8702,male,55,173.0,71.3,74,95,41.0
8703,male,32,170.6,79.8,9,159,40.5
8704,male,24,169.7,89.9,92,172,40.6
8705,male,60,162.2,85.9,109,176,38.0
8706,male,47,167.7,97.0,22,150,40.7
8707,female,44,164.0,56.5,29,93,39.3
8708,male,34,170.9,70.9,62,84,37.1
8709,female,35,163.6,49.9,60,130,40.0
8710,male,39,173.7,98.3,32,132,40.5
8711,female,43,162.8,68.1,53,110,40.5
8712,female,68,174.9,61.7,92,83,41.2
8713,female,44,163.4,77.9,91,71,37.4
8714,male,57,170.4,81.3,69,106,37.8
8715,male,41,173.2,90.7,82,80,41.2
8716,male,69,174.2,99.0,87,116,40.4
8717,male,25,184.1,68.3,42,97,38.9
8718,female,38,160.7,53.6,101,103,37.6
8719,male,46,178.8,79.1,105,107,40.8
8720,female,60,163.2,77.8,74,171,38.4
8721,female,38,164.4,54.2,38,148,40.8
8722,male,20,173.6,65.7,27,110,39.5
8723,male,48,184.4,79.8,95,68,39.4
8724,male,44,178.9,77.1,18,79,39.7
8725,female,63,158.8,73.0,90,107,38.9
8726,male,44,183.0,72.2,42,94,37.5
8727,female,26,150.0,65.8,82,103,39.6
8728,male,50,172.4,77.9,90,171,38.9
8729,female,50,156.8,61.5,49,107,39.1
8730,male,43,174.3,85.4,65,78,39.7
8731,male,45,178.1,89.2,13,134,37.6
8732,female,61,175.1,72.1,79,150,38.1
8733,male,60,168.7,65.2,112,172,38.3
8734,male,48,178.1,49.4,80,82,38.7
8735,male,18,185.8,69.2,93,110,37.4
8736,male,37,167.3,92.7,6,143,37.7
8737,male,29,178.6,91.6,13,85,38.1
8738,male,34,168.4,70.4,54,164,40.1
8739,male,32,183.2,77.2,49,140,40.0
8740,female,51,150.2,68.7,39,155,37.0
8741,female,67,173.9,56.9,100,125,37.3
8742,male,33,192.7,91.2,66,139,39.2
8743,male,21,183.9,78.8,82,159,38.9
8744,male,25,180.7,85.8,97,129,38.3
8745,female,51,169.9,55.9,61,89,39.3
8746,female,63,157.0,67.2,87,179,37.9
8747,male,42,167.0,94.0,104,153,37.6
8748,female,32,164.0,58.3,50,145,37.3
8749,male,45,178.1,72.8,73,135,37.3
8750,male,26,171.8,78.9,85,96,37.9
8751,male,19,178.7,90.3,102,112,40.6
8752,male,34,184.9,69.5,111,171,40.6
8753,female,27,167.9,84.5,90,153,41.1
8754,female,26,153.2,71.0,118,146,40.0
8755,male,48,168.4,85.3,79,99,38.7
8756,female,19,153.0,60.5,34,154,37.6
8757,female,41,164.5,83.6,54,140,38.0
8758,male,36,174.8,71.3,97,178,39.0
8759,female,34,171.5,75.5,19,167,38.1
8760,male,60,167.1,115.3,40,142,38.4
8761,male,66,173.5,87.1,43,72,41.2
8762,male,27,183.8,71.2,85,86,38.7
8763,male,67,175.0,78.2,64,140,37.7
8764,female,45,157.7,60.7,31,96,38.6
8765,male,55,176.7,89.7,58,110,37.2
8766,female,65,169.4,65.0,6,77,39.8
8767,male,45,180.0,96.9,74,97,40.2
8768,male,67,165.0,76.0,8,181,38.8
8769,female,69,160.3,76.0,91,65,39.5
8770,male,67,166.6,97.9,51,156,40.9
8771,female,18,168.4,61.7,99,131,37.9
8772,female,20,149.3,79.2,52,177,37.7
8773,male,32,175.0,75.5,61,144,38.2
8774,male,69,167.8,89.5,69,114,38.0
8775,male,27,183.0,77.0,112,96,40.9
8776,male,38,181.7,80.4,62,172,37.2
8777,male,54,173.6,62.4,55,74,37.4
8778,male,32,171.2,66.5,51,65,41.2
8779,female,40,162.3,63.4,81,135,38.8
8780,female,31,173.3,62.9,74,111,39.2
8781,male,32,163.8,66.2,38,71,39.6
8782,female,27,177.8,72.9,41,174,40.5
8783,female,26,162.2,58.2,84,126,40.2
8784,male,61,177.4,80.3,59,116,38.7
8785,male,56,188.1,91.9,100,178,40.6
8786,female,22,163.2,59.6,48,132,40.4
8787,male,42,172.1,74.9,83,68,41.0
8788,female,59,163.7,68.5,72,121,38.1
8789,male,43,172.4,88.8,47,153,37.4
8790,female,25,171.8,65.3,80,69,37.5
8791,female,39,166.7,79.2,14,135,39.5
8792,female,69,162.2,80.0,70,119,38.2
8793,female,42,157.6,71.8,92,131,37.2
8794,male,65,185.0,70.1,20,121,40.8
8795,male,29,190.2,92.6,39,175,40.9
8796,female,26,157.5,70.7,44,163,38.7
8797,female,27,154.4,66.6,85,139,37.6
8798,male,65,181.1,83.0,115,140,38.1
8799,male,27,189.9,79.9,76,183,40.0
8800,female,26,172.5,75.0,97,103,40.1
8801,female,43,154.9,61.6,66,144,40.2
8802,female,52,164.6,80.8,38,169,40.8
8803,female,44,161.1,67.5,46,107,41.0
8804,female,48,161.4,71.5,99,135,41.5
8805,male,36,172.7,93.1,85,149,38.6
8806,female,60,163.6,72.4,8,74,41.1
8807,male,55,160.4,65.1,67,146,39.9
8808,male,23,165.0,77.5,27,93,37.6
8809,male,32,173.6,60.1,15,90,39.7
8810,female,46,156.0,74.5,27,94,38.7
8811,male,64,164.1,99.4,65,173,37.3
8812,male,62,174.0,66.8,73,129,38.1
8813,male,22,184.2,65.9,56,102,40.2
8814,male,31,175.5,88.0,107,175,38.6
8815,female,19,170.4,74.6,65,79,39.9
8816,female,40,158.9,64.9,100,153,41.1
8817,male,61,168.5,83.0,9,83,39.7
8818,male,69,181.8,73.4,107,92,41.3
8819,female,63,160.6,51.0,21,177,38.5
8820,female,36,150.2,72.2,91,161,40.9
8821,female,41,160.2,76.7,38,79,41.3
8822,male,37,187.5,74.2,98,142,39.3
8823,female,64,170.0,83.2,95,125,38.6
8824,male,44,182.5,103.3,101,102,38.6
8825,male,69,171.2,84.7,20,163,38.9
8826,female,41,153.9,60.7,112,96,40.0
8827,male,34,177.4,65.8,99,142,39.0
8828,female,42,161.3,62.3,8,141,40.4
8829,male,63,163.3,75.5,56,105,40.1
8830,female,48,152.7,66.9,24,149,38.5
8831,male,45,169.2,79.3,52,140,40.6
8832,male,67,183.0,85.8,100,79,40.4
8833,female,45,173.7,70.4,102,152,39.8
8834,female,39,157.2,53.8,55,148,37.8
8835,female,22,165.9,68.6,49,127,39.3
8836,female,61,157.1,60.4,119,65,39.0
8837,male,59,166.5,92.0,84,107,37.1
8838,female,25,160.4,71.4,115,78,41.5
8839,female,55,160.3,55.5,97,66,40.2
8840,male,45,174.0,70.4,53,72,38.7
8841,female,64,165.9,49.7,108,75,39.6
8842,female,29,155.4,63.9,97,84,41.0
8843,male,42,178.2,72.5,60,108,37.2
8844,female,55,152.1,72.9,7,123,38.2
8845,female,61,155.6,76.3,46,81,41.3
8846,female,32,166.5,71.6,75,181,37.1
8847,female,61,166.2,60.9,46,76,39.6
8848,female,58,167.6,46.9,108,148,39.4
8849,female,68,155.8,74.9,89,138,41.4
8850,male,51,171.1,90.9,103,85,38.9
8851,female,62,158.7,50.5,105,131,41.4
8852,male,30,181.5,94.6,33,68,37.1
8853,male,25,177.2,86.8,99,152,38.5
8854,male,30,174.1,67.2,21,118,38.2
8855,male,53,163.8,89.0,111,165,37.7
8856,female,23,166.6,64.9,89,91,41.5
8857,female,55,153.3,61.1,32,176,41.4
8858,female,49,151.3,59.2,64,159,37.6
8859,male,38,176.4,75.6,91,138,39.4
8860,female,61,174.5,50.4,99,132,37.4
8861,female,61,155.9,60.7,96,140,37.6
8862,female,66,176.1,56.1,51,143,40.2
8863,male,24,185.7,63.5,15,154,40.9
8864,male,43,173.5,80.5,69,98,39.7
8865,female,32,169.2,60.0,64,65,37.5
8866,male,66,160.9,92.2,92,123,40.7
8867,male,59,171.0,93.4,65,116,40.9
8868,female,40,167.7,56.7,81,109,39.5
8869,male,69,172.0,56.5,47,82,38.9
8870,male,55,178.8,62.3,43,137,38.8
8871,female,58,164.7,73.4,95,175,40.0
8872,male,32,181.9,78.3,5,114,41.1
8873,male,65,168.1,101.0,13,98,41.1
8874,male,57,182.1,90.8,108,118,40.5
8875,male,33,185.5,83.1,89,118,38.6
8876,male,49,183.1,81.5,78,116,38.8
8877,male,54,172.2,66.2,13,179,40.3
8878,male,35,158.0,72.4,7,94,40.1
8879,male,37,179.7,85.0,33,68,41.1
8880,female,63,163.8,71.7,90,117,40.6
8881,female,19,163.8,51.9,106,88,41.4
8882,female,40,149.1,65.1,46,114,38.0
8883,female,47,160.2,72.4,109,174,41.2
8884,male,20,165.9,74.8,47,109,41.4
8885,female,63,161.9,71.2,98,125,41.1
8886,female,56,159.3,79.9,28,154,37.6
8887,male,64,172.1,89.0,7,182,41.2
8888,male,66,180.2,106.2,12,71,40.4
8889,male,18,188.1,82.1,49,174,38.6
8890,male,58,172.6,78.8,30,179,39.0
8891,male,39,173.1,85.6,115,109,37.3
8892,female,46,175.1,63.7,103,149,38.9
8893,male,31,182.3,69.4,107,173,38.1
8894,female,65,154.7,73.3,55,142,40.2
8895,female,45,165.4,66.4,99,178,39.5
8896,male,38,157.3,86.3,59,179,41.2
8897,female,62,186.0,86.6,37,98,39.8
8898,female,49,167.3,49.9,109,74,40.5
8899,male,23,180.5,86.2,39,75,40.7
8900,female,18,166.0,68.8,84,109,37.3
8901,female,38,144.6,77.2,15,113,40.7
8902,female,21,157.5,55.4,53,104,37.7
8903,male,20,168.0,77.9,83,115,38.0
8904,male,66,187.4,66.5,29,135,39.3
8905,male,47,185.4,86.0,82,163,39.1
8906,female,48,166.5,72.0,77,183,41.3
8907,male,51,180.5,85.1,14,168,39.0
8908,female,36,161.3,71.5,91,92,38.9
8909,male,37,187.9,81.5,49,126,40.7
8910,female,40,172.7,66.4,10,79,38.3
8911,male,57,168.0,101.2,32,102,40.6
8912,male,42,170.2,81.8,17,169,38.1
8913,female,32,164.6,90.2,113,113,38.8
8914,male,55,168.9,50.9,81,65,41.1
8915,female,40,167.6,58.0,68,114,39.1
8916,male,69,162.2,58.0,114,78,41.2
8917,male,19,178.8,73.5,118,175,38.7
8918,female,32,172.2,61.6,34,180,37.4
8919,female,69,164.9,59.7,9,77,40.4
8920,female,61,158.3,59.2,75,86,38.1
8921,male,52,184.4,72.0,59,121,40.4
8922,female,27,165.6,52.0,94,149,39.6
8923,male,31,177.2,88.8,91,105,41.4
8924,female,44,163.2,61.4,56,101,38.9
8925,female,31,154.6,66.8,32,146,41.0
8926,female,52,155.6,56.3,28,169,40.3
8927,female,50,157.8,70.8,101,137,37.7
8928,female,69,161.6,58.0,81,167,40.2
8929,female,18,162.7,51.6,53,159,39.9
8930,male,51,167.5,61.5,102,164,41.4
8931,female,36,162.2,67.1,81,69,39.1
8932,male,41,179.9,74.5,99,95,39.5
8933,female,59,168.9,63.1,97,129,40.2
8934,female,21,171.3,61.4,99,150,39.7
8935,female,53,166.2,69.9,52,121,39.8
8936,male,30,180.0,75.8,35,79,39.0
8937,male,49,176.2,97.0,28,154,40.5
8938,female,26,164.6,66.1,114,93,37.0
8939,male,56,173.4,77.3,98,118,37.7
8940,female,33,156.2,45.9,75,105,40.8
8941,female,67,168.1,74.0,24,155,41.2
8942,male,20,164.9,87.2,6,98,40.3
8943,male,69,182.4,78.4,86,149,37.7
8944,male,37,164.6,96.0,80,140,39.6
8945,male,27,180.1,91.9,62,99,38.3
8946,female,39,159.3,75.1,58,119,39.5
8947,male,65,178.8,89.9,89,162,37.9
8948,male,20,182.3,76.8,43,97,37.6
8949,female,28,162.6,60.9,23,106,37.9
8950,male,42,165.4,89.9,74,151,41.0
8951,male,59,167.8,83.0,77,72,37.3
8952,male,65,169.2,70.2,8,166,37.2
8953,male,25,159.8,65.7,24,147,37.9
8954,female,26,162.3,47.7,7,179,39.6
8955,female,32,160.1,58.8,77,163,37.4
8956,male,49,165.9,92.7,95,155,39.3
8957,male,20,186.6,61.9,66,181,40.2
8958,female,21,168.2,65.2,73,94,39.4
8959,male,47,177.0,80.6,72,173,40.5
8960,male,30,168.4,69.7,23,148,39.3
8961,male,61,158.9,74.6,105,156,37.4
8962,male,38,164.1,77.6,20,138,40.0
8963,male,58,171.4,85.8,26,106,38.5
8964,male,63,182.2,65.3,84,89,39.3
8965,male,36,177.8,68.5,25,78,41.5
8966,male,56,176.1,76.1,60,129,38.2
8967,male,65,158.9,79.6,64,94,40.7
8968,female,39,161.0,73.4,38,77,39.5
8969,female,37,165.8,84.1,73,153,41.1
8970,female,54,163.9,72.5,84,76,41.1
8971,male,48,184.1,82.8,70,88,40.2
8972,male,27,185.0,82.0,17,134,38.4
8973,female,35,171.7,64.8,100,137,41.3
8974,male,60,173.0,81.4,119,102,40.8
8975,female,56,174.1,67.9,82,151,41.3
8976,male,63,182.9,91.2,25,116,41.4
8977,female,37,165.9,55.8,64,134,39.0
8978,female,35,169.3,46.9,72,173,37.4
8979,female,28,163.1,68.7,110,99,39.3
8980,male,39,166.5,86.9,78,92,37.5
8981,female,61,173.1,71.7,50,69,39.2
8982,male,35,164.8,58.8,20,106,39.5
8983,male,51,176.1,77.2,59,148,39.6
8984,male,40,174.9,73.1,15,144,37.0
8985,male,18,165.1,92.6,37,84,40.9
8986,male,27,172.1,94.1,90,178,39.1
8987,male,18,164.1,95.4,54,86,40.2
8988,male,55,179.7,87.2,56,115,37.5
8989,female,56,166.2,69.9,79,151,40.4
8990,female,66,157.0,68.0,96,140,39.0
8991,female,26,158.0,69.7,66,111,40.3
8992,male,48,172.6,95.0,102,161,41.2
8993,male,24,171.7,63.4,45,182,40.3
8994,male,34,177.5,85.6,15,103,39.8
8995,male,52,176.3,73.4,11,92,40.2
8996,female,65,165.0,48.5,83,132,40.3
8997,male,54,171.1,68.3,88,111,39.3
8998,female,69,156.3,59.6,20,176,40.8
8999,male,35,182.9,82.2,33,167,39.5
9000,female,50,168.9,65.0,9,136,39.8
9001,male,21,166.1,105.8,89,182,38.9
9002,female,40,175.5,65.7,68,85,41.3
9003,male,28,177.4,60.3,19,112,39.3
9004,female,69,166.5,79.8,10,114,38.0
9005,male,26,170.7,79.9,53,113,38.4
9006,female,47,164.9,69.2,91,140,37.7
9007,female,25,154.4,70.0,112,126,37.6
9008,male,57,175.0,70.2,55,99,41.2
9009,female,22,151.2,74.2,46,144,40.0
9010,male,29,167.3,75.2,113,136,37.0
9011,male,18,173.0,78.6,97,69,40.7
9012,male,32,176.9,82.3,69,140,39.4
9013,female,42,157.8,78.4,9,154,37.5
9014,female,35,164.9,48.7,77,101,39.0
9015,male,55,168.3,86.4,83,169,38.6
9016,male,59,171.6,90.5,117,137,38.4
9017,female,63,160.5,61.8,101,105,39.1
9018,female,43,165.2,62.9,28,156,39.9
9019,female,57,165.4,53.2,41,104,39.4
9020,male,20,179.8,68.1,57,122,38.3
9021,male,39,182.0,55.7,10,136,40.3
9022,male,43,173.5,86.8,43,66,41.4
9023,male,36,171.7,70.9,79,114,41.3
9024,male,61,164.4,76.0,93,181,41.5
9025,female,61,170.2,69.7,66,150,39.2
9026,male,64,185.6,68.8,86,175,37.2
9027,female,56,162.1,58.7,90,181,40.3
9028,female,53,159.7,60.6,64,158,40.0
9029,male,38,174.6,79.3,45,144,41.4
9030,female,58,149.1,49.3,82,112,38.7
9031,male,65,160.0,87.5,14,88,41.5
9032,female,43,163.6,53.5,85,155,37.3
9033,male,30,193.8,82.0,97,97,38.6
9034,male,53,185.2,82.0,74,134,40.3
9035,female,41,160.3,65.5,11,158,39.8
9036,male,58,177.0,89.8,9,106,37.9
9037,female,43,162.7,42.5,31,90,38.6
9038,male,38,155.6,85.9,39,142,37.7
9039,male,35,181.1,72.6,59,159,41.5
9040,male,32,170.4,76.2,21,80,39.3
9041,female,32,153.3,58.1,11,85,40.9
9042,female,23,155.4,64.8,65,66,38.8
9043,male,60,172.1,81.8,69,123,38.1
9044,female,48,166.9,68.5,19,72,39.2
9045,male,45,175.1,75.9,106,71,40.5
9046,female,25,155.9,58.7,62,154,41.1
9047,female,46,172.2,49.7,53,85,37.9
9048,male,38,163.1,91.3,79,82,37.6
9049,male,34,173.3,81.6,56,146,37.7
9050,male,66,166.2,82.1,30,65,38.4
9051,male,41,169.9,69.2,47,155,39.7
9052,male,67,176.1,77.2,57,72,40.3
9053,female,53,163.8,64.8,117,156,38.6
9054,female,48,154.4,69.8,111,166,41.1
9055,male,64,179.6,76.1,60,66,39.1
9056,male,51,163.7,92.2,82,86,39.2
9057,male,19,189.2,70.9,81,84,41.0
9058,female,59,161.0,61.7,72,142,37.3
9059,male,20,171.0,73.9,116,99,39.7
9060,male,47,168.7,98.5,105,124,39.5
9061,female,25,174.1,57.6,37,95,38.8
9062,female,69,153.2,51.8,18,105,38.9
9063,female,24,152.9,72.9,81,131,40.1
9064,female,29,164.9,76.0,21,136,39.6
9065,male,36,173.9,84.5,115,154,39.9
9066,female,43,163.9,64.2,43,88,39.0
9067,female,45,162.8,81.0,52,79,38.8
9068,male,32,185.2,62.4,10,165,39.3
9069,male,31,163.0,81.7,26,102,38.9
9070,male,65,165.9,85.1,91,143,40.8
9071,female,31,157.5,58.7,41,181,40.9
9072,male,20,165.7,81.4,104,172,37.3
9073,female,67,154.2,67.4,109,180,37.3
9074,female,46,162.7,69.4,47,163,38.3
9075,female,23,163.4,55.3,49,184,37.4
9076,male,66,173.9,76.8,103,102,39.4
9077,female,40,164.5,79.1,100,145,37.1
9078,male,45,168.1,76.1,69,184,40.5
9079,male,31,158.2,69.8,8,180,39.9
9080,male,31,176.1,89.8,115,159,38.0
9081,female,37,169.2,67.7,72,130,38.5
9082,female,30,179.1,65.5,101,69,38.4
9083,female,44,156.8,61.8,111,66,41.2
9084,male,52,173.3,82.3,61,66,41.0
9085,female,62,158.1,54.6,38,154,39.5
9086,female,19,164.5,64.2,34,102,38.6
9087,female,58,158.7,53.3,43,101,39.1
9088,female,62,165.0,57.0,83,74,39.6
9089,female,57,167.7,77.3,100,155,39.2
9090,male,65,173.2,75.3,94,136,37.3
9091,male,41,181.7,87.6,43,138,39.1
9092,male,46,178.8,81.0,76,163,41.1
9093,male,20,167.2,82.3,94,88,38.8
9094,female,62,160.7,58.4,21,88,40.2
9095,male,21,166.9,77.6,98,159,41.5
9096,female,67,160.8,54.1,103,68,39.5
9097,male,19,169.1,97.1,16,104,39.2
9098,male,37,177.0,58.4,10,78,38.2
9099,male,32,177.1,85.4,33,164,38.0
9100,female,66,164.9,61.3,18,90,39.5
9101,female,49,163.8,47.8,5,76,40.0
9102,male,59,168.5,79.1,95,180,38.9
9103,female,18,170.6,84.0,43,180,37.0
9104,male,55,172.8,71.0,10,91,39.5
9105,male,52,174.0,83.2,101,70,39.6
9106,male,68,157.3,68.8,115,91,37.3
9107,female,24,159.7,65.7,116,78,37.5
9108,male,62,177.4,95.3,48,172,38.4
9109,male,30,170.7,100.3,45,86,39.7
9110,male,66,182.7,83.1,99,113,37.8
9111,female,18,166.5,60.9,117,84,38.5
9112,male,31,180.4,76.3,105,67,37.7
9113,female,46,174.7,83.5,36,137,38.5
9114,male,20,182.7,76.5,101,144,40.3
9115,female,63,169.5,58.0,88,170,38.7
9116,male,41,177.5,63.6,9,137,40.7
9117,male,18,169.6,77.5,51,113,41.2
9118,female,65,168.7,68.8,21,160,38.4
9119,female,27,168.0,72.4,37,162,39.8
9120,male,30,167.8,84.8,46,89,38.2
9121,female,53,163.9,70.7,27,91,39.6
9122,male,26,179.1,83.5,74,155,37.5
9123,male,31,165.8,89.1,54,66,39.7
9124,male,53,169.2,93.0,33,86,37.8
9125,female,27,162.4,68.0,68,130,38.8
9126,male,57,174.4,73.6,106,112,38.1
9127,female,40,153.8,67.3,8,117,40.6
9128,male,52,180.5,101.1,106,183,37.8
9129,female,24,161.3,72.7,11,65,41.3
9130,female,59,164.3,74.2,83,118,37.5
9131,male,52,160.8,77.1,66,168,38.9
9132,female,19,157.2,64.3,63,103,40.5
9133,male,32,171.4,100.1,25,74,37.5
9134,male,26,187.4,66.8,20,184,38.4
9135,male,64,176.6,85.1,74,76,39.0
9136,male,34,191.2,75.2,17,101,40.4
9137,male,56,179.9,65.6,12,110,40.5
9138,female,69,174.7,66.8,101,81,40.8
9139,male,35,170.1,68.4,65,67,38.4
9140,female,32,166.4,49.4,7,149,37.1
9141,female,35,164.2,73.8,115,140,40.2
9142,male,41,172.0,74.1,50,123,37.8
9143,female,40,163.0,48.6,66,176,38.8
9144,male,29,175.0,88.6,27,91,40.6
9145,female,40,169.3,64.4,12,79,39.7
9146,female,38,157.1,65.8,24,165,40.9
9147,female,43,165.2,64.9,34,109,39.9
9148,male,25,175.5,96.7,114,105,38.7
9149,female,47,172.7,65.6,79,131,37.1
9150,male,51,162.0,88.8,58,69,37.1
9151,female,19,167.0,61.8,24,98,38.1
9152,female,22,158.5,75.8,6,127,39.9
9153,female,48,157.5,53.8,102,162,40.2
9154,female,50,155.0,66.6,21,149,38.5
9155,male,21,165.5,73.5,19,77,40.8
9156,male,23,188.4,86.2,69,153,41.2
9157,female,40,157.9,66.1,115,78,38.3
9158,female,62,171.4,55.4,73,146,38.6
9159,male,36,176.3,79.1,102,125,38.8
9160,male,60,178.8,97.0,73,184,38.3
9161,male,62,163.6,87.2,108,173,39.9
9162,male,25,176.3,62.5,113,67,41.1
9163,female,56,170.6,51.9,76,67,38.9
9164,female,30,167.9,63.4,72,109,37.8
9165,male,18,169.1,77.3,47,160,37.9
9166,male,23,170.2,80.0,16,174,40.2
9167,male,24,188.3,93.5,104,82,40.3
9168,male,65,184.8,70.2,112,96,39.1
9169,male,44,148.6,82.4,98,160,40.4
9170,male,32,184.3,83.5,87,164,39.3
9171,female,69,165.7,53.6,26,108,38.4
9172,female,51,169.8,60.1,96,157,37.6
9173,female,40,159.3,70.7,98,167,39.3
9174,male,65,167.4,75.0,74,101,40.8
9175,male,66,169.6,88.9,109,163,41.2
9176,male,41,166.0,75.7,24,91,37.3
9177,female,32,160.4,57.0,118,104,41.1
9178,male,52,166.7,66.1,19,88,37.8
9179,male,21,177.6,74.3,119,120,39.7
9180,female,61,152.7,77.0,12,100,39.0
9181,male,54,179.4,60.0,41,163,40.2
9182,female,34,179.6,55.8,32,168,39.4
9183,female,48,160.5,68.3,15,70,38.8
9184,male,55,179.0,101.2,74,135,37.3
9185,female,27,171.7,67.1,31,142,37.1
9186,male,67,180.2,58.0,46,81,38.1
9187,female,44,163.0,57.6,79,125,40.4
9188,male,59,169.5,76.2,87,91,39.8
9189,female,23,153.5,61.2,80,170,38.9
9190,male,23,180.4,99.4,85,108,39.4
9191,female,69,165.9,54.9,12,134,39.7
9192,female,32,151.7,60.1,63,67,37.3
9193,female,21,160.4,51.7,64,103,38.5
9194,male,65,160.3,90.5,99,99,41.0
9195,male,57,166.7,86.1,66,130,40.3
9196,female,24,167.8,67.7,23,147,37.4
9197,male,68,160.8,78.3,47,170,38.2
9198,female,66,158.1,67.4,64,151,37.9
9199,male,62,180.5,77.0,55,81,38.7
9200,female,64,161.5,59.8,88,73,41.4
9201,male,43,172.3,61.8,68,168,39.6
9202,female,48,166.2,58.4,70,73,37.7
9203,female,19,158.1,63.7,74,99,40.5
9204,female,45,167.1,69.7,109,73,39.6
9205,female,59,163.0,67.8,95,76,40.9
9206,male,30,161.6,90.5,52,131,39.2
9207,female,35,172.7,74.6,22,165,41.0
9208,male,47,183.7,67.8,24,149,40.9
9209,male,28,171.4,88.0,77,121,37.3
9210,female,30,161.3,67.1,71,156,40.7
9211,male,68,185.2,75.8,44,161,37.5
9212,male,41,180.9,96.7,106,162,37.5
9213,male,46,182.0,71.3,22,107,37.7
9214,female,22,157.3,71.9,16,86,41.1
9215,male,52,187.1,59.3,116,165,39.2
9216,male,36,168.8,57.6,87,124,38.4
9217,female,30,154.8,58.1,30,94,37.2
9218,female,22,158.6,68.9,101,95,37.5
9219,male,61,182.6,70.7,37,144,37.9
9220,female,31,155.9,64.8,10,180,37.8
9221,male,55,178.9,84.9,62,163,37.4
9222,male,39,175.6,71.1,61,129,37.4
9223,male,26,174.2,94.5,13,137,38.3
9224,female,66,166.0,67.9,14,129,39.5
9225,male,57,189.5,53.3,48,151,39.6
9226,female,43,169.8,57.3,57,101,38.3
9227,female,62,164.8,56.2,31,146,37.4
9228,male,22,178.0,63.7,85,68,39.7
9229,female,46,157.3,50.9,56,74,40.0
9230,female,39,169.9,64.6,88,91,40.1
9231,female,66,166.5,66.1,68,175,41.2
9232,female,20,159.5,50.9,58,66,37.2
9233,female,45,169.4,64.4,17,119,37.9
9234,male,55,174.5,87.9,35,132,39.6
9235,female,31,163.0,85.8,110,104,37.0
9236,male,64,171.9,80.5,85,161,37.2
9237,male,31,164.6,72.2,119,169,38.8
9238,male,60,178.0,84.7,53,72,39.6
9239,male,28,183.5,64.5,79,79,40.1
9240,male,26,174.0,67.9,31,125,38.1
9241,male,55,162.0,83.9,17,71,39.8
9242,female,64,165.7,64.1,50,174,38.7
9243,female,61,155.3,67.8,55,158,39.5
9244,female,23,165.8,55.4,47,173,40.0
9245,male,18,173.6,82.5,108,88,38.1
9246,female,42,178.3,65.9,104,84,38.6
9247,female,33,159.4,63.3,83,119,39.5
9248,female,69,170.3,56.1,90,69,38.0
9249,male,32,189.1,79.5,93,71,41.2
9250,female,51,164.7,61.8,23,165,40.3
9251,male,34,183.3,66.7,33,66,39.8
9252,female,20,168.9,66.0,91,138,40.3
9253,male,20,164.7,116.0,87,141,38.1
9254,male,54,173.6,83.7,71,85,37.0
9255,male,34,192.0,86.6,23,67,39.9
9256,female,66,163.9,61.9,17,117,41.3
9257,female,69,156.8,56.7,101,78,40.0
9258,male,55,176.4,90.8,92,117,37.8
9259,female,18,160.1,64.9,42,144,40.9
9260,male,24,168.7,93.5,39,127,39.6
9261,male,43,171.1,82.0,37,118,39.8
9262,female,64,165.5,71.9,49,136,39.3
9263,female,56,164.8,69.8,61,88,40.3
9264,female,36,162.3,55.0,53,142,41.3
9265,male,69,162.9,85.8,70,114,38.7
9266,male,47,192.7,73.0,87,70,39.6
9267,female,60,163.7,61.4,43,152,40.8
9268,male,31,178.5,84.2,51,157,41.0
9269,female,30,171.3,58.5,37,90,40.7
9270,male,37,177.6,81.1,95,98,39.5
9271,female,43,160.8,54.7,54,108,41.2
9272,female,44,165.4,65.4,70,133,37.8
9273,male,42,178.7,69.6,37,162,37.9
9274,female,26,172.7,71.9,53,170,38.0
9275,female,58,164.8,63.5,75,162,38.8
9276,male,65,177.1,89.2,14,141,40.0
9277,female,29,170.8,61.9,32,131,38.9
9278,male,27,172.6,100.1,93,69,41.3
9279,female,23,147.4,59.0,99,150,38.1
9280,male,67,171.3,81.7,48,149,40.7
9281,female,51,164.5,85.9,17,155,40.5
9282,female,69,155.4,61.6,99,152,38.5
9283,female,58,150.5,72.2,33,103,39.1
9284,female,36,166.2,61.9,44,176,40.4
9285,male,23,170.8,86.8,13,117,40.8
9286,male,19,168.8,77.5,99,72,40.1
9287,male,32,174.9,89.7,109,132,41.2
9288,male,34,162.1,92.5,33,100,39.8
9289,male,33,176.1,77.4,8,134,38.8
9290,male,45,160.1,87.2,85,159,39.8
9291,male,38,184.0,97.5,85,133,39.8
9292,female,25,170.0,62.8,23,172,39.5
9293,female,27,148.7,62.2,119,70,38.4
9294,female,27,169.2,65.4,52,66,40.0
9295,female,67,167.7,71.1,71,65,40.6
9296,male,27,166.9,68.8,101,126,41.3
9297,male,26,158.8,92.8,105,93,39.2
9298,male,45,177.5,72.3,46,151,40.4
9299,female,41,165.0,73.2,118,174,40.6
9300,male,36,183.8,92.9,86,171,40.0
9301,female,50,159.3,45.0,89,82,38.7
9302,male,21,169.4,76.0,62,67,40.2
9303,male,20,189.4,84.1,92,179,41.4
9304,male,59,179.6,75.1,63,144,39.7
9305,male,29,145.8,98.4,20,164,40.3
9306,female,35,171.3,55.5,99,95,38.1
9307,female,40,169.5,55.3,110,86,39.9
9308,male,37,168.6,90.1,64,72,37.2
9309,female,23,159.7,65.8,71,86,40.7
9310,male,51,177.8,70.3,21,141,38.0
9311,male,59,177.1,84.6,68,166,37.3
9312,male,19,183.6,85.0,37,93,37.8
9313,male,47,180.1,70.9,119,144,39.1
9314,female,26,165.1,67.6,75,74,37.2
9315,male,44,176.6,90.3,108,110,37.2
9316,male,59,185.3,103.7,26,98,39.3
9317,female,51,171.3,46.9,11,120,39.6
9318,male,57,172.7,81.9,101,123,38.4
9319,female,41,163.0,55.8,9,97,37.1
9320,male,66,183.4,76.1,17,142,39.1
9321,male,34,174.4,84.8,98,176,41.1
9322,male,46,198.5,85.7,14,160,39.2
9323,male,53,171.8,85.7,18,87,39.0
9324,male,67,175.7,76.1,75,79,39.5
9325,male,29,179.4,77.5,35,89,37.7
9326,female,48,162.1,61.2,8,90,40.6
9327,male,66,177.9,71.0,114,76,37.1
9328,female,26,171.5,47.7,52,128,37.3
9329,female,36,169.3,73.3,67,83,37.3
9330,male,63,184.4,104.5,110,113,40.6
9331,female,63,158.3,74.7,8,175,38.7
9332,male,34,177.2,74.4,82,168,39.9
9333,female,19,154.9,53.0,83,83,37.4
9334,male,57,169.3,55.4,61,184,40.4
9335,female,22,159.6,65.0,39,160,38.5
9336,female,56,165.9,67.4,102,138,38.0
9337,male,65,178.8,102.5,18,155,40.2
9338,female,33,161.0,53.3,81,87,37.3
9339,male,34,181.4,80.6,28,120,39.2
9340,male,44,170.5,79.2,27,127,38.7
9341,male,24,162.5,76.5,57,181,40.3
9342,male,69,186.0,86.4,119,116,39.9
9343,male,25,166.2,72.1,84,128,41.0
9344,female,25,151.8,81.2,103,169,40.3
9345,female,40,165.6,67.0,31,82,38.9
9346,female,49,161.8,55.0,102,163,37.8
9347,male,60,164.1,76.2,89,114,39.0
9348,female,64,166.6,62.1,12,77,37.8
9349,female,35,168.3,67.1,37,130,37.5
9350,female,55,165.8,78.8,96,100,37.2
9351,female,29,156.1,63.6,95,86,39.4
9352,female,32,167.1,81.8,21,148,39.5
9353,male,45,164.5,71.5,62,71,39.9
9354,male,55,174.6,77.2,112,76,41.0
9355,female,67,163.1,71.3,66,143,41.1
9356,male,48,171.2,70.3,82,157,38.5
9357,male,69,177.2,58.6,34,176,39.9
9358,female,26,163.3,58.6,50,72,39.1
9359,female,25,162.9,77.0,21,87,40.4
9360,male,63,178.2,68.9,106,180,40.2
9361,female,36,164.2,71.4,71,77,37.9
9362,male,68,169.4,85.0,61,161,37.8
9363,male,25,181.3,78.1,10,69,37.5
9364,female,51,168.8,60.3,60,147,37.6
9365,male,21,171.3,74.8,93,71,38.1
9366,male,48,175.6,86.9,74,132,38.6
9367,male,55,186.0,78.4,104,165,39.8
9368,female,20,166.1,60.3,107,73,40.4
9369,female,52,158.9,80.0,104,83,37.6
9370,female,36,155.7,64.4,54,153,38.1
9371,female,60,175.0,64.4,71,129,39.7
9372,male,46,174.6,81.3,39,171,40.4
9373,female,27,152.3,58.5,115,132,40.7
9374,female,29,157.5,57.7,23,146,38.7
9375,female,63,164.6,66.8,79,135,39.0
9376,female,47,163.5,65.3,19,147,40.1
9377,male,47,161.3,68.6,41,116,38.3
9378,male,35,196.9,109.8,100,151,37.4
9379,male,41,172.4,95.9,35,92,39.0
9380,female,49,170.9,65.6,59,157,41.4
9381,female,26,158.4,65.0,90,70,38.7
9382,male,64,182.6,67.6,75,108,38.3
9383,female,41,150.2,56.8,5,91,40.7
9384,female,43,175.3,49.2,100,176,41.1
9385,male,20,164.8,90.1,58,110,40.5
9386,male,40,190.9,65.1,89,68,39.4
9387,female,28,168.8,74.9,38,151,41.0
9388,female,27,172.2,60.5,107,94,39.7
9389,female,67,154.0,76.5,76,109,38.3
9390,male,53,174.1,70.7,31,122,41.2
9391,male,30,169.7,91.5,47,126,40.0
9392,male,46,186.2,65.2,91,118,37.6
9393,male,55,182.6,76.4,20,88,38.5
9394,female,30,163.5,36.8,82,160,40.0
9395,male,43,171.8,75.1,119,139,40.8
9396,male,37,183.5,102.9,29,94,41.4
9397,female,22,163.7,65.6,73,154,37.9
9398,female,37,148.3,71.0,7,144,40.6
9399,female,31,167.5,69.5,72,171,37.5
9400,male,62,184.8,76.4,79,121,40.1
9401,female,31,154.3,74.6,76,117,37.5
9402,female,25,154.8,50.2,63,134,39.5
9403,male,65,184.8,79.6,101,153,39.4
9404,male,30,192.6,74.5,65,148,41.0
9405,female,41,149.2,60.5,90,74,39.4
9406,male,32,182.0,82.2,19,167,40.2
9407,female,68,165.2,53.2,65,174,40.9
9408,female,18,167.7,65.8,16,65,37.6
9409,male,39,177.4,74.6,67,108,37.5
9410,female,51,162.0,59.8,28,123,37.5
9411,male,67,178.0,90.3,75,75,38.5
9412,male,68,178.5,58.0,28,140,38.8
9413,male,57,159.3,58.8,82,84,37.2
9414,female,20,158.3,72.2,66,140,38.1
9415,male,43,178.3,66.7,17,124,37.0
9416,male,31,174.3,55.1,14,108,37.9
9417,female,58,175.7,69.5,69,80,38.8
9418,female,25,161.8,53.9,119,143,40.4
9419,female,66,160.2,53.6,9,126,41.5
9420,female,33,161.5,62.9,102,154,37.9
9421,male,59,175.0,60.3,113,120,40.2
9422,male,38,177.7,76.1,51,139,38.6
9423,male,27,170.6,65.5,111,67,40.8
9424,female,42,163.1,78.3,12,66,38.5
9425,female,55,154.2,64.6,55,108,38.4
9426,male,39,181.8,91.2,82,147,39.4
9427,female,66,159.1,65.2,112,160,41.5
9428,female,65,158.4,43.8,41,151,38.6
9429,male,64,167.5,68.9,85,108,37.9
9430,male,63,178.5,81.6,47,181,40.1
9431,female,21,164.9,67.1,90,88,41.0
9432,female,21,169.3,66.6,61,77,40.7
9433,female,47,157.9,57.2,48,65,41.0
9434,male,19,173.3,80.4,69,103,37.2
9435,male,46,166.8,82.4,53,69,37.4
9436,male,60,169.6,98.4,43,181,40.6
9437,male,53,172.6,71.0,80,171,38.9
9438,male,38,167.6,55.6,34,77,39.0
9439,female,38,159.1,78.2,97,165,38.8
9440,female,65,162.9,77.6,84,72,37.8
9441,female,38,152.8,75.1,112,115,41.2
9442,male,21,163.6,92.4,70,113,40.3
9443,male,18,178.2,79.5,55,113,38.5
9444,male,43,171.9,85.6,83,112,39.7
9445,female,68,158.9,59.0,50,104,39.4
9446,male,19,181.2,105.1,12,94,39.1
9447,male,26,170.6,94.6,10,108,41.3
9448,female,62,162.7,68.9,63,156,39.0
9449,male,35,168.3,79.1,106,157,39.8
9450,female,65,167.8,58.0,9,117,38.2
9451,male,65,168.6,79.3,82,100,38.6
9452,male,59,177.8,58.1,72,148,39.6
9453,female,58,168.2,62.3,115,133,41.2
9454,female,28,174.7,75.9,7,135,41.4
9455,female,42,169.2,59.6,36,94,40.6
9456,female,43,173.8,75.9,92,102,40.7
9457,female,53,144.9,66.3,119,71,37.5
9458,female,59,167.2,61.9,66,139,41.1
9459,male,52,168.0,66.7,92,139,41.3
9460,male,55,186.0,101.2,34,148,38.0
9461,female,20,155.1,61.4,53,97,39.3
9462,male,58,169.3,56.6,16,143,38.8
9463,female,52,169.3,67.6,93,132,40.4
9464,male,67,171.3,56.9,54,115,37.7
9465,female,57,164.7,69.6,86,74,40.3
9466,male,39,167.4,78.0,22,102,40.8
9467,male,25,182.8,99.2,97,104,37.5
9468,male,32,179.0,89.4,51,67,38.0
9469,male,62,177.2,76.4,67,88,37.6
9470,male,24,164.3,77.0,48,66,40.6
9471,female,36,162.0,71.2,25,87,37.1
9472,female,57,154.6,66.5,52,115,41.0
9473,female,59,171.6,66.0,70,123,39.4
9474,male,34,177.1,63.9,36,106,38.0
9475,female,18,168.5,65.0,98,83,37.7
9476,male,62,187.9,76.2,49,72,37.7
9477,male,46,160.6,77.6,55,90,38.2
9478,male,30,179.2,83.1,57,146,37.4
9479,female,65,172.9,63.9,115,108,40.6
9480,male,46,165.1,71.4,32,112,38.2
9481,female,58,159.1,68.0,93,137,37.1
9482,female,59,157.2,68.3,107,168,40.6
9483,male,23,152.2,90.3,66,100,39.6
9484,male,22,166.5,102.4,33,73,37.1
9485,female,51,163.2,70.1,65,161,38.0
9486,female,28,157.3,78.6,12,75,38.5
9487,female,26,161.2,63.2,50,170,41.2
9488,female,55,158.5,65.0,35,105,38.9
9489,female,57,157.4,51.3,117,126,40.1
9490,female,58,174.9,83.4,70,152,40.5
9491,male,26,167.6,72.3,66,88,39.4
9492,female,25,152.6,83.6,22,96,37.5
9493,female,61,156.9,61.5,59,97,41.2
9494,female,57,169.0,69.7,89,168,39.0
9495,female,20,169.8,74.9,41,145,37.8
9496,male,30,172.4,97.5,106,154,40.5
9497,male,36,180.6,87.2,90,109,41.0
9498,female,51,164.9,60.3,34,97,40.3
9499,female,49,149.4,61.5,87,66,39.0
9500,female,66,160.2,91.7,25,130,41.4
9501,male,33,177.1,81.3,82,142,37.5
9502,male,53,177.6,91.2,17,85,37.7
9503,male,35,180.0,70.2,103,151,38.2
9504,male,31,178.7,100.4,23,86,37.6
9505,male,47,175.2,87.7,8,164,39.0
9506,male,19,194.1,104.3,114,129,39.7
9507,female,30,159.4,62.3,25,96,38.4
9508,male,44,170.3,65.9,28,93,37.1
9509,male,69,182.7,84.5,110,133,39.5
9510,female,34,175.4,67.5,49,100,39.5
9511,male,48,181.1,74.5,17,89,40.9
9512,female,32,172.2,75.5,26,86,37.5
9513,male,37,186.0,76.8,91,133,38.7
9514,female,22,156.0,61.0,53,116,38.0
9515,female,24,168.6,68.1,52,181,37.5
9516,female,35,162.9,73.0,21,131,38.4
9517,female,28,168.1,71.9,24,88,40.6
9518,female,49,156.8,74.0,36,161,38.1
9519,male,67,174.7,76.6,108,156,41.1
9520,male,44,170.1,70.4,54,111,40.1
9521,female,43,159.8,77.0,109,149,37.4
9522,female,54,160.4,63.9,66,144,38.0
9523,female,62,166.4,67.8,19,75,37.2
9524,male,45,181.5,74.6,46,70,37.5
9525,female,67,160.4,57.9,15,115,40.2
9526,female,19,165.4,69.3,41,147,37.7
9527,female,37,165.4,71.2,108,166,38.3
9528,female,21,168.2,46.1,72,125,40.1
9529,male,30,169.2,77.8,42,184,39.9
9530,female,41,175.7,56.8,85,146,41.0
9531,female,65,159.7,67.7,65,108,38.5
9532,male,55,180.4,112.0,65,74,38.7
9533,female,57,163.8,71.5,97,183,37.4
9534,female,65,155.3,75.4,106,140,38.3
9535,male,62,170.9,79.1,19,177,40.8
9536,male,46,159.8,63.3,32,97,37.6
9537,male,53,181.0,75.5,91,128,38.7
9538,female,19,155.9,69.2,71,79,40.8
9539,female,58,157.7,72.1,25,140,38.0
9540,male,35,163.2,76.3,33,114,37.7
9541,male,66,186.2,71.8,65,69,37.0
9542,male,25,165.4,67.3,20,65,41.1
9543,female,32,147.5,73.8,47,102,40.9
9544,female,58,160.3,44.0,28,162,37.8
9545,male,34,173.5,82.5,100,76,40.5
9546,female,40,167.6,56.1,35,94,41.4
9547,male,19,169.9,81.3,102,75,38.4
9548,female,23,153.6,89.9,89,137,40.0
9549,female,46,159.3,65.6,17,108,37.9
9550,female,44,163.0,62.4,29,110,39.6
9551,female,54,170.1,53.5,119,135,38.5
9552,male,66,176.0,80.3,10,145,39.8
9553,female,51,160.4,72.9,90,116,40.0
9554,female,35,165.5,61.5,83,127,40.2
9555,male,59,170.7,70.9,47,90,41.1
9556,female,27,163.5,81.3,86,91,37.5
9557,male,55,182.0,89.5,99,161,38.2
9558,male,61,164.0,76.6,55,103,37.8
9559,female,34,166.5,64.6,79,69,39.0
9560,female,30,157.6,56.9,93,165,38.9
9561,male,69,172.4,74.9,45,137,38.5
9562,male,65,191.0,92.4,93,151,41.4
9563,male,59,173.4,95.3,86,158,40.4
9564,female,44,161.4,88.1,39,100,37.4
9565,male,19,180.8,74.3,109,65,38.8
9566,male,51,165.6,78.7,48,116,40.9
9567,male,48,160.2,66.1,18,72,37.7
9568,female,40,163.7,71.4,113,65,39.1
9569,male,24,166.3,74.8,60,138,40.5
9570,female,55,154.5,54.5,88,71,37.4
9571,female,50,158.8,81.4,62,102,40.7
9572,male,29,166.8,74.5,47,123,37.5
9573,female,62,167.3,85.8,63,124,39.1
9574,male,29,190.8,72.5,59,131,41.3
9575,female,36,179.5,57.6,41,170,39.3
9576,female,26,173.9,59.6,38,71,41.1
9577,male,27,171.3,65.1,107,72,41.1
9578,male,34,173.1,88.0,50,98,38.9
9579,male,67,167.9,83.1,52,104,41.2
9580,female,57,165.7,68.2,94,106,37.4
9581,female,56,150.4,67.4,44,182,38.6
9582,male,58,177.1,81.3,24,160,41.0
9583,male,27,179.7,61.9,46,96,39.4
9584,female,29,163.9,69.3,76,174,40.2
9585,female,32,162.1,68.8,111,133,37.2
9586,female,48,164.9,68.3,68,155,40.0
9587,male,32,167.0,77.2,27,77,40.8
9588,female,45,166.5,58.1,55,170,40.1
9589,male,21,180.6,90.2,103,181,41.3
9590,female,53,161.7,62.2,16,119,40.1
9591,female,18,169.5,44.3,55,180,38.4
9592,male,61,175.6,60.7,7,76,38.1
9593,male,51,184.1,57.0,11,138,39.8
9594,male,64,153.6,96.9,41,65,37.4
9595,female,34,157.0,70.2,112,149,38.7
9596,female,56,149.0,57.5,24,71,39.0
9597,female,55,154.9,78.6,92,74,39.7
9598,male,61,178.5,84.1,62,145,38.0
9599,female,68,161.3,53.4,93,101,41.2
9600,male,50,176.6,92.5,23,112,41.2
9601,male,38,187.7,62.8,31,129,39.7
9602,male,43,171.9,88.1,81,106,40.0
9603,female,63,164.0,64.8,90,77,38.4
9604,female,53,161.8,69.4,40,87,38.2
9605,male,22,179.2,73.6,64,177,38.2
9606,female,50,157.8,55.8,27,121,38.8
9607,male,18,181.9,59.9,88,156,41.2
9608,male,23,164.4,74.8,34,170,38.4
9609,female,54,160.2,43.5,87,83,38.3
9610,male,19,167.1,83.8,95,96,38.5
9611,male,22,175.1,95.6,43,74,38.1
9612,female,43,159.0,71.5,113,146,40.3
9613,male,58,162.1,98.6,119,72,38.8
9614,male,68,168.5,97.4,70,80,39.1
9615,male,64,192.6,68.6,108,180,40.2
9616,male,30,176.9,80.9,38,99,39.9
9617,male,29,173.6,71.3,13,172,38.8
9618,male,22,189.5,78.3,89,166,37.1
9619,male,19,171.8,99.9,88,122,41.0
9620,female,21,163.3,66.1,112,177,37.5
9621,female,44,165.0,77.2,116,145,40.8
9622,male,67,171.8,66.6,76,112,40.4
9623,male,27,169.0,75.3,54,112,40.8
9624,female,30,159.0,82.4,89,183,41.0
9625,female,61,172.0,63.5,84,87,37.2
9626,female,19,164.5,49.5,5,90,39.0
9627,female,43,163.8,66.5,6,168,37.3
9628,female,32,169.5,81.4,73,119,38.4
9629,male,63,192.3,91.8,39,176,37.6
9630,female,27,160.7,51.2,78,181,39.6
9631,female,39,154.4,77.7,49,87,39.8
9632,female,57,169.5,73.0,14,114,39.6
9633,male,42,181.5,71.7,67,87,38.0
9634,male,32,181.0,87.8,30,118,38.1
9635,male,30,157.3,76.0,83,120,38.4
9636,male,25,174.9,92.0,117,109,37.7
9637,male,38,172.9,70.3,107,135,38.9
9638,male,38,165.9,90.4,107,76,40.2
9639,female,39,160.2,56.7,7,183,40.6
9640,male,63,188.7,87.4,83,86,37.1
9641,male,50,153.6,74.0,50,81,37.2
9642,female,62,179.3,79.8,43,141,39.8
9643,male,44,165.0,50.7,105,166,39.1
9644,female,57,169.4,71.7,108,112,38.5
9645,female,67,159.2,78.8,84,142,40.5
9646,male,39,170.2,77.6,54,135,39.2
9647,female,47,162.3,74.6,64,114,39.6
9648,female,26,172.9,70.7,91,147,38.5
9649,female,62,162.0,52.3,23,123,38.3
9650,female,52,172.3,57.8,14,103,41.3
9651,male,35,160.4,93.9,8,135,40.1
9652,female,59,172.8,63.1,101,124,38.5
9653,male,22,187.9,88.0,43,155,41.5
9654,female,44,169.0,58.8,81,81,37.2
9655,female,23,156.9,79.8,79,98,38.9
9656,female,49,167.3,52.7,47,174,41.4
9657,male,25,170.1,92.9,76,139,41.0
9658,male,56,175.9,78.5,97,73,39.0
9659,male,38,172.4,60.5,102,103,40.2
9660,female,35,158.8,57.9,41,131,38.7
9661,female,31,167.0,81.8,89,87,39.2
9662,female,32,169.6,58.4,108,184,39.9
9663,female,59,156.5,63.8,119,104,38.7
9664,male,43,177.0,85.7,22,178,40.5
9665,female,61,155.5,60.3,33,68,38.6
9666,male,49,159.3,109.2,98,121,37.9
9667,female,56,155.5,71.8,50,173,38.1
9668,male,45,175.4,97.7,54,80,41.1
9669,male,56,176.7,92.5,21,123,40.4
9670,female,60,151.1,58.3,27,149,41.0
9671,female,49,159.4,73.2,10,89,41.2
9672,male,30,170.4,79.8,95,69,37.1
9673,female,32,169.0,64.4,39,65,37.9
9674,female,35,159.9,70.9,41,174,38.8
9675,male,56,176.2,92.7,93,160,37.9
9676,male,23,169.4,99.7,53,165,37.2
9677,male,28,181.5,65.7,7,174,41.2
9678,male,49,176.7,80.9,44,84,41.0
9679,female,57,161.1,55.3,64,75,37.9
9680,male,37,174.5,77.5,39,161,39.2
9681,male,50,180.0,82.4,44,164,41.4
9682,male,57,179.4,82.6,117,96,39.7
9683,female,25,157.9,71.5,63,147,39.4
9684,male,68,175.7,89.0,8,103,38.9
9685,female,52,161.5,56.1,45,172,37.6
9686,male,22,184.9,100.9,59,109,37.5
9687,male,52,180.9,77.3,9,121,40.9
9688,female,64,171.6,59.4,69,146,38.1
9689,male,31,166.5,104.6,35,100,38.2
9690,male,38,170.6,66.3,64,106,37.6
9691,female,64,173.4,51.0,47,152,38.8
9692,male,41,177.3,89.3,13,160,39.8
9693,male,34,192.0,76.7,95,73,39.4
9694,male,35,174.0,75.4,106,181,37.2
9695,male,51,172.9,77.1,62,88,39.1
9696,female,29,169.5,75.6,20,143,38.9
9697,male,33,174.3,97.7,74,111,38.2
9698,female,21,155.7,76.2,92,110,39.9
9699,male,42,165.8,64.9,93,173,41.2
9700,female,51,169.4,44.9,38,150,40.2
9701,male,45,183.4,94.3,115,162,37.8
9702,female,63,147.4,76.3,39,183,39.9
9703,male,28,171.5,72.1,89,123,37.7
9704,female,30,167.6,64.8,100,74,39.5
9705,female,48,168.9,62.9,81,66,41.3
9706,male,42,184.0,57.4,42,106,41.4
9707,female,56,170.7,73.3,54,167,41.0
9708,male,27,168.0,74.6,98,170,38.7
9709,male,41,167.8,83.4,16,71,40.2
9710,male,18,182.6,38.9,101,65,37.8
9711,male,42,178.1,58.7,34,73,41.2
9712,male,45,181.1,71.8,48,106,39.0
9713,female,53,149.9,62.2,91,90,39.6
9714,male,35,160.0,89.1,93,143,38.7
9715,male,23,168.0,83.6,98,173,38.9
9716,male,19,180.5,103.2,100,121,38.7
9717,male,20,191.9,86.2,98,86,39.1
9718,male,63,171.6,72.2,96,151,40.9
9719,male,25,193.2,94.7,6,67,40.8
9720,female,48,146.8,63.3,78,174,38.5
9721,female,65,168.0,54.3,104,75,37.5
9722,male,36,176.7,80.0,13,120,39.0
9723,female,67,161.5,68.1,75,179,37.0
9724,male,23,155.6,92.6,16,150,40.4
9725,male,31,180.2,92.2,38,126,37.0
9726,male,20,184.4,103.5,83,104,37.9
9727,male,65,178.2,92.0,53,142,37.7
9728,male,18,174.5,65.3,55,173,40.9
9729,female,61,154.5,46.1,16,80,41.5
9730,female,47,175.6,46.4,116,162,37.7
9731,female,63,165.3,58.4,10,184,39.6
9732,female,36,154.2,70.5,30,69,40.7
9733,male,36,171.7,67.2,73,117,38.6
9734,female,26,161.3,63.7,53,136,38.1
9735,male,24,170.5,93.6,55,130,38.3
9736,female,63,157.7,56.7,78,75,38.5
9737,female,54,162.8,79.6,89,179,38.2
9738,female,67,171.9,57.0,96,169,37.3
9739,female,58,161.7,44.3,45,109,41.1
9740,male,24,179.1,59.0,15,126,41.1
9741,female,26,157.3,56.7,110,169,40.8
9742,female,21,170.7,66.7,51,169,40.5
9743,male,42,182.8,71.8,18,179,40.4
9744,male,66,170.2,88.1,20,177,40.2
9745,female,29,163.8,83.8,48,176,40.8
9746,male,23,173.8,46.0,62,151,37.2
9747,male,35,164.1,86.3,115,129,40.5
9748,male,57,172.8,69.7,25,138,40.9
9749,female,38,160.8,67.9,18,70,39.9
9750,male,32,155.3,72.5,80,131,40.8
9751,female,20,164.6,63.5,30,147,38.3
9752,female,19,155.5,66.7,117,93,38.6
9753,female,58,160.8,74.8,77,143,39.7
9754,female,57,149.7,64.5,7,151,37.6
9755,male,21,180.9,74.9,92,113,37.9
9756,female,49,172.3,68.1,53,72,41.5
9757,male,19,173.9,71.5,45,153,40.5
9758,female,63,163.9,50.9,23,182,37.5
9759,male,46,162.4,68.0,16,152,37.5
9760,female,19,168.7,51.7,59,166,38.8
9761,male,51,173.8,109.5,106,116,41.5
9762,female,44,155.3,68.4,6,76,41.4
9763,female,56,158.9,77.3,32,65,39.1
9764,male,61,157.6,103.9,46,68,39.0
9765,female,55,151.0,63.3,69,167,39.7
9766,female,35,154.5,73.7,33,158,40.0
9767,female,53,159.8,79.0,7,162,38.2
9768,male,36,169.3,85.4,91,184,37.8
9769,female,44,162.7,60.7,12,124,40.7
9770,female,62,172.9,62.3,82,107,38.6
9771,male,37,180.7,73.3,32,169,37.2
9772,male,38,174.0,72.6,46,161,40.9
9773,male,40,172.8,71.9,89,108,40.3
9774,male,47,172.9,97.2,7,94,40.2
9775,male,42,175.1,75.6,64,104,39.9
9776,female,48,158.5,63.9,114,77,38.9
9777,female,44,158.6,62.0,55,94,41.0
9778,female,51,167.4,57.4,82,83,38.6
9779,male,25,179.6,80.1,23,84,38.2
9780,female,36,152.1,68.8,8,102,39.4
9781,male,58,176.6,72.0,91,127,39.1
9782,male,43,183.6,74.9,11,181,37.2
9783,female,45,176.7,57.1,45,132,38.3
9784,male,21,183.9,83.0,20,182,38.7
9785,male,48,186.3,85.6,69,87,40.6
9786,female,33,157.6,42.7,57,153,38.8
9787,male,68,169.0,84.9,59,75,41.2
9788,male,27,174.0,87.3,24,95,40.3
9789,female,55,166.4,57.1,94,140,40.7
9790,male,65,163.0,78.0,8,105,41.0
9791,male,27,171.9,66.4,41,162,37.9
9792,female,62,162.0,60.9,86,121,40.6
9793,female,26,162.1,54.1,85,94,37.9
9794,female,56,150.5,52.7,26,172,39.5
9795,female,53,162.6,57.4,48,144,38.4
9796,male,68,169.3,103.1,112,160,39.2
9797,male,53,179.8,80.5,102,176,37.9
9798,female,36,179.9,85.5,65,164,41.3
9799,male,36,167.9,84.0,107,146,40.0
9800,male,29,169.3,67.2,110,72,38.1
9801,female,30,160.4,83.6,76,159,38.1
9802,female,42,168.1,76.2,50,100,37.7
9803,male,53,171.1,68.6,30,141,40.5
9804,female,42,160.8,66.2,7,146,39.2
9805,female,45,156.3,67.3,93,126,41.0
9806,female,59,168.1,55.8,59,99,37.0
9807,male,56,177.8,92.7,41,91,39.2
9808,female,47,170.7,67.0,51,70,39.2
9809,male,22,174.2,43.2,52,128,41.4
9810,male,34,184.9,91.7,40,138,40.3
9811,male,35,192.6,96.1,19,101,39.4
9812,female,60,170.4,68.2,11,111,39.6
9813,female,64,156.5,63.0,35,108,40.1
9814,female,38,169.3,77.6,65,135,41.1
9815,female,39,150.0,57.8,50,144,37.3
9816,female,56,163.3,66.8,19,130,37.3
9817,male,67,175.0,58.5,17,107,37.9
9818,male,23,171.8,96.9,26,121,39.0
9819,male,67,178.2,92.9,54,170,38.6
9820,female,33,158.5,80.2,56,111,37.2
9821,male,19,174.3,55.9,60,153,39.7
9822,male,68,168.1,75.7,48,154,40.8
9823,female,18,163.6,58.9,91,154,37.3
9824,female,47,157.2,57.2,71,184,39.4
9825,male,60,168.2,73.7,24,82,41.4
9826,male,69,163.8,84.8,87,166,37.2
9827,female,54,164.3,62.8,50,84,38.3
9828,female,65,168.9,68.8,52,179,39.0
9829,female,40,169.0,57.7,34,156,37.8
9830,female,18,164.7,65.4,46,131,39.5
9831,male,36,170.7,85.2,100,121,40.8
9832,male,63,157.8,73.5,45,164,38.6
9833,female,20,160.8,67.1,107,168,37.0
9834,male,19,177.0,72.8,34,65,39.8
9835,male,54,171.3,77.6,28,138,41.0
9836,female,34,148.7,67.0,105,172,40.6
9837,male,45,165.2,97.2,16,159,39.9
9838,male,35,178.3,94.5,48,148,40.5
9839,male,50,166.1,68.0,57,120,38.5
9840,female,32,164.9,78.1,21,72,39.2
9841,female,39,161.1,58.9,77,112,38.7
9842,male,58,172.2,102.2,83,122,37.2
9843,female,44,163.5,72.4,29,181,38.1
9844,female,54,162.5,71.9,16,128,39.2
9845,female,49,167.3,65.0,82,135,39.9
9846,male,62,188.8,76.6,88,121,37.1
9847,male,36,186.2,76.4,50,115,41.2
9848,female,45,161.8,54.3,53,163,39.7
9849,male,45,167.8,67.8,49,171,40.8
9850,male,27,171.6,51.1,119,104,37.8
9851,male,37,172.6,75.2,41,148,39.8
9852,male,42,178.1,80.5,31,67,37.4
9853,male,38,183.3,86.7,34,127,39.0
9854,female,31,151.2,77.0,29,75,40.1
9855,male,39,183.1,81.7,108,122,40.0
9856,male,43,179.9,94.0,96,140,38.1
9857,male,61,170.9,69.5,85,170,37.5
9858,female,28,157.1,57.8,30,170,38.6
9859,female,24,167.0,58.6,75,110,39.7
9860,female,34,162.2,75.3,51,76,37.4
9861,male,35,183.2,93.4,43,170,40.8
9862,female,24,172.5,68.4,88,72,39.3
9863,female,37,168.4,43.2,111,109,40.9
9864,female,55,166.5,77.8,12,150,39.9
9865,female,28,158.5,58.9,32,148,41.4
9866,male,61,174.2,62.5,19,79,39.2
9867,female,33,154.0,63.0,85,113,40.3
9868,female,68,147.4,53.0,95,95,39.2
9869,male,44,171.7,54.5,30,110,37.8
9870,male,68,169.0,79.9,57,158,37.4
9871,female,28,157.7,72.0,110,104,38.1
9872,male,33,169.5,94.0,19,95,39.6
9873,female,40,160.3,74.9,59,84,40.7
9874,male,29,166.6,71.0,17,66,37.6
9875,male,57,188.1,82.7,24,70,41.2
9876,female,20,164.3,53.8,85,142,39.2
9877,male,19,176.7,89.4,93,90,39.3
9878,female,55,158.1,74.2,115,161,37.1
9879,male,65,174.6,90.7,89,151,41.4
9880,female,69,161.3,64.3,12,153,37.3
9881,male,41,179.2,95.5,21,166,38.3
9882,male,46,175.8,82.1,104,101,39.8
9883,male,64,165.6,72.8,38,156,39.9
9884,male,63,177.0,76.0,112,163,38.9
9885,male,51,155.3,88.7,52,135,40.9
9886,female,37,162.4,70.1,14,123,38.5
9887,male,35,163.7,78.4,99,130,37.7
9888,female,31,159.6,61.9,82,128,37.2
9889,female,35,164.3,71.5,79,81,37.6
9890,female,19,148.3,49.6,79,155,41.3
9891,male,18,179.6,83.7,33,112,38.4
9892,female,37,176.8,89.5,20,130,40.0
9893,male,51,162.7,82.2,105,180,41.4
9894,female,58,173.4,69.2,23,76,41.0
9895,female,58,169.1,59.1,90,180,39.3
9896,female,65,165.8,66.8,28,144,37.4
9897,female,28,160.8,76.1,47,96,40.2
9898,female,44,165.7,71.0,60,82,37.6
9899,male,40,180.7,93.1,112,126,37.7
9900,female,55,168.8,63.8,108,80,41.0
9901,female,61,164.2,53.0,43,180,40.0
9902,male,20,182.5,76.1,13,69,41.2
9903,male,29,186.9,84.7,97,88,41.3
9904,male,47,174.7,72.7,52,181,39.1
9905,female,48,166.5,66.8,37,113,40.0
9906,female,40,158.1,55.7,46,139,39.9
9907,female,18,160.5,60.4,95,128,37.5
9908,female,58,155.8,73.1,96,110,39.8
9909,female,37,159.9,74.9,38,106,37.5
9910,female,23,158.2,72.1,49,183,40.9
9911,male,28,181.7,90.1,40,152,41.2
9912,male,52,165.7,74.7,36,142,38.8
9913,female,21,165.7,57.3,86,172,40.1
9914,female,46,156.4,72.5,30,164,40.1
9915,female,27,163.3,64.8,84,65,37.2
9916,female,68,165.0,60.3,100,154,37.7
9917,female,46,150.0,57.7,37,90,41.0
9918,male,55,165.5,93.9,92,132,37.9
9919,male,18,171.1,90.8,47,154,40.4
9920,female,57,153.9,60.1,10,68,39.7
9921,male,25,180.9,84.4,56,160,40.2
9922,female,55,164.7,52.6,64,80,37.7
9923,female,34,155.6,66.7,82,165,40.6
9924,female,36,163.9,67.9,88,144,38.6
9925,male,50,175.4,61.2,94,104,41.4
9926,male,32,173.8,80.2,82,148,38.9
9927,female,62,158.6,48.5,108,145,38.4
9928,male,48,174.8,85.0,116,113,37.6
9929,male,38,167.5,101.0,63,148,37.3
9930,female,20,168.4,76.0,48,160,41.0
9931,male,19,163.7,68.3,115,176,37.5
9932,male,52,169.3,106.2,28,106,41.0
9933,female,58,158.3,64.4,75,75,39.5
9934,female,33,167.0,67.0,71,126,40.0
9935,male,62,181.2,73.6,44,157,40.6
9936,female,68,167.6,57.0,94,119,39.4
9937,male,67,180.4,91.8,24,91,39.2
9938,female,38,160.0,62.5,29,149,40.5
9939,female,29,165.3,48.4,98,167,38.9
9940,female,45,161.8,52.6,114,93,37.4
9941,female,29,157.4,52.3,36,165,39.8
9942,male,50,175.9,92.3,75,96,37.2
9943,female,37,162.9,71.4,56,105,39.7
9944,female,57,155.4,61.7,89,169,39.3
9945,female,66,169.9,63.1,25,76,38.4
9946,male,38,175.6,75.7,53,115,38.6
9947,male,69,179.5,87.8,27,88,39.0
9948,female,56,170.2,69.6,68,90,39.2
9949,female,58,162.1,81.4,16,117,38.9
9950,female,66,169.9,65.4,72,85,38.8
9951,female,59,155.8,67.0,87,95,38.5
9952,female,53,166.0,58.9,9,71,39.9
9953,female,39,168.9,46.1,69,173,38.8
9954,male,43,185.1,75.6,99,161,38.4
9955,female,24,161.8,73.6,68,81,41.1
9956,female,24,161.9,57.6,47,123,37.8
9957,female,25,164.5,59.9,52,104,37.7
9958,female,43,166.3,74.6,6,82,40.5
9959,female,41,156.6,64.5,70,117,37.5
9960,female,41,162.6,55.8,79,129,38.2
9961,male,57,162.9,74.4,77,148,38.6
9962,male,65,168.7,58.0,71,149,38.3
9963,male,29,167.5,98.9,37,175,40.3
9964,male,64,186.0,64.1,27,173,37.9
9965,male,25,171.1,85.8,112,106,40.1
9966,male,26,165.7,91.2,86,102,38.3
9967,female,20,163.3,75.3,66,184,40.9
9968,female,38,164.5,61.4,78,96,40.9
9969,female,48,159.8,69.1,63,86,38.3
9970,female,65,165.8,60.9,99,125,39.7
9971,female,64,167.2,70.9,84,153,40.7
9972,female,41,167.9,69.9,116,96,37.3
9973,male,21,188.4,99.6,113,95,39.6
9974,female,37,152.7,43.7,31,163,41.4
9975,male,33,183.7,78.1,72,122,38.6
9976,male,27,181.4,87.5,47,141,40.3
9977,female,60,156.2,73.8,58,144,40.6
9978,female,43,162.4,59.0,69,165,40.3
9979,female,46,172.4,78.4,50,169,41.3
9980,female,22,154.6,79.9,16,120,40.5
9981,female,28,161.0,72.0,59,183,41.2
9982,female,46,173.4,53.6,114,147,38.0
9983,female,62,164.1,72.1,62,175,39.7
9984,male,32,161.5,82.8,108,105,38.7
9985,female,23,163.0,59.1,13,79,40.3
9986,female,65,168.8,69.5,111,110,37.7
9987,male,32,177.0,77.5,97,179,37.8
9988,female,60,167.2,69.6,50,177,37.6
9989,female,37,164.6,71.6,41,161,38.2
9990,male,51,178.7,72.6,69,123,37.8
9991,female,19,167.6,50.5,87,129,40.5
9992,female,61,160.9,85.8,81,115,39.6
9993,female,33,156.4,61.1,114,77,38.7
9994,female,36,166.3,57.9,68,88,37.9
9995,female,51,162.1,52.9,77,182,40.6
9996,female,66,159.9,66.5,26,151,41.0
9997,male,31,185.0,81.4,29,166,40.8
9998,female,41,171.9,63.8,13,157,41.2
9999,female,45,161.9,80.0,39,80,40.6
10000,male,65,199.0,70.0,57,113,39.8
10001,male,49,184.9,75.5,50,96,38.9
10002,female,54,161.4,85.7,50,172,38.3
10003,male,27,181.0,59.0,67,165,37.0
10004,female,66,162.9,63.8,61,80,40.7
10005,female,62,160.5,57.7,110,107,39.0
10006,male,65,166.4,101.7,77,167,40.9
10007,female,26,163.4,71.4,11,174,38.4
10008,female,41,181.1,60.9,85,152,38.5
10009,male,53,174.2,88.0,80,117,37.1
10010,male,46,167.6,80.4,77,168,39.2
10011,male,46,169.0,83.5,10,85,39.2
10012,male,65,174.0,74.0,92,97,39.9
10013,female,40,158.5,60.3,23,123,40.4
10014,male,44,154.3,62.5,59,124,38.6
10015,male,48,175.1,64.6,68,91,41.2
10016,male,60,169.0,63.6,85,181,39.1
10017,male,24,186.2,75.7,82,93,39.6
10018,male,66,198.5,79.4,69,97,39.7
10019,female,62,155.9,45.1,115,164,40.9
10020,male,21,161.2,90.8,60,184,40.1
10021,female,31,154.7,69.2,86,166,38.6
10022,male,59,173.4,109.1,98,114,40.2
10023,male,59,190.8,75.1,117,96,41.0
10024,male,27,188.3,106.8,92,110,40.7
10025,male,61,181.9,89.0,84,92,37.2
10026,male,51,170.3,56.5,109,115,37.3
10027,male,43,180.4,65.7,22,177,40.1
10028,male,40,177.1,83.8,15,166,41.4
10029,male,26,176.9,59.0,119,90,39.7
10030,female,54,166.4,55.0,105,112,39.0
10031,male,25,183.5,60.9,68,122,39.6
10032,female,31,162.6,51.9,38,111,39.0
10033,male,24,174.2,93.2,42,127,38.0
10034,female,24,169.1,60.3,70,111,38.3
10035,male,26,168.7,98.1,40,134,38.3
10036,male,20,177.5,95.1,31,83,39.7
10037,male,31,161.0,95.7,12,143,40.7
10038,female,34,169.4,54.9,84,145,37.2
10039,female,67,163.2,79.8,83,162,39.4
10040,female,61,166.9,64.1,5,129,39.4
10041,female,39,163.4,82.4,94,83,41.3
10042,male,63,168.1,70.2,99,131,40.7
10043,male,43,169.2,67.1,104,145,38.8
10044,male,45,184.1,93.6,71,184,39.7
10045,female,62,165.2,72.6,69,167,40.0
10046,male,31,162.7,69.4,8,110,40.0
10047,female,26,150.6,58.9,14,142,41.1
10048,female,68,165.7,58.5,101,139,39.6
10049,female,43,158.5,61.1,75,144,38.0
10050,female,19,156.9,62.6,83,118,39.9
10051,female,28,172.3,59.4,77,158,38.1
10052,male,34,186.3,101.3,116,167,37.5
10053,female,51,160.5,60.3,73,155,39.7
10054,female,36,165.4,46.0,37,146,38.3
10055,male,56,164.8,67.1,46,184,39.8
10056,female,35,172.5,59.9,117,151,40.7
10057,female,30,176.3,51.9,33,113,37.7
10058,male,22,172.5,93.9,67,91,37.3
10059,male,67,178.1,75.7,29,120,37.4
10060,male,40,166.9,63.8,23,108,41.4
10061,female,41,155.5,64.7,85,172,37.4
10062,male,46,178.5,92.8,33,139,41.2
10063,male,65,185.7,66.3,89,141,41.4
10064,male,64,174.8,66.3,83,108,37.3
10065,female,25,165.3,73.8,94,87,39.4
10066,male,43,181.1,73.9,7,154,40.1
10067,female,32,159.3,48.2,110,106,37.2
10068,female,18,180.5,64.9,114,128,39.3
10069,male,45,168.8,84.3,34,98,38.9
10070,female,66,160.0,79.1,85,163,39.3
10071,female,64,170.8,60.9,117,182,39.5
10072,male,63,179.1,63.1,10,107,40.2
10073,female,31,162.9,62.8,81,166,37.6
10074,male,59,177.9,63.6,75,148,41.5
10075,female,51,167.8,69.7,45,152,38.2
10076,female,48,168.1,77.2,84,160,41.4
10077,male,23,178.8,88.7,9,90,40.1
10078,male,66,180.8,78.0,85,66,40.1
10079,female,22,156.0,75.0,69,77,41.1
10080,female,48,159.8,66.7,77,67,41.0
10081,male,54,172.2,88.3,118,167,38.0
10082,female,32,162.7,50.3,54,164,40.1
10083,female,32,167.6,67.1,81,76,39.3
10084,female,69,168.4,80.1,96,91,39.2
10085,female,60,168.9,48.6,109,184,37.1
10086,male,22,175.5,113.0,25,78,39.4
10087,male,45,171.9,70.2,75,138,37.4
10088,male,50,177.7,86.7,73,169,38.2
10089,male,28,188.4,98.0,60,182,37.0
10090,male,60,174.0,100.6,76,102,38.8
10091,male,23,157.0,82.2,27,140,41.2
10092,female,40,152.8,75.0,37,182,40.6
10093,male,57,184.5,58.5,69,104,37.3
10094,female,19,163.4,65.2,98,139,40.2
10095,female,32,160.7,70.3,28,114,40.3
10096,female,40,172.2,53.4,91,130,40.5
10097,male,39,160.3,83.4,25,159,40.0
10098,female,26,156.2,58.8,81,126,37.3
10099,male,64,177.4,86.6,118,74,39.9
10100,female,57,155.8,72.1,102,173,38.0
10101,female,47,171.1,56.9,45,70,39.7
10102,male,33,182.3,92.5,91,119,40.1
10103,female,63,163.2,68.9,106,106,37.5
10104,female,64,165.2,60.3,89,125,39.1
10105,female,69,160.8,65.2,119,86,38.0
10106,female,47,157.0,70.1,26,111,40.6
10107,male,62,175.3,101.2,115,83,41.2
10108,female,26,161.1,56.1,109,138,39.3
10109,female,18,165.4,67.3,50,111,39.5
10110,male,55,185.6,75.5,109,155,37.4
10111,female,25,164.3,63.5,33,156,38.8
10112,female,69,158.2,61.5,57,182,37.7
10113,female,35,164.1,57.1,27,74,40.2
10114,female,44,169.3,76.5,26,109,41.3
10115,male,35,168.8,86.8,102,124,40.6
10116,female,49,171.4,63.5,12,179,38.7
10117,male,66,174.6,94.8,115,81,40.0
10118,female,49,173.8,57.0,92,143,41.5
10119,female,65,171.7,56.4,48,107,37.2
10120,female,62,156.8,60.1,13,76,38.3
10121,male,53,172.8,79.2,35,148,37.4
10122,female,53,152.5,57.6,15,128,39.9
10123,female,38,169.4,76.2,53,144,40.8
10124,male,63,164.4,97.7,114,111,38.6
10125,male,49,176.8,88.1,106,148,38.8
10126,male,48,163.3,73.1,99,114,38.3
10127,male,54,177.5,105.0,56,91,39.5
10128,female,33,156.2,68.2,58,86,37.6
10129,female,63,163.2,61.6,71,155,37.8
10130,female,63,164.5,54.7,29,77,37.4
10131,female,31,160.2,81.5,81,123,37.6
10132,male,41,173.5,62.1,84,133,40.8
10133,female,42,160.4,55.2,48,145,37.8
10134,female,63,167.0,80.1,26,162,39.2
10135,female,68,160.6,53.5,17,86,40.1
10136,female,52,174.4,71.1,23,158,37.8
10137,male,34,163.6,88.4,62,131,39.0
10138,female,63,168.3,63.7,65,135,38.0
10139,female,59,150.7,62.1,96,177,41.1
10140,female,62,157.6,66.7,25,79,37.2
10141,male,21,191.6,97.2,30,135,39.6
10142,male,28,172.0,77.4,45,67,41.0
10143,female,64,165.0,60.6,46,93,40.5
10144,female,32,162.2,68.0,55,70,38.1
10145,female,47,147.0,74.2,85,113,39.4
10146,male,41,169.0,74.0,65,155,37.3
10147,female,19,164.2,53.7,11,129,38.3
10148,female,60,163.0,75.8,94,177,38.7
10149,female,51,172.2,70.1,61,118,37.3
10150,male,40,166.2,66.7,62,98,37.8
10151,female,48,160.9,76.1,28,122,40.8
10152,female,54,149.3,53.5,21,72,39.1
10153,male,30,182.5,99.4,62,175,41.2
10154,male,50,171.6,76.0,68,153,37.7
10155,female,24,171.7,70.7,18,79,40.0
10156,male,49,178.4,73.5,8,102,40.4
10157,female,24,159.8,66.1,84,75,40.5
10158,male,59,169.7,98.2,24,137,40.4
10159,male,55,170.1,88.1,37,91,37.8
10160,female,69,162.2,74.1,106,141,39.0
10161,female,61,161.6,59.6,53,140,41.0
10162,female,30,159.7,63.3,22,75,39.6
10163,male,41,185.4,70.8,32,183,38.7
10164,female,45,167.2,55.2,86,122,37.1
10165,female,49,163.1,52.2,57,99,39.7
10166,female,60,143.7,64.9,16,108,41.0
10167,female,35,168.8,61.3,105,121,37.9
10168,female,51,184.0,67.3,117,151,41.5
10169,male,65,164.5,92.5,88,85,37.9
10170,female,51,157.3,59.7,73,92,39.6
10171,female,68,164.1,71.9,110,71,39.2
10172,male,55,161.4,53.7,62,141,40.5
10173,female,18,166.2,66.2,40,159,39.2
10174,female,60,173.5,71.7,67,99,38.5
10175,female,67,158.3,69.9,68,145,41.3
10176,female,59,158.5,67.9,15,179,39.6
10177,female,48,162.4,71.8,119,152,37.2
10178,male,67,169.0,82.7,45,180,39.0
10179,male,18,159.8,82.0,36,150,39.3
10180,male,68,184.9,57.8,5,138,37.2
10181,female,33,158.9,55.3,26,144,40.1
10182,male,56,172.2,73.8,26,165,39.2
10183,female,32,171.1,45.8,58,70,37.5
10184,female,50,172.8,73.1,81,76,38.5
10185,female,40,168.6,63.5,51,65,39.3
10186,male,58,181.1,80.0,73,178,40.9
10187,male,51,179.4,66.9,35,80,39.1
10188,male,34,185.7,50.1,84,179,41.1
10189,female,42,165.4,67.7,34,162,40.4
10190,male,59,175.2,84.5,94,127,39.9
10191,female,23,156.6,47.4,87,165,39.8
10192,male,48,171.2,72.7,13,122,40.3
10193,male,22,181.5,74.8,58,155,39.0
10194,female,57,165.7,50.9,87,69,38.9
10195,female,57,154.3,62.7,73,182,38.0
10196,male,47,172.8,92.2,14,147,39.5
10197,male,22,168.5,72.9,101,75,40.1
10198,male,29,166.2,71.1,93,181,38.2
10199,female,24,158.0,65.9,12,101,38.0
10200,female,62,173.6,73.0,60,127,37.8
10201,male,30,187.7,73.6,30,171,37.3
10202,male,66,164.9,93.7,36,139,41.1
10203,female,21,166.2,66.3,91,72,41.1
10204,male,67,174.3,95.8,16,117,37.7
10205,female,59,158.3,59.8,42,80,40.7
10206,female,20,155.4,44.5,36,159,38.8
10207,female,29,165.4,71.7,100,75,39.6
10208,female,18,164.6,63.6,30,129,39.4
10209,female,44,163.8,77.0,6,111,40.1
10210,female,60,158.9,69.2,98,145,39.7
10211,male,67,177.7,71.7,43,176,38.2
10212,female,30,161.9,77.7,103,113,38.7
10213,female,34,169.8,62.5,9,89,38.6
10214,male,25,178.5,88.7,88,119,41.2
10215,female,49,170.8,56.3,64,175,37.2
10216,male,37,167.8,77.5,85,179,40.5
10217,female,68,169.9,59.8,27,171,39.0
10218,male,34,175.2,83.0,101,90,40.3
10219,male,51,173.2,84.9,64,98,38.4
10220,female,52,166.7,78.7,44,66,37.4
10221,female,52,162.2,56.3,114,80,40.6
10222,female,55,165.4,51.1,113,95,37.5
10223,female,59,169.9,73.3,80,86,40.7
10224,male,41,164.9,65.3,61,150,39.4
10225,male,35,175.3,75.3,63,96,40.1
10226,male,67,163.6,81.3,32,134,38.2
10227,female,63,156.6,72.7,9,66,40.1
10228,male,65,184.7,73.5,90,135,41.0
10229,female,56,151.0,58.6,6,75,37.8
10230,female,50,163.9,60.2,45,74,40.7
10231,male,66,191.0,70.4,70,80,39.6
10232,female,40,165.8,70.1,37,115,38.0
10233,male,42,168.9,63.4,73,65,40.8
10234,female,54,166.7,58.0,92,99,38.0
10235,male,44,177.6,92.9,87,166,41.0
10236,female,18,173.7,75.7,42,103,38.6
10237,male,38,189.5,84.0,33,138,40.2
10238,male,66,175.7,66.0,109,123,40.3
10239,female,27,163.9,52.1,112,163,39.2
10240,female,48,176.7,72.4,76,141,40.8
10241,male,61,184.5,83.2,106,170,38.7
10242,female,42,153.3,57.7,54,142,40.8
10243,female,37,167.3,70.1,72,140,39.6
10244,female,19,161.4,53.0,75,108,37.2
10245,male,65,171.1,72.1,93,184,39.0
10246,male,32,181.6,86.7,62,67,40.7
10247,female,45,149.3,75.7,6,102,38.2
10248,female,30,152.8,73.9,11,174,40.2
10249,male,67,190.1,83.6,114,139,39.0
10250,female,69,162.9,67.8,76,162,38.4
10251,male,31,184.1,87.0,67,89,41.0
10252,female,67,171.3,64.9,51,151,39.2
10253,female,19,171.6,56.8,33,136,40.4
10254,female,51,171.6,60.2,65,128,39.1
10255,male,52,192.0,71.2,107,171,38.4
10256,male,54,176.0,91.6,89,172,41.1
10257,male,42,169.9,53.6,89,91,37.6
10258,male,65,178.4,97.1,114,114,39.6
10259,female,32,159.1,57.8,93,68,37.9
10260,female,29,157.7,67.4,35,126,37.5
10261,male,26,178.6,84.2,95,152,37.4
10262,female,48,171.5,54.3,37,124,40.5
10263,female,31,162.6,64.8,43,127,38.2
10264,male,46,174.2,93.5,18,77,39.6
10265,female,65,163.8,69.5,38,169,39.2
10266,female,60,161.2,66.9,35,95,40.9
10267,male,55,176.8,69.5,52,128,40.4
10268,female,59,154.9,55.7,105,78,40.1
10269,female,25,158.7,78.6,74,148,41.1
10270,female,65,156.2,60.4,30,182,39.6
10271,male,20,167.9,69.6,97,165,40.7
10272,male,19,172.0,85.4,56,150,40.8
10273,female,33,164.4,60.8,36,140,40.6
10274,female,36,156.6,59.9,9,131,38.7
10275,female,47,169.0,47.8,56,160,40.6
10276,male,58,167.5,85.9,65,69,39.4
10277,male,33,174.4,74.7,23,160,38.5
10278,male,48,191.7,83.7,77,140,37.9
10279,female,45,170.9,71.7,21,156,40.1
10280,female,21,170.9,49.2,42,155,38.4
10281,female,27,161.7,73.1,69,151,38.2
10282,female,68,168.0,64.6,81,132,39.7
10283,female,62,170.7,50.3,25,133,38.2
10284,male,35,171.9,72.2,18,166,38.4
10285,female,64,162.4,50.9,87,109,40.2
10286,female,49,163.6,75.8,57,73,40.0
10287,female,47,155.3,64.7,18,73,41.2
10288,male,53,181.1,68.7,114,157,40.6
10289,female,26,170.2,83.5,76,121,38.5
10290,male,53,186.0,80.3,67,145,39.1
10291,male,46,174.4,80.2,108,147,39.6
10292,male,33,180.6,87.1,29,130,38.8
10293,male,45,184.6,101.3,22,160,41.4
10294,male,38,183.9,81.0,81,118,37.2
10295,female,64,159.0,63.2,92,79,39.9
10296,female,19,158.8,66.6,60,169,39.8
10297,male,63,188.9,63.7,13,66,41.2
10298,male,52,179.1,74.0,94,142,41.1
10299,male,45,169.2,94.3,27,176,41.1
10300,female,53,163.5,81.8,102,160,41.5
10301,female,48,166.3,66.6,17,167,38.5
10302,male,50,156.2,83.4,108,113,39.2
10303,female,40,170.4,65.5,43,154,37.8
10304,female,58,165.4,64.1,18,174,40.7
10305,male,34,184.3,90.5,65,76,39.6
10306,male,63,169.0,94.7,97,170,40.1
10307,female,66,161.9,67.8,106,154,37.3
10308,female,18,166.4,59.7,95,100,37.3
10309,female,59,163.6,63.9,90,140,37.3
10310,male,40,175.8,64.9,45,177,40.2
10311,male,65,175.2,52.2,25,161,38.7
10312,male,44,166.5,92.4,66,154,40.4
10313,female,42,148.9,63.0,47,151,39.3
10314,female,49,177.2,63.3,29,77,37.9
10315,male,36,183.6,56.8,33,101,37.5
10316,female,41,164.4,61.1,26,104,41.2
10317,male,20,172.8,58.8,81,156,40.0
10318,female,29,172.9,60.8,96,98,39.7
10319,male,52,172.8,87.6,17,118,39.8
10320,female,32,160.5,66.0,90,169,38.6
10321,female,34,171.3,65.7,50,147,37.5
10322,male,67,188.0,71.3,117,182,41.0
10323,male,49,175.7,84.2,95,174,41.2
10324,male,24,175.9,84.2,98,153,39.1
10325,male,36,173.9,78.9,62,163,38.9
10326,male,24,176.6,76.4,32,149,38.0
10327,female,22,144.6,53.1,115,134,37.0
10328,male,57,181.8,76.6,45,177,40.2
10329,male,38,175.2,83.0,45,80,39.3
10330,male,65,188.6,83.5,24,88,41.3
10331,male,65,182.0,73.7,103,115,37.2
10332,male,68,171.5,93.2,55,80,38.5
10333,female,64,166.4,76.2,118,158,41.4
10334,male,24,171.7,84.7,12,92,39.8
10335,male,54,178.3,75.9,54,138,38.6
10336,male,40,179.8,69.6,36,184,37.9
10337,female,28,155.8,69.3,115,81,37.3
10338,female,27,164.4,63.1,47,148,41.2
10339,male,38,171.5,87.9,65,112,38.8
10340,male,58,165.6,78.9,107,164,41.3
10341,female,50,159.2,66.1,89,88,38.6
10342,female,37,174.7,65.2,90,144,41.2
10343,female,50,160.8,69.4,92,84,40.6
10344,male,57,181.2,84.7,89,180,38.5
10345,male,52,167.4,100.7,48,119,38.9
10346,female,51,158.6,78.1,40,90,41.2
10347,male,53,160.8,68.7,72,93,40.3
10348,female,44,158.7,72.3,112,184,40.6
10349,female,36,157.3,52.4,15,176,39.8
10350,female,60,169.2,60.9,12,86,37.3
10351,male,22,178.3,67.8,8,84,40.9
10352,female,46,160.0,81.4,78,160,40.5
10353,female,27,153.7,69.2,16,93,39.6
10354,male,57,163.0,55.7,101,176,40.1
10355,female,30,164.7,54.4,41,151,38.0
10356,male,46,170.0,87.0,69,121,41.2
10357,female,22,160.9,68.1,85,162,38.0
10358,male,29,167.0,96.7,18,140,40.0
10359,female,30,162.9,47.7,102,147,39.1
10360,female,39,175.6,68.5,44,81,39.5
10361,female,57,168.0,56.7,95,167,37.9
10362,female,32,156.2,54.6,28,150,37.8
10363,female,30,176.5,64.0,86,74,38.5
10364,male,18,175.5,73.4,67,184,37.1
10365,male,55,173.3,100.5,20,146,37.5
10366,female,60,161.1,56.8,55,133,38.6
10367,female,62,164.9,69.4,20,65,39.7
10368,female,69,166.0,54.7,62,154,38.6
10369,male,18,173.2,98.1,39,153,37.3
10370,male,28,171.9,80.9,72,178,40.6
10371,female,60,176.5,63.5,102,141,37.7
10372,male,57,162.1,71.4,37,167,37.3
10373,female,39,168.7,70.1,91,103,38.6
10374,female,52,156.7,72.4,78,110,39.1
10375,female,68,144.9,88.6,61,76,41.0
10376,male,61,174.1,93.6,79,84,38.1
10377,female,23,166.6,66.7,72,70,39.6
10378,female,45,167.8,68.0,96,82,38.2
10379,female,48,165.6,51.4,16,66,37.5
10380,male,25,187.2,106.3,21,137,39.9
10381,male,22,168.6,94.7,73,97,40.4
10382,male,59,172.0,79.0,100,118,39.4
10383,female,65,167.9,53.7,6,65,38.5
10384,male,61,169.1,69.9,81,139,41.4
10385,female,34,163.3,75.1,89,86,37.2
10386,male,55,174.2,68.2,17,132,39.5
10387,female,26,162.6,49.8,36,85,40.0
10388,male,27,172.7,75.9,105,93,38.9
10389,female,37,168.4,70.8,45,84,37.6
10390,male,31,178.2,52.6,24,133,37.8
10391,male,31,191.4,76.8,63,115,41.3
10392,male,43,168.0,75.5,5,91,41.1
10393,female,46,152.1,70.7,51,171,37.8
10394,male,66,175.4,86.3,51,182,37.3
10395,male,44,180.3,92.2,91,161,37.8
10396,male,42,180.6,85.3,81,82,41.0
10397,male,33,176.6,94.8,9,86,37.5
10398,female,53,162.2,63.0,109,172,37.7
10399,male,51,171.5,63.5,103,105,40.2
10400,female,33,171.9,69.3,8,101,40.7
10401,female,50,170.5,62.4,97,174,39.5
10402,female,20,163.0,75.1,70,82,37.9
10403,female,40,158.1,65.5,52,85,40.6
10404,male,28,183.9,104.5,58,70,38.7
10405,female,65,158.2,43.9,7,92,40.0
10406,female,35,175.7,57.8,26,66,38.1
10407,female,64,169.1,74.4,82,143,39.5
10408,female,58,164.5,65.2,81,174,38.5
10409,male,61,176.7,85.8,6,75,38.1
10410,male,46,172.6,74.4,59,75,40.3
10411,female,67,160.4,55.7,77,90,40.9
10412,female,22,166.5,82.9,20,155,40.9
10413,female,41,161.3,58.4,16,107,39.0
10414,male,46,176.7,64.4,60,151,41.1
10415,male,46,189.8,80.5,54,120,39.3
10416,male,43,182.8,70.2,113,72,38.6
10417,male,57,169.2,70.2,70,127,40.4
10418,male,20,181.7,79.3,101,182,38.2
10419,female,19,150.5,73.2,106,110,38.8
10420,male,42,184.7,60.0,89,123,40.6
10421,male,36,171.1,86.7,83,148,39.2
10422,female,57,170.6,57.8,82,162,37.6
10423,male,19,168.6,77.0,15,90,41.3
10424,male,36,169.0,87.4,22,129,37.1
10425,male,18,168.3,75.6,55,173,38.1
10426,female,44,167.1,69.2,93,127,40.6
10427,male,62,181.9,90.8,76,152,40.8
10428,female,69,153.0,65.7,70,117,40.0
10429,female,66,166.0,61.5,88,105,39.8
10430,male,52,185.1,78.7,61,157,40.7
10431,male,58,171.2,77.8,30,75,40.4
10432,male,22,177.8,81.7,108,72,41.4
10433,male,55,161.8,81.9,78,94,39.1
10434,female,21,150.8,70.5,76,143,38.2
10435,male,34,159.0,85.3,108,146,37.0
10436,female,38,158.0,73.2,98,89,38.5
10437,female,65,171.0,64.5,107,128,40.7
10438,female,48,151.4,61.8,10,175,37.2
10439,female,65,153.6,59.4,102,124,40.1
10440,female,39,169.9,64.7,60,75,37.2
10441,male,28,178.1,85.9,118,180,39.1
10442,female,51,164.6,64.6,51,112,38.9
10443,female,66,159.6,67.3,84,115,41.2
10444,male,32,174.2,87.2,23,174,38.4
10445,male,67,179.2,67.3,7,137,39.4
10446,female,27,165.0,65.0,17,178,39.8
10447,female,55,173.5,66.2,86,96,38.3
10448,male,49,179.6,79.2,45,76,38.1
10449,female,65,157.7,59.1,45,182,38.3
10450,male,48,165.1,70.4,118,175,37.6
10451,male,54,177.2,84.7,11,106,37.5
10452,female,61,157.4,63.8,26,87,39.7
10453,male,45,177.4,79.4,35,152,37.5
10454,female,48,163.4,70.2,87,147,37.9
10455,female,23,166.6,64.9,23,138,37.8
10456,female,31,173.4,57.5,51,146,37.6
10457,male,40,173.5,94.2,19,79,37.6
10458,female,33,163.0,59.2,76,158,40.6
10459,male,42,183.8,78.5,114,111,38.1
10460,female,56,182.0,79.3,116,178,38.0
10461,female,19,157.5,66.5,97,162,37.6
10462,male,55,183.8,94.8,60,106,40.2
10463,female,58,166.6,79.2,116,103,37.6
10464,female,56,166.9,67.7,54,77,37.3
10465,male,51,175.2,69.9,21,106,41.5
10466,male,68,173.4,86.8,38,180,39.6
10467,male,57,171.0,81.6,46,87,40.1
10468,female,60,173.9,69.5,114,109,41.0
10469,male,42,181.2,88.8,89,86,37.0
10470,male,53,171.3,81.0,33,124,40.6
10471,female,33,164.4,60.4,76,91,40.1
10472,male,35,173.1,90.0,10,116,38.5
10473,female,30,168.1,57.6,72,133,37.3
10474,female,54,160.2,77.2,28,75,39.5
10475,male,44,165.1,83.6,111,104,38.4
10476,female,51,151.3,72.2,24,70,37.2
10477,male,28,177.9,75.1,115,131,41.2
10478,male,18,168.9,69.7,87,96,37.2
10479,male,30,180.3,67.6,85,138,39.2
10480,male,47,164.4,39.1,56,104,40.2
10481,female,22,163.9,72.8,92,183,39.3
10482,female,35,169.0,54.5,105,84,41.4
10483,male,31,178.5,89.9,95,82,39.7
10484,male,30,180.2,83.8,27,162,39.6
10485,female,49,165.9,69.5,82,146,39.8
10486,male,24,166.3,76.9,58,66,41.4
10487,female,25,162.3,50.6,79,77,38.5
10488,male,67,176.9,76.5,91,120,40.8
10489,female,24,164.6,78.5,12,110,37.4
10490,female,69,151.9,74.4,16,181,40.0
10491,female,66,170.5,54.8,49,126,39.6
10492,male,33,173.6,80.8,119,141,39.8
10493,male,60,163.1,95.9,61,111,39.0
10494,male,48,170.1,92.3,69,123,40.2
10495,male,68,170.0,62.2,72,154,40.0
10496,male,44,192.1,76.5,105,128,40.8
10497,female,50,160.7,72.4,8,76,41.1
10498,female,46,166.8,76.9,111,76,37.9
10499,female,25,175.3,68.9,66,76,40.3
10500,female,50,162.7,70.7,81,183,39.5
10501,female,58,158.8,53.0,35,172,38.3
10502,female,36,177.2,52.2,58,87,37.9
10503,female,38,168.6,51.5,35,82,38.1
10504,male,58,173.8,67.7,36,88,38.8
10505,female,38,154.5,61.1,44,111,39.2
10506,male,42,171.4,96.4,8,155,38.4
10507,female,59,155.4,59.0,107,134,38.7
10508,female,40,153.9,64.9,113,104,41.1
10509,male,28,174.3,81.6,11,109,37.9
10510,female,50,167.6,61.7,60,131,37.2
10511,male,37,189.6,89.1,61,179,40.3
10512,female,42,173.0,61.8,50,126,38.5
10513,male,43,173.9,62.1,53,122,38.2
10514,female,57,161.1,48.1,54,179,41.3
10515,male,69,180.3,75.8,117,159,38.7
10516,male,29,169.4,87.1,53,174,38.9
10517,female,49,171.9,58.4,84,160,39.7
10518,female,50,155.7,52.9,106,156,38.8
10519,male,27,169.1,80.0,47,118,40.7
10520,female,21,154.7,67.6,69,73,39.0
10521,male,32,175.6,83.1,10,98,38.7
10522,female,68,160.7,60.7,90,124,39.6
10523,male,23,168.3,94.1,34,91,41.2
10524,female,44,161.0,57.7,76,91,39.4
10525,male,22,158.6,90.9,112,124,38.4
10526,female,22,167.6,67.5,71,89,38.5
10527,male,35,184.4,62.6,58,170,37.9
10528,male,45,163.6,82.0,78,147,39.8
10529,female,52,152.8,73.5,29,142,37.1
10530,female,39,164.0,61.3,46,104,40.1
10531,male,51,181.4,93.5,76,147,41.0
10532,male,21,176.3,69.7,65,140,39.9
10533,male,35,178.2,82.5,42,159,40.8
10534,male,58,175.5,58.7,40,100,37.4
10535,female,68,155.3,48.1,45,89,40.3
10536,male,43,177.8,84.1,51,122,40.4
10537,male,59,169.4,75.5,116,125,38.5
10538,male,39,175.8,58.0,91,116,40.2
10539,female,64,160.1,79.2,35,70,38.9
10540,male,50,176.3,102.9,6,78,40.2
10541,female,60,176.4,57.8,72,71,40.1
10542,female,31,165.1,54.0,38,157,38.4
10543,female,48,157.6,88.6,12,154,37.1
10544,female,27,162.6,55.0,60,98,40.5
10545,female,68,164.5,77.5,100,167,38.3
10546,female,41,166.3,58.4,15,100,39.6
10547,female,38,173.6,65.9,91,183,39.8
10548,male,65,172.1,73.9,74,115,41.0
10549,male,25,162.0,101.5,78,139,37.1
10550,female,49,162.7,63.7,72,140,39.4
10551,male,48,161.6,73.8,71,145,39.9
10552,male,51,167.1,80.7,16,171,39.7
10553,female,40,169.9,55.6,65,169,40.4
10554,male,42,187.4,69.2,5,151,37.3
10555,female,24,166.4,75.4,82,95,38.0
10556,male,36,175.1,67.8,96,146,39.9
10557,female,24,166.9,74.7,15,117,38.5
10558,female,64,164.6,47.8,34,180,38.2
10559,male,25,181.2,65.5,108,125,38.7
10560,male,31,183.8,64.8,113,90,40.9
10561,female,18,155.0,54.3,6,151,38.0
10562,female,30,166.7,64.7,10,114,40.6
10563,female,20,148.1,62.3,28,72,38.6
10564,male,45,181.8,85.0,82,87,40.0
10565,male,55,167.3,67.8,40,139,37.7
10566,male,68,170.4,77.9,6,159,37.8
10567,male,32,168.6,79.3,71,83,37.6
10568,female,53,162.9,67.5,30,86,40.8
10569,female,20,150.6,66.2,33,105,40.2
10570,female,21,168.8,79.6,91,145,41.0
10571,female,22,161.9,66.6,54,113,39.8
10572,male,67,174.5,78.7,11,121,39.9
10573,female,43,165.7,72.4,64,155,39.4
10574,female,42,164.6,81.0,72,95,37.3
10575,male,27,165.9,70.9,83,81,37.2
10576,male,25,176.4,87.0,27,81,39.2
10577,female,29,159.8,60.8,112,172,39.2
10578,male,20,165.0,102.2,108,162,38.0
10579,female,44,160.9,49.4,26,163,39.6
10580,male,67,165.6,87.6,108,75,41.0
10581,male,40,173.3,72.0,75,148,40.5
10582,female,57,163.3,71.7,54,124,39.5
10583,male,50,177.2,78.2,86,68,38.2
10584,female,31,160.7,77.8,106,122,38.1
10585,male,40,168.9,81.8,93,67,40.7
10586,male,48,183.5,79.7,52,136,38.7
10587,male,30,171.5,71.7,19,180,39.8
10588,male,29,178.6,81.8,10,164,41.0
10589,male,52,173.7,92.5,113,100,38.7
10590,female,35,163.4,53.9,63,107,40.2
10591,male,38,173.3,71.3,109,147,40.6
10592,female,62,155.6,43.2,80,84,37.7
10593,male,64,174.9,85.3,84,69,37.3
10594,female,59,155.2,73.8,30,154,40.7
10595,male,18,168.5,96.5,43,178,41.1
10596,female,55,163.3,38.7,76,150,38.8
10597,female,58,164.6,58.4,31,119,39.2
10598,male,59,183.6,72.1,95,90,40.3
10599,male,64,173.8,90.2,119,114,37.9
10600,male,26,175.7,77.4,69,138,37.1
10601,female,40,161.2,62.5,47,152,40.8
10602,female,31,162.3,63.9,45,116,40.0
10603,male,28,166.8,106.0,65,164,40.1
10604,male,24,168.0,83.8,113,160,39.6
10605,female,48,161.8,75.7,36,125,39.5
10606,female,41,166.9,60.1,7,183,41.4
10607,male,43,179.4,82.1,98,153,39.8
10608,female,47,165.3,76.4,65,170,37.6
10609,male,51,162.3,67.3,21,79,38.2
10610,male,63,174.9,95.4,13,167,38.2
10611,male,55,173.4,81.8,61,117,37.9
10612,female,22,156.9,54.8,118,98,40.9
10613,female,22,151.5,74.2,52,172,39.3
10614,female,36,165.6,43.4,11,80,39.2
10615,female,68,160.2,66.0,36,111,41.4
10616,male,55,175.6,81.1,97,128,37.2
10617,female,45,159.7,70.1,62,172,39.0
10618,male,43,182.4,92.3,86,138,38.0
10619,male,59,157.2,74.9,115,178,38.9
10620,male,40,174.5,73.6,9,134,37.7
10621,female,63,156.4,74.2,102,174,37.6
10622,male,66,167.7,72.1,43,165,38.2
10623,male,47,179.2,93.2,19,172,37.6
10624,female,20,158.8,59.9,118,175,41.3
10625,male,45,163.6,92.3,74,125,37.6
10626,female,50,168.9,64.0,108,105,39.1
10627,female,59,170.6,68.1,112,149,40.5
10628,female,20,162.2,74.6,36,109,40.8
10629,male,22,173.6,62.6,57,66,41.3
10630,female,36,160.0,62.7,63,113,39.5
10631,female,59,181.4,69.3,7,166,38.4
10632,female,65,162.2,63.0,29,83,39.9
10633,female,18,158.8,77.1,61,182,39.7
10634,male,55,170.9,91.1,107,169,39.7
10635,female,26,165.3,66.2,55,102,38.6
10636,male,22,177.3,72.5,21,151,41.0
10637,female,63,170.6,69.6,51,171,39.5
10638,male,59,179.1,82.0,15,173,39.7
10639,female,51,157.5,78.9,39,81,38.9
10640,male,54,176.4,80.6,10,70,38.0
10641,female,50,177.7,65.4,29,118,38.0
10642,male,42,177.6,77.4,21,112,39.8
10643,male,59,173.9,83.7,59,108,37.1
10644,male,46,181.8,82.9,110,123,41.2
10645,female,42,157.1,67.5,34,177,39.0
10646,male,26,181.3,78.5,14,98,40.9
10647,male,20,182.6,61.8,32,79,38.9
10648,male,32,178.4,75.8,71,155,37.5
10649,male,21,179.0,69.0,59,86,37.5
10650,female,62,171.5,80.0,86,99,37.0
10651,male,55,170.6,106.5,84,147,38.3
10652,male,37,181.7,70.7,110,66,38.9
10653,male,66,186.4,68.7,30,108,37.1
10654,female,40,171.1,79.7,87,84,39.0
10655,male,54,170.5,65.9,85,109,37.6
10656,male,64,175.2,62.6,45,126,39.4
10657,male,25,168.0,77.5,65,125,39.8
10658,male,54,168.4,74.1,61,161,39.3
10659,female,62,153.2,72.7,49,145,39.3
10660,male,50,187.7,69.0,32,168,37.7
10661,male,50,158.7,77.7,24,120,39.7
10662,female,24,177.1,76.6,42,169,41.4
10663,female,39,160.2,59.4,98,120,41.4
10664,female,22,164.9,68.1,17,66,38.6
10665,male,63,177.6,98.4,17,76,40.3
10666,female,32,171.0,53.6,36,178,39.0
10667,male,38,175.2,84.5,95,146,37.6
10668,female,42,161.0,71.5,27,87,40.3
10669,male,34,169.8,59.4,59,83,38.5
10670,female,67,156.7,54.6,41,118,40.4
10671,male,24,165.3,80.4,100,133,38.7
10672,female,67,163.4,53.5,20,85,37.8
10673,male,36,174.0,61.7,15,174,40.8
10674,male,69,177.9,86.3,88,124,37.2
10675,male,24,172.5,81.8,15,84,38.6
10676,male,57,179.7,87.3,117,144,40.0
10677,male,62,178.2,86.7,29,70,41.0
10678,male,67,167.0,70.2,113,123,37.7
10679,male,41,167.5,39.0,40,171,37.4
10680,male,28,174.8,78.7,114,154,38.4
10681,female,58,162.4,69.1,49,160,38.2
10682,male,18,189.9,82.0,56,163,40.1
10683,male,49,177.4,98.2,39,87,38.1
10684,female,57,168.0,65.3,29,165,39.8
10685,male,61,162.1,88.3,6,118,40.0
10686,female,19,164.7,76.1,54,177,40.6
10687,male,32,179.8,63.4,31,82,39.7
10688,female,38,151.0,68.0,54,106,41.1
10689,female,41,156.7,55.7,40,149,40.1
10690,male,67,166.1,69.4,23,112,38.1
10691,female,34,163.7,66.5,110,77,41.2
10692,male,64,190.3,67.7,30,92,37.9
10693,male,69,167.1,89.0,37,78,37.8
10694,male,69,166.9,83.0,8,169,40.3
10695,male,26,169.4,76.4,70,158,39.3
10696,female,52,168.7,58.3,34,101,37.7
10697,male,37,175.1,83.1,77,184,37.5
10698,female,36,166.3,67.6,109,163,37.8
10699,female,35,171.2,74.1,70,111,41.2
10700,male,37,164.0,88.0,60,117,39.6
10701,male,47,177.3,93.3,97,169,40.3
10702,male,57,174.6,78.5,14,105,37.6
10703,male,18,183.0,101.4,44,104,38.7
10704,female,41,161.4,84.9,76,86,39.5
10705,male,41,172.9,61.3,61,99,39.3
10706,female,64,164.6,64.5,53,166,38.7
10707,male,36,175.7,79.9,70,141,37.4
10708,male,47,171.9,80.1,97,73,40.1
10709,male,43,170.6,81.5,23,144,39.7
10710,male,59,160.2,72.0,25,141,38.9
10711,female,61,165.3,84.0,76,82,41.2
10712,female,55,158.8,78.9,60,117,40.4
10713,male,46,181.8,66.3,116,137,38.6
10714,female,30,161.5,64.0,65,72,37.2
10715,female,21,155.2,65.1,113,83,40.6
10716,male,62,174.8,88.2,28,178,39.0
10717,male,34,164.3,61.7,100,144,39.1
10718,female,50,162.8,78.0,19,139,39.6
10719,female,22,157.3,57.4,10,107,40.0
10720,female,45,170.3,58.7,86,156,39.7
10721,female,41,171.8,74.8,47,96,38.3
10722,male,34,156.9,89.7,81,83,37.8
10723,male,67,171.8,87.1,73,71,37.1
10724,female,56,161.9,57.2,48,88,37.1
10725,male,65,169.4,89.9,113,87,41.0
10726,female,57,166.7,70.2,84,71,41.5
10727,female,61,175.9,61.8,24,168,38.6
10728,male,63,184.9,53.4,7,104,38.0
10729,female,68,174.0,61.0,9,165,38.8
10730,female,28,152.7,71.9,107,143,37.5
10731,male,29,184.7,106.3,45,87,39.8
10732,male,30,179.0,80.7,78,143,38.0
10733,female,25,166.3,58.0,85,136,38.4
10734,female,18,150.7,78.7,35,137,40.8
10735,male,26,175.2,79.1,98,165,39.6
10736,female,45,166.3,75.5,82,155,37.6
10737,female,19,158.6,52.1,82,180,37.4
10738,male,31,166.4,85.7,51,86,39.9
10739,male,30,181.3,108.3,97,86,37.7
10740,male,65,174.5,82.3,73,84,37.9
10741,male,19,177.5,73.7,8,85,39.7
10742,male,21,176.2,71.5,100,78,41.1
10743,male,29,178.5,79.0,31,149,39.4
10744,female,65,162.4,62.2,101,86,39.1
10745,female,27,152.6,79.1,84,97,40.9
10746,male,20,168.5,61.0,75,142,38.3
10747,male,21,163.7,52.8,81,77,37.2
10748,female,23,162.2,57.0,118,178,39.5
10749,female,40,165.3,40.4,91,150,37.6
10750,female,22,167.2,89.3,75,154,37.3
10751,male,67,163.9,85.5,42,149,37.4
10752,male,20,183.3,84.4,109,79,37.5
10753,female,27,147.7,72.4,84,139,40.0
10754,male,60,171.4,67.8,91,76,39.6
10755,male,36,193.2,86.3,108,70,38.4
10756,male,31,161.8,82.7,104,96,38.1
10757,female,38,164.3,70.0,88,88,37.0
10758,female,60,172.6,61.9,27,183,37.7
10759,male,45,181.3,91.5,52,81,39.6
10760,male,38,175.9,89.5,82,167,39.5
10761,male,53,160.0,91.6,40,162,40.3
10762,male,41,175.8,71.0,50,152,37.1
10763,male,55,177.7,90.2,8,89,40.6
10764,female,34,162.6,63.1,67,124,39.6
10765,male,39,190.6,104.5,38,127,38.2
10766,male,36,177.5,90.7,86,150,39.0
10767,male,62,180.4,85.2,89,87,40.6
10768,female,27,161.3,83.1,33,150,39.2
10769,female,28,158.2,57.1,91,148,40.2
10770,male,55,183.7,86.6,58,109,38.8
10771,female,19,164.2,59.2,85,140,39.5
10772,female,50,162.5,62.9,111,145,40.7
10773,female,60,159.4,69.4,66,117,39.2
10774,female,48,150.4,72.2,118,91,39.5
10775,female,65,157.4,54.4,23,129,38.9
10776,female,52,170.5,52.9,88,168,37.9
10777,male,54,168.2,70.2,33,109,41.4
10778,female,64,151.0,68.2,65,120,37.1
10779,female,64,155.6,68.5,91,65,37.6
10780,male,53,172.9,91.9,31,101,40.2
10781,male,40,179.9,75.1,22,142,40.3
10782,male,53,169.4,72.8,96,180,37.7
10783,male,57,180.2,90.6,13,182,39.9
10784,female,56,170.1,59.6,93,107,41.0
10785,female,43,166.4,86.7,119,154,40.6
10786,female,42,178.5,83.0,87,131,37.0
10787,female,34,160.3,74.3,108,111,37.2
10788,male,32,183.8,77.4,95,86,39.1
10789,female,54,171.3,70.7,21,167,38.6
10790,female,62,165.7,50.8,73,80,37.4
10791,male,21,180.2,75.1,73,136,37.9
10792,female,39,166.9,62.6,109,75,41.2
10793,female,34,165.8,65.2,33,89,38.7
10794,female,39,150.4,66.0,38,81,38.0
10795,female,34,158.4,63.2,44,114,37.7
10796,male,31,167.5,103.8,90,153,39.7
10797,male,31,179.7,81.1,34,148,39.1
10798,male,34,170.9,85.3,32,79,38.5
10799,male,25,180.7,84.2,48,71,38.7
10800,male,51,177.4,107.2,36,86,37.9
10801,female,43,168.6,65.4,41,96,40.4
10802,female,62,146.0,64.2,53,153,40.4
10803,male,47,183.9,94.7,98,79,37.1
10804,male,39,178.2,68.7,102,184,38.0
10805,male,33,177.5,72.2,66,74,37.3
10806,female,47,157.7,68.0,112,69,37.4
10807,male,33,180.4,101.9,36,145,41.3
10808,female,55,168.9,66.5,64,70,39.0
10809,female,41,163.5,74.7,41,67,37.9
10810,female,53,161.5,52.2,12,95,41.3
10811,female,52,165.6,69.7,93,107,39.1
10812,male,23,169.3,76.2,48,136,40.1
10813,female,21,163.6,91.7,102,97,41.3
10814,female,35,153.7,78.4,23,87,41.2
10815,male,23,167.6,69.8,28,107,41.3
10816,female,43,168.2,49.0,111,76,40.8
10817,female,54,166.9,51.2,99,74,40.2
10818,female,44,165.7,84.0,26,97,37.9
10819,male,58,180.4,92.0,71,77,37.8
10820,female,28,168.4,70.0,69,179,38.6
10821,female,55,160.4,83.2,78,112,41.1
10822,male,33,177.6,70.5,74,181,38.1
10823,male,36,177.0,71.2,46,70,37.9
10824,female,60,159.3,47.2,51,88,39.6
10825,female,32,161.9,68.8,65,91,38.0
10826,male,43,184.9,97.1,75,156,39.6
10827,female,58,162.8,65.0,77,127,39.9
10828,male,48,176.2,77.5,37,163,38.6
10829,female,36,160.3,59.0,60,88,39.0
10830,male,68,172.7,82.3,90,119,39.1
10831,female,41,162.5,62.4,81,74,37.5
10832,male,26,169.6,69.5,54,84,37.5
10833,male,40,185.7,69.3,43,86,37.7
10834,male,21,180.0,83.9,98,109,40.4
10835,male,27,167.5,66.1,45,116,40.5
10836,male,26,188.6,72.5,117,83,38.9
10837,female,36,157.1,55.6,106,82,37.1
10838,female,32,165.0,49.3,47,178,37.1
10839,male,68,183.8,93.4,54,144,41.3
10840,female,51,155.5,73.8,35,138,38.0
10841,female,59,152.9,45.9,111,112,37.8
10842,female,36,157.6,64.1,30,134,37.4
10843,female,66,157.8,69.3,102,174,40.1
10844,female,69,154.0,67.9,65,111,40.3
10845,female,38,161.2,59.1,53,77,41.3
10846,male,51,176.3,86.5,84,72,40.8
10847,female,68,166.4,74.3,85,152,37.1
10848,female,34,159.1,56.4,6,148,40.7
10849,female,35,160.1,80.5,94,153,41.4
10850,male,34,165.5,88.6,114,69,39.4
10851,female,19,165.6,74.0,10,132,37.7
10852,female,68,158.6,65.5,106,154,38.0
10853,female,18,166.2,59.9,23,99,40.8
10854,male,60,173.4,89.5,24,79,41.3
10855,female,27,155.9,76.9,77,99,41.3
10856,male,54,173.4,79.5,70,179,39.2
10857,female,65,155.2,64.7,105,182,39.8
10858,male,22,178.9,67.4,34,139,40.0
10859,male,29,168.5,79.0,37,97,38.9
10860,male,53,171.9,61.3,30,104,41.2
10861,female,48,171.0,65.5,66,132,40.7
10862,male,55,173.9,95.5,52,124,37.6
10863,male,68,175.0,61.5,104,85,37.6
10864,male,26,179.1,82.8,19,131,39.5
10865,male,61,179.0,99.2,102,181,39.4
10866,female,43,151.9,60.4,111,160,37.1
10867,female,32,164.3,69.7,19,99,39.0
10868,female,33,160.5,62.8,81,65,41.3
10869,female,30,156.4,58.9,62,82,39.0
10870,male,42,177.3,98.7,93,70,40.0
10871,female,47,156.6,67.6,98,83,40.2
10872,male,24,165.6,58.4,59,95,37.1
10873,female,69,170.6,68.0,84,112,38.3
10874,female,21,161.2,58.7,68,124,41.2
10875,female,60,157.9,49.1,43,120,39.3
10876,male,57,169.8,108.7,114,113,41.4
10877,female,55,166.2,57.4,46,72,41.0
10878,female,47,169.1,67.6,7,134,38.3
10879,female,27,176.1,74.2,79,167,38.2
10880,male,47,184.4,102.0,35,151,38.6
10881,female,56,164.4,67.5,11,132,39.3
10882,female,24,154.1,58.2,26,173,41.0
10883,male,53,162.9,72.3,46,76,39.3
10884,male,52,166.1,69.6,64,79,40.5
10885,female,41,161.7,70.4,108,115,39.6
10886,female,56,158.7,80.1,18,132,38.0
10887,female,53,160.6,46.5,57,74,38.9
10888,male,62,171.1,95.9,75,94,38.9
10889,male,37,186.4,74.1,116,167,41.5
10890,male,66,187.1,89.9,33,110,39.5
10891,female,49,163.1,71.2,119,140,37.3
10892,male,56,161.3,93.3,117,106,39.6
10893,female,66,155.6,57.5,82,103,39.5
10894,male,43,176.9,81.2,23,72,39.2
10895,male,43,180.2,86.3,75,123,38.4
10896,male,53,175.5,67.7,114,125,38.1
10897,female,60,162.6,48.0,26,134,37.9
10898,female,52,155.7,47.2,31,145,37.4
10899,female,60,157.6,60.1,48,151,38.7
10900,female,52,152.9,70.5,80,114,40.2
10901,male,29,157.3,58.6,37,71,39.6
10902,female,50,153.7,56.1,77,161,37.1
10903,male,53,167.2,56.9,18,117,40.8
10904,female,31,166.3,67.5,22,71,38.8
10905,female,50,162.5,54.2,86,160,40.2
10906,male,63,178.0,77.9,54,180,40.4
10907,male,62,178.2,88.9,77,157,39.1
10908,female,62,166.3,53.1,111,94,40.6
10909,female,41,155.2,46.2,111,184,39.7
10910,male,32,160.9,89.7,75,141,40.6
10911,male,48,173.1,80.4,101,118,40.1
10912,male,34,163.9,71.9,46,102,37.7
10913,male,29,165.3,69.1,37,175,38.1
10914,male,39,179.6,85.2,107,146,38.9
10915,female,40,163.0,67.9,15,94,38.7
10916,female,43,181.6,66.9,69,149,38.4
10917,female,31,161.0,56.3,79,166,39.1
10918,female,29,184.0,71.2,94,94,39.3
10919,male,67,171.7,81.4,75,82,41.1
10920,male,21,183.9,78.2,38,126,38.4
10921,male,63,177.8,83.3,12,162,37.2
10922,female,68,157.5,64.4,68,93,38.4
10923,male,30,176.7,86.5,97,113,40.2
10924,male,35,174.9,85.1,103,109,38.7
10925,female,60,164.1,59.2,76,115,37.9
10926,female,45,163.6,67.7,39,84,38.7
10927,female,55,167.0,71.9,50,95,40.2
10928,male,58,173.1,43.8,23,111,37.4
10929,male,61,181.7,55.4,67,164,40.1
10930,female,36,163.9,64.6,95,147,37.6
10931,female,63,146.7,58.3,44,77,41.4
10932,male,64,165.8,78.2,46,141,39.0
10933,female,60,174.9,80.5,48,109,38.8
10934,male,55,173.5,79.6,50,134,39.6
10935,female,63,151.8,51.2,88,121,37.6
10936,female,20,168.2,57.2,45,151,38.5
10937,female,36,157.7,86.1,19,92,39.6
10938,male,37,160.9,88.6,21,65,37.3
10939,male,42,187.1,94.1,56,175,38.2
10940,female,28,166.8,67.2,72,183,39.2
10941,male,34,181.4,81.1,6,119,40.0
10942,female,66,164.0,73.8,11,178,38.4
10943,female,52,164.2,68.2,23,70,39.8
10944,male,31,175.7,98.2,58,127,38.1
10945,male,56,186.9,75.6,80,167,39.0
10946,male,36,176.4,87.8,82,170,38.9
10947,male,20,179.7,69.5,9,120,37.2
10948,female,51,155.1,71.6,30,171,41.2
10949,male,66,180.1,73.8,93,120,40.4
10950,male,58,174.0,101.6,78,168,39.6
10951,female,39,159.1,68.1,24,161,38.5
10952,female,55,159.4,64.5,16,112,40.7
10953,female,44,156.1,48.8,75,85,40.2
10954,female,38,170.7,72.5,28,141,37.6
10955,male,58,179.4,85.2,5,145,39.5
10956,male,48,179.8,81.3,27,159,38.2
10957,female,44,161.7,60.4,118,144,40.3
10958,female,54,160.0,64.7,13,112,38.9
10959,male,19,181.2,100.6,16,168,38.1
10960,male,64,170.4,87.9,72,128,41.1
10961,male,26,174.8,76.4,110,109,41.1
10962,male,36,186.0,62.6,108,109,40.7
10963,male,59,184.8,82.2,8,81,37.4
10964,female,53,167.4,61.0,59,136,40.4
10965,female,27,163.0,63.2,63,106,37.4
10966,female,57,168.7,55.0,61,153,37.5
10967,female,62,167.2,56.3,65,128,37.7
10968,male,56,174.7,80.3,10,159,40.1
10969,female,24,161.5,51.2,48,183,38.7
10970,male,21,184.7,92.4,65,156,40.8
10971,male,32,176.5,70.8,69,116,40.4
10972,male,29,170.4,81.3,83,104,40.5
10973,male,65,178.8,76.1,76,128,41.2
10974,male,23,182.8,87.8,81,166,39.7
10975,male,26,166.9,87.1,86,72,40.8
10976,male,52,173.4,86.1,27,176,38.2
10977,female,25,163.9,55.0,58,172,41.1
10978,male,24,178.6,77.7,115,179,41.2
10979,female,21,169.6,84.8,29,115,38.8
10980,female,30,179.3,76.7,62,130,38.5
10981,male,36,163.1,92.6,54,137,38.3
10982,male,24,183.3,79.9,97,114,39.2
10983,female,27,166.9,78.2,79,84,40.0
10984,female,42,161.7,66.3,94,132,39.3
10985,female,61,158.9,56.8,54,163,39.4
10986,female,52,156.5,86.2,77,124,37.3
10987,male,42,188.2,69.8,58,118,41.0
10988,male,46,199.3,86.6,19,128,37.8
10989,male,29,161.9,92.9,119,107,40.2
10990,female,68,156.8,47.3,54,96,38.4
10991,male,64,173.8,73.2,85,73,39.1
10992,female,57,160.7,63.0,57,183,37.0
10993,male,29,182.7,71.2,37,94,40.7
10994,female,69,152.4,74.2,23,113,41.3
10995,male,23,177.3,73.7,53,65,37.6
10996,male,27,167.9,70.9,56,113,37.9
10997,female,19,169.4,71.1,65,160,37.3
10998,female,62,173.1,71.0,105,101,37.4
10999,female,42,165.8,62.2,42,126,39.5
11000,female,24,151.1,68.2,92,82,37.7
11001,female,57,166.6,68.1,110,166,38.0
11002,male,40,187.8,71.9,95,150,39.0
11003,female,65,159.3,51.8,97,119,39.2
11004,male,28,180.0,90.9,25,147,38.3
11005,male,53,172.0,80.5,96,80,41.4
11006,male,66,163.3,82.7,99,170,37.5
11007,male,65,176.2,92.4,101,181,37.9
11008,male,68,168.3,87.9,56,149,38.9
11009,female,40,162.9,65.3,119,113,38.3
11010,female,60,163.9,55.8,28,128,40.7
11011,male,24,166.8,68.9,43,121,37.8
11012,male,44,169.8,81.3,87,103,40.2
11013,female,30,161.9,64.8,33,132,37.6
11014,female,68,156.2,76.0,14,79,38.2
11015,male,34,169.3,58.7,21,76,40.3
11016,female,49,153.4,69.9,37,144,37.4
11017,female,43,179.4,76.1,47,128,41.1
11018,female,39,165.1,77.1,88,157,38.4
11019,male,30,173.1,76.7,9,153,38.5
11020,female,29,159.2,72.4,107,179,38.1
11021,male,24,168.3,74.7,50,141,40.9
11022,male,18,168.5,69.6,5,84,39.9
11023,male,50,180.6,69.7,104,98,37.2
11024,male,69,160.9,117.5,40,83,41.1
11025,male,31,174.4,63.3,66,183,41.2
11026,female,64,171.7,79.0,119,139,39.5
11027,male,60,179.8,70.5,25,157,38.4
11028,male,58,163.6,69.1,25,156,37.7
11029,male,34,175.1,63.8,19,83,38.2
11030,female,21,164.5,72.8,54,146,40.9
11031,female,69,164.6,71.8,57,113,37.9
11032,female,68,176.5,59.6,74,93,37.7
11033,female,56,162.2,54.6,32,84,38.5
11034,female,18,165.6,72.7,21,92,38.4
11035,female,58,168.4,70.1,72,72,40.3
11036,female,62,166.6,58.4,46,168,38.7
11037,male,41,166.4,68.0,110,104,37.9
11038,male,51,162.3,71.1,114,110,37.6
11039,female,51,156.2,77.3,62,120,39.2
11040,male,41,165.2,80.4,42,163,41.3
11041,male,32,168.1,67.1,68,133,38.9
11042,female,34,162.7,57.4,84,105,37.2
11043,male,30,176.5,69.9,50,153,38.2
11044,male,24,170.5,91.4,67,148,38.5
11045,female,26,161.1,46.7,48,135,39.8
11046,male,61,180.0,70.3,44,92,40.9
11047,female,52,172.2,44.7,15,89,41.3
11048,female,40,163.6,77.2,28,120,38.1
11049,male,64,159.4,80.9,97,122,40.8
11050,male,56,190.1,89.9,98,156,37.4
11051,male,40,165.2,73.3,18,182,39.5
11052,female,43,153.5,77.0,90,166,38.6
11053,female,18,171.9,69.7,92,141,37.5
11054,female,31,169.2,77.3,69,158,37.9
11055,male,49,170.2,81.3,87,167,38.2
11056,male,68,163.6,75.6,100,136,40.2
11057,female,65,170.0,71.6,116,131,41.5
11058,male,27,178.0,89.4,18,144,37.1
11059,male,18,186.6,103.9,9,144,40.6
11060,female,22,160.5,75.3,75,180,39.3
11061,female,20,164.1,74.8,109,151,37.5
11062,male,66,180.6,82.5,88,74,38.0
11063,female,67,172.2,53.6,60,70,38.9
11064,male,44,177.2,95.4,85,147,40.3
11065,female,68,157.2,85.0,72,102,38.1
11066,female,39,155.6,70.6,73,154,39.9
11067,female,35,166.0,88.5,71,82,38.2
11068,male,33,189.1,81.4,53,155,40.7
11069,male,19,179.8,68.5,97,84,38.4
11070,female,64,156.5,61.8,62,174,40.7
11071,female,30,157.6,57.0,42,70,38.4
11072,female,62,175.4,55.5,52,145,39.5
11073,male,33,180.1,58.8,34,94,40.6
11074,female,25,163.8,77.9,106,179,37.4
11075,female,60,153.8,61.7,119,80,37.8
11076,female,25,177.1,79.2,26,89,41.3
11077,female,27,161.6,83.3,46,115,37.8
11078,male,50,176.0,90.7,66,80,41.0
11079,male,48,179.3,69.3,78,134,39.3
11080,female,29,149.3,58.3,28,101,37.5
11081,male,26,174.1,88.5,15,128,39.1
11082,male,54,172.4,100.5,117,135,39.5
11083,male,26,194.7,84.4,89,124,37.7
11084,female,65,153.9,52.1,119,169,40.4
11085,male,35,182.0,74.8,11,160,37.5
11086,male,47,175.1,69.8,101,119,37.5
11087,male,49,168.2,90.4,26,116,39.6
11088,female,57,170.0,75.0,90,120,40.8
11089,female,40,161.1,65.0,35,81,39.8
11090,male,28,170.2,65.5,63,91,37.2
11091,male,37,174.6,81.5,44,67,39.0
11092,female,36,165.0,72.0,7,156,40.2
11093,female,53,153.4,71.6,106,183,38.2
11094,male,69,167.3,90.6,93,162,40.1
11095,male,43,163.4,92.3,46,93,38.8
11096,female,27,180.4,81.0,96,184,41.3
11097,female,41,166.0,75.2,21,68,39.2
11098,male,30,159.2,71.3,76,91,40.8
11099,female,69,146.4,73.9,8,148,38.6
11100,male,63,169.0,78.6,88,140,40.3
11101,male,51,172.2,73.8,12,163,38.5
11102,male,46,179.8,77.1,28,138,38.3
11103,female,53,176.5,95.1,45,78,37.8
11104,male,24,169.6,72.3,60,120,39.9
11105,male,68,164.1,83.9,117,86,39.2
11106,female,47,157.3,64.0,94,169,38.6
11107,female,34,170.9,66.3,32,88,37.2
11108,male,65,172.7,71.8,38,154,40.0
11109,male,30,178.5,83.7,76,75,40.1
11110,female,41,171.5,67.7,105,148,38.4
11111,female,48,167.4,64.5,116,136,40.0
11112,female,44,157.4,71.6,115,93,41.0
11113,male,67,179.2,67.2,8,137,38.6
11114,male,38,177.5,69.5,22,102,40.2
11115,male,61,179.1,72.1,38,134,40.8
11116,female,18,157.2,42.2,32,156,39.0
11117,male,32,187.7,95.3,114,154,37.7
11118,female,20,155.1,59.8,116,73,37.2
11119,male,23,174.0,91.3,42,109,40.3
11120,female,31,165.4,50.8,118,90,39.4
11121,male,55,173.4,76.5,73,153,37.8
11122,male,50,179.3,85.0,33,116,37.1
11123,female,69,164.9,69.6,40,70,38.9
11124,female,55,159.9,37.1,47,85,38.9
11125,male,25,179.2,64.6,10,124,41.4
11126,female,43,158.7,63.6,98,123,37.6
11127,female,32,151.8,55.9,56,85,37.8
11128,male,31,169.7,100.5,99,175,41.3
11129,female,65,172.3,68.9,43,169,37.4
11130,male,37,182.6,76.6,114,155,40.7
11131,male,65,166.4,76.6,18,184,40.7
11132,female,36,167.1,71.5,117,75,38.0
11133,female,50,166.0,65.1,49,84,38.6
11134,male,53,166.1,80.5,114,81,41.1
11135,male,41,179.3,74.2,94,162,39.9
11136,male,27,166.6,87.6,94,115,40.8
11137,male,69,155.6,69.2,49,128,40.7
11138,male,67,173.7,88.2,118,119,39.3
11139,male,51,177.1,86.5,14,150,37.3
11140,female,53,169.0,56.6,11,80,39.4
11141,female,64,165.4,61.0,20,149,37.1
11142,female,53,168.6,68.1,18,141,38.5
11143,male,33,176.2,85.3,109,162,37.6
11144,female,32,169.9,58.8,30,118,38.9
11145,male,35,171.5,79.1,46,171,37.4
11146,male,24,182.4,68.2,69,118,38.8
11147,female,64,158.5,52.2,106,120,37.2
11148,male,39,177.5,90.7,110,184,38.4
11149,male,49,170.0,89.5,55,173,38.8
11150,male,60,162.5,101.6,98,71,38.0
11151,male,36,171.0,103.6,67,160,41.3
11152,male,57,177.3,61.4,91,77,38.3
11153,male,18,171.4,78.1,6,160,39.7
11154,female,52,151.1,46.3,8,147,38.3
11155,male,22,173.1,91.5,94,152,40.6
11156,male,67,178.4,97.1,66,108,40.1
11157,male,29,167.2,67.7,47,104,40.5
11158,male,29,176.5,73.5,50,133,37.7
11159,female,38,168.0,68.3,18,92,38.6
11160,female,36,159.3,67.7,112,145,37.9
11161,male,26,173.7,67.1,82,104,40.2
11162,male,60,187.3,85.3,47,158,40.1
11163,male,66,163.3,104.7,5,126,41.4
11164,female,65,162.1,45.8,32,123,41.1
11165,female,53,149.4,54.5,88,114,41.2
11166,female,59,154.9,72.0,23,75,39.6
11167,female,64,155.3,61.5,71,173,37.7
11168,male,68,169.9,85.4,101,79,41.2
11169,female,49,161.2,45.0,66,164,40.9
11170,female,52,164.2,69.4,104,124,38.9
11171,male,48,168.1,96.5,82,74,39.5
11172,male,49,172.0,85.3,12,84,37.4
11173,female,54,165.3,59.7,107,94,38.7
11174,female,49,154.3,68.4,88,99,40.6
11175,female,60,163.5,78.0,64,163,41.4
11176,female,54,173.0,51.2,117,160,39.2
11177,male,56,162.2,54.8,60,123,38.3
11178,male,55,179.9,83.7,62,115,40.5
11179,female,47,165.8,55.0,48,122,40.8
11180,female,49,169.0,74.9,53,76,39.9
11181,female,62,165.0,88.0,90,110,39.2
11182,female,19,168.9,61.6,115,71,41.0
11183,female,68,166.6,60.8,94,128,40.0
11184,male,28,174.9,88.8,103,82,37.0
11185,male,37,159.3,77.7,52,92,41.4
11186,male,54,179.3,74.2,106,173,40.2
11187,female,26,154.8,55.3,82,75,39.2
11188,female,55,160.5,58.8,27,162,37.1
11189,male,66,162.4,88.3,54,99,37.2
11190,male,36,187.3,68.6,55,140,41.4
11191,female,57,165.2,57.1,73,140,40.6
11192,male,24,180.6,75.8,5,79,37.4
11193,female,22,164.4,66.4,94,118,40.4
11194,female,64,163.6,78.5,19,104,37.8
11195,male,59,181.1,80.3,55,83,38.7
11196,male,41,177.9,86.8,80,104,39.3
11197,male,65,172.0,55.8,89,117,41.1
11198,female,58,157.9,70.3,105,74,37.2
11199,female,24,170.0,80.4,21,136,37.6
11200,male,28,176.4,92.4,77,86,40.5
11201,female,26,159.9,49.1,5,85,41.5
11202,female,66,159.3,45.0,99,84,40.5
11203,female,47,160.1,70.7,85,133,40.5
11204,male,58,168.1,80.5,88,170,39.4
11205,female,20,154.6,79.8,57,65,38.5
11206,male,39,167.6,78.2,8,91,37.6
11207,male,57,185.7,102.6,29,100,37.8
11208,female,68,150.9,75.4,102,171,39.0
11209,male,37,169.5,85.5,11,97,41.3
11210,female,49,159.9,85.1,67,154,39.7
11211,male,65,168.2,86.7,95,127,40.9
11212,male,24,187.0,89.8,6,183,38.1
11213,female,24,158.0,56.1,49,78,38.8
11214,male,37,180.6,94.0,9,150,40.3
11215,male,42,187.5,86.0,72,172,37.3
11216,male,62,176.2,96.6,116,96,38.2
11217,female,52,159.4,51.9,71,75,39.5
11218,female,61,159.8,63.4,29,157,40.1
11219,male,41,175.0,92.2,53,182,39.0
11220,male,57,175.6,66.3,30,166,40.9
11221,male,30,182.5,85.2,95,157,39.6
11222,female,69,174.1,76.2,48,138,39.9
11223,female,65,151.2,71.3,108,179,38.2
11224,male,56,157.5,75.9,37,180,38.5
11225,female,21,151.3,68.2,65,129,37.2
11226,female,29,171.4,79.6,13,113,37.3
11227,female,34,166.6,70.0,39,167,41.3
11228,female,18,153.4,76.8,106,148,39.5
11229,male,34,170.5,79.6,12,158,37.5
11230,female,19,162.8,53.6,17,98,38.4
11231,female,23,147.5,82.8,72,125,39.9
11232,male,61,179.1,73.8,45,120,40.9
11233,male,28,180.1,74.7,9,159,37.3
11234,female,60,167.9,78.0,112,103,39.0
11235,female,35,155.0,63.7,111,170,37.3
11236,male,57,175.1,65.8,18,114,39.1
11237,male,42,160.6,80.8,80,172,40.2
11238,male,56,179.1,68.3,24,171,40.5
11239,female,45,166.6,66.5,9,183,38.2
11240,female,63,162.4,62.5,93,94,38.2
11241,male,33,179.4,84.9,17,176,41.4
11242,female,29,159.9,68.5,27,167,37.5
11243,male,58,182.7,58.0,46,78,39.9
11244,female,69,160.9,68.0,49,99,40.3
11245,male,46,178.0,100.6,41,89,40.5
11246,male,40,180.6,70.7,67,117,40.0
11247,female,38,154.7,66.7,117,120,38.9
11248,female,33,173.8,68.5,60,93,37.5
11249,female,68,164.0,70.1,35,104,39.6
11250,female,65,169.9,59.1,42,129,39.7
11251,female,58,169.7,52.3,95,117,39.9
11252,female,62,177.5,68.2,78,181,41.2
11253,male,43,172.3,79.8,109,163,39.0
11254,female,54,160.3,69.5,50,128,41.3
11255,male,39,169.1,62.9,64,85,38.0
11256,male,68,181.8,89.8,70,145,38.1
11257,female,27,153.8,63.7,116,78,37.6
11258,male,24,173.6,69.9,88,74,37.3
11259,male,26,184.3,73.0,32,138,39.1
11260,female,42,161.9,65.4,83,65,39.9
11261,female,63,169.8,64.0,39,76,38.8
11262,female,32,153.6,73.8,60,143,39.5
11263,male,30,181.3,60.6,5,79,38.8
11264,female,59,161.7,65.9,115,106,37.2
11265,female,63,155.5,63.4,92,161,37.8
11266,female,43,169.2,40.1,33,134,38.2
11267,female,38,162.4,59.7,47,174,39.9
11268,male,40,172.1,73.3,59,94,40.9
11269,female,61,157.2,56.1,94,182,37.8
11270,male,45,167.1,90.4,87,92,38.0
11271,female,68,155.8,78.4,38,170,40.2
11272,male,55,173.5,95.6,24,95,41.3
11273,male,29,176.6,86.1,69,81,38.6
11274,male,41,176.3,63.1,84,161,38.4
11275,female,30,166.0,70.6,45,149,38.6
11276,male,57,175.7,47.5,81,114,37.8
11277,female,65,159.7,41.6,92,115,39.2
11278,female,19,166.4,72.8,92,151,39.4
11279,female,56,164.4,60.7,29,131,37.7
11280,female,29,161.8,67.1,103,113,38.0
11281,female,56,161.2,55.3,35,156,37.9
11282,male,68,174.0,79.6,43,92,39.7
11283,female,31,160.0,74.4,85,145,40.2
11284,male,47,187.0,75.4,49,165,38.4
11285,male,58,164.0,61.4,53,78,40.4
11286,male,67,180.3,82.9,67,144,41.1
11287,male,60,184.0,106.1,108,153,39.3
11288,male,65,163.1,83.3,107,67,41.1
11289,male,36,173.6,107.2,61,133,39.8
11290,male,48,166.5,73.2,82,134,37.9
11291,female,60,169.0,63.0,96,159,38.2
11292,male,67,172.1,79.8,26,183,39.7
11293,female,60,162.1,61.2,109,132,38.0
11294,male,42,171.7,94.0,12,183,37.0
11295,male,21,180.8,53.7,5,131,38.2
11296,male,67,176.8,74.5,60,124,37.2
11297,male,68,176.8,100.0,15,132,41.0
11298,female,30,167.9,55.6,63,167,40.1
11299,female,53,163.6,67.4,116,163,37.1
11300,female,59,171.6,86.4,33,184,37.2
11301,male,54,188.6,79.1,83,108,37.1
11302,male,20,165.1,83.8,109,138,40.6
11303,male,33,161.2,79.0,77,119,40.5
11304,female,43,166.2,54.6,112,133,40.3
11305,male,57,158.4,85.5,21,142,37.7
11306,female,56,152.2,42.0,31,98,41.4
11307,female,36,173.5,52.8,87,183,40.8
11308,male,63,184.7,84.6,103,66,39.9
11309,male,32,166.5,83.9,71,143,40.1
11310,female,49,143.1,64.7,46,98,38.7
11311,female,66,166.3,64.7,58,68,39.6
11312,female,38,151.5,70.0,44,170,38.6
11313,male,18,180.0,80.3,119,76,40.2
11314,male,23,168.9,84.1,87,77,38.5
11315,male,44,195.7,85.1,114,137,41.3
11316,male,40,185.7,64.0,91,68,41.4
11317,male,64,170.7,84.5,67,95,38.1
11318,male,48,166.3,81.2,75,108,40.7
11319,female,29,169.0,70.6,12,120,37.5
11320,female,38,167.9,74.1,73,70,38.2
11321,female,69,175.5,51.8,97,135,38.2
11322,male,19,165.7,57.0,106,126,39.8
11323,female,22,153.8,84.3,61,146,41.1
11324,male,26,162.8,89.7,97,178,38.3
11325,male,37,178.5,65.0,67,166,38.9
11326,female,63,163.0,63.3,109,179,38.8
11327,male,35,190.5,83.6,33,158,38.7
11328,female,39,144.4,61.3,39,86,39.6
11329,female,25,156.0,66.2,57,142,40.0
11330,male,51,161.4,101.4,27,164,38.8
11331,female,26,165.0,62.8,16,180,40.6
11332,female,24,169.8,45.3,21,76,39.6
11333,female,47,165.4,63.8,63,112,38.2
11334,female,35,168.2,68.3,114,110,38.7
11335,male,44,164.2,75.0,83,136,41.3
11336,female,33,163.1,76.5,87,89,39.7
11337,female,38,163.2,61.2,91,106,39.3
11338,female,22,142.6,73.4,23,139,38.1
11339,male,46,173.7,90.1,58,119,39.4
11340,female,64,158.7,59.8,33,89,37.4
11341,male,54,176.2,82.8,108,144,38.8
11342,female,60,156.5,66.8,85,145,40.9
11343,female,39,169.6,67.3,47,118,38.9
11344,female,31,156.8,63.2,119,170,40.8
11345,male,36,179.4,60.7,9,156,37.2
11346,male,52,169.8,64.2,103,132,37.6
11347,male,41,174.3,97.9,42,176,40.3
11348,male,59,177.4,62.0,15,162,40.3
11349,male,23,159.5,78.8,26,90,39.9
11350,male,20,162.1,73.4,70,176,41.1
11351,female,51,160.7,71.3,17,178,39.4
11352,male,62,169.7,83.6,30,70,40.3
11353,female,67,157.8,72.5,110,116,38.2
11354,male,19,176.3,80.7,116,149,39.8
11355,male,32,171.9,103.9,41,128,40.5
11356,male,54,178.3,71.1,55,122,40.1
11357,female,32,161.9,85.2,37,121,40.6
11358,male,49,176.6,95.1,60,136,38.8
11359,male,38,169.4,97.8,90,132,38.3
11360,female,34,154.9,73.7,65,139,38.2
11361,female,51,162.4,47.9,11,98,40.6
11362,female,49,159.2,60.0,32,66,40.8
11363,female,67,166.6,71.2,118,147,37.9
11364,male,64,174.6,70.8,106,183,38.7
11365,female,69,170.9,64.2,9,103,41.1
11366,male,40,176.0,76.3,62,183,37.1
11367,male,52,174.7,79.1,37,131,38.6
11368,female,54,155.6,88.8,70,137,39.8
11369,male,60,184.7,83.1,109,159,37.7
11370,female,58,152.2,73.0,107,176,40.1
11371,male,54,178.8,91.7,73,167,38.3
11372,female,50,162.6,59.3,91,174,41.2
11373,female,42,164.1,54.7,91,140,37.3
11374,female,63,168.5,65.4,41,76,40.9
11375,female,54,164.6,84.2,103,137,39.7
11376,female,57,154.1,61.1,72,103,39.8
11377,female,38,159.1,70.2,10,96,37.1
11378,male,63,170.2,91.0,48,133,41.1
11379,male,65,160.7,64.1,74,136,40.8
11380,male,55,175.6,90.3,96,170,39.0
11381,female,57,174.4,66.1,81,96,39.2
11382,male,51,187.7,70.0,75,179,38.3
11383,female,36,165.7,81.1,42,86,38.5
11384,male,44,175.3,90.7,100,152,39.1
11385,male,26,179.2,87.3,67,115,37.4
11386,female,22,183.0,50.1,105,155,37.4
11387,male,22,179.1,84.5,116,105,40.7
11388,male,42,174.3,66.3,90,114,38.7
11389,male,43,183.1,86.6,103,81,41.4
11390,female,36,163.2,54.7,116,109,37.4
11391,male,47,181.5,104.3,44,123,41.2
11392,female,53,161.1,65.9,58,108,39.9
11393,male,65,190.4,106.7,23,96,38.4
11394,male,65,178.9,78.1,28,170,38.2
11395,male,33,177.0,78.9,101,182,41.3
11396,male,24,168.9,76.5,5,166,38.5
11397,female,35,161.7,70.8,57,173,39.4
11398,male,38,175.9,95.9,88,112,41.3
11399,female,48,160.1,74.6,11,94,37.9
11400,female,18,164.8,65.6,51,164,37.8
11401,male,20,173.7,99.4,118,92,38.0
11402,male,48,175.4,78.4,47,178,38.1
11403,female,42,161.9,62.1,6,147,40.2
11404,female,25,162.1,57.6,42,82,37.8
11405,male,18,172.0,64.6,118,172,37.2
11406,male,24,174.8,58.1,36,84,40.2
11407,male,24,183.3,62.0,73,138,41.3
11408,male,25,191.4,94.9,44,75,39.5
11409,male,36,180.4,76.1,45,124,38.6
11410,female,34,160.0,77.7,112,168,37.1
11411,male,28,172.2,76.9,6,175,39.6
11412,male,64,179.8,61.1,47,98,38.5
11413,female,58,155.3,67.7,119,103,39.9
11414,male,66,182.9,69.3,7,180,41.3
11415,male,28,174.2,87.0,82,102,37.1
11416,female,55,163.2,79.6,118,81,40.1
11417,male,58,189.0,79.5,90,113,40.0
11418,female,67,172.3,65.8,75,151,39.7
11419,male,69,166.9,62.9,101,183,40.3
11420,male,19,186.8,115.1,40,135,38.7
11421,male,21,163.0,85.3,19,179,37.6
11422,female,67,160.2,83.1,86,70,37.0
11423,female,45,174.5,79.4,101,170,38.8
11424,female,50,172.1,61.1,76,120,40.6
11425,female,28,164.2,85.1,19,88,39.7
11426,male,20,164.6,93.0,99,124,37.7
11427,female,57,138.9,69.7,32,136,38.4
11428,female,22,153.0,62.2,114,183,40.0
11429,female,69,150.0,59.2,56,68,41.2
11430,male,38,186.3,71.2,74,181,40.9
11431,male,39,166.6,85.3,48,182,39.8
11432,female,54,153.9,61.1,40,145,38.0
11433,female,28,155.6,76.1,52,130,40.9
11434,male,61,178.1,98.8,108,86,41.1
11435,female,39,181.2,69.2,13,115,41.1
11436,female,58,162.6,75.7,59,115,39.5
11437,female,30,170.0,73.3,43,164,40.9
11438,female,69,164.2,48.8,59,80,40.6
11439,male,20,179.9,81.5,72,177,39.8
11440,male,30,171.9,81.5,62,149,41.4
11441,male,45,164.6,74.8,43,104,38.1
11442,female,28,162.1,65.5,109,72,39.8
11443,female,28,175.3,61.9,61,135,37.1
11444,male,38,177.0,70.0,85,128,39.0
11445,male,69,170.6,99.9,119,135,40.8
11446,male,38,162.5,85.9,85,68,38.1
11447,female,24,170.5,49.7,23,89,40.4
11448,male,34,164.2,86.5,20,123,40.4
11449,female,65,165.0,64.7,89,134,39.9
11450,female,31,155.6,87.5,100,146,41.0
11451,male,50,168.9,84.3,31,171,39.0
11452,male,28,177.8,81.8,25,143,37.9
11453,female,30,171.1,69.3,81,149,39.9
11454,male,18,170.1,91.3,105,80,41.3
11455,male,51,161.4,72.7,21,119,39.8
11456,female,26,172.0,68.2,26,172,41.0
11457,female,30,156.6,66.5,41,88,40.9
11458,female,54,160.1,100.4,24,75,37.0
11459,female,47,158.0,61.9,68,135,37.3
11460,female,58,166.0,57.1,53,106,39.5
11461,male,62,173.7,90.6,25,67,40.9
11462,female,54,171.3,68.4,49,165,38.7
11463,female,64,160.0,70.1,15,105,41.0
11464,female,24,171.8,76.3,111,86,38.6
11465,male,31,164.1,92.2,22,90,38.9
11466,female,65,161.7,60.8,8,68,38.5
11467,female,23,162.9,66.3,104,182,39.0
11468,female,51,173.8,56.6,44,80,39.1
11469,male,33,181.9,78.9,54,127,39.2
11470,female,68,171.6,56.6,63,81,38.3
11471,female,54,181.1,41.4,6,83,38.7
11472,female,53,166.8,61.4,73,180,39.7
11473,male,63,166.7,77.9,55,143,37.0
11474,male,23,165.0,81.7,105,71,39.5
11475,male,25,176.8,87.6,102,130,37.1
11476,male,41,168.8,90.2,104,119,39.7
11477,female,20,161.6,76.8,114,168,38.7
11478,female,21,155.9,60.8,75,173,39.1
11479,male,49,178.9,73.4,109,109,40.6
11480,male,18,167.0,90.2,99,184,40.0
11481,female,51,156.4,65.2,98,151,41.2
11482,female,62,170.9,64.5,81,136,38.1
11483,male,26,169.6,70.6,101,184,38.8
11484,male,29,170.9,86.6,97,65,38.0
11485,male,27,168.5,69.9,79,81,37.8
11486,male,27,189.3,75.7,80,103,40.0
11487,female,67,153.2,52.0,33,72,40.0
11488,male,61,175.4,83.0,59,121,39.2
11489,male,65,173.4,91.5,95,149,37.7
11490,female,40,171.4,48.4,31,114,39.6
11491,female,23,168.8,57.1,115,170,39.3
11492,female,41,150.8,65.5,17,119,39.6
11493,female,41,172.2,64.0,24,180,39.0
11494,female,38,176.3,70.5,72,90,37.4
11495,male,59,183.7,83.3,79,159,38.8
11496,male,48,184.5,82.9,21,117,38.4
11497,male,64,179.9,84.2,44,97,38.2
11498,female,58,159.7,57.8,59,94,40.0
11499,male,47,151.1,85.3,118,158,40.0
11500,female,51,169.4,60.3,18,100,41.4
11501,male,35,171.9,55.9,18,85,39.9
11502,male,29,173.0,80.4,97,105,38.3
11503,female,52,159.2,55.1,95,101,39.4
11504,female,24,152.6,48.2,92,85,39.9
11505,male,58,163.4,93.7,104,93,38.8
11506,male,57,175.9,78.5,110,72,39.9
11507,male,42,182.2,80.7,7,116,40.7
11508,male,23,171.2,69.4,9,103,39.8
11509,male,18,184.7,51.7,57,133,37.8
11510,female,63,165.3,67.0,81,78,38.5
11511,female,33,168.8,65.2,58,149,41.3
11512,female,65,172.9,64.2,9,102,38.6
11513,female,21,151.7,77.0,102,184,40.7
11514,male,46,182.0,59.3,116,79,37.6
11515,male,55,178.7,62.2,75,94,41.4
11516,female,64,156.2,62.5,13,135,38.0
11517,male,45,163.8,87.0,38,91,41.3
11518,female,39,152.1,75.4,64,136,37.2
11519,male,25,183.9,76.7,32,99,39.6
11520,male,49,176.0,73.1,62,105,37.8
11521,male,50,162.6,104.4,70,117,39.9
11522,female,30,163.4,57.3,118,125,41.0
11523,female,44,166.9,57.3,32,167,38.3
11524,female,35,145.8,62.3,49,159,38.8
11525,female,35,166.2,72.4,106,109,37.2
11526,male,30,160.9,87.8,8,94,39.6
11527,male,39,170.0,76.8,92,155,39.7
11528,male,31,160.2,75.3,70,65,39.8
11529,male,28,173.8,82.2,66,97,41.1
11530,female,56,172.1,60.8,66,142,37.4
11531,male,67,162.2,101.2,42,71,39.1
11532,male,39,173.5,58.2,113,171,38.3
11533,male,53,185.5,101.3,63,126,38.1
11534,female,34,167.0,76.7,37,86,38.5
11535,female,68,167.0,88.8,57,115,41.2
11536,female,49,165.5,59.9,28,133,38.1
11537,male,31,165.8,75.8,101,149,37.4
11538,female,59,164.4,64.1,102,119,38.8
11539,male,46,176.9,83.7,85,178,38.2
11540,male,23,183.8,88.6,50,95,38.3
11541,male,67,170.0,92.5,88,118,39.0
11542,female,21,165.2,66.5,109,91,40.7
11543,female,28,172.0,46.5,88,108,40.8
11544,male,62,176.8,86.2,91,143,39.2
11545,male,57,181.3,96.0,48,151,40.8
11546,female,27,167.2,71.6,67,124,37.7
11547,female,45,156.3,47.2,73,117,38.2
11548,female,28,162.5,74.0,98,81,37.7
11549,male,52,169.6,55.9,25,158,41.1
11550,male,32,183.1,63.6,42,100,40.4
11551,male,25,173.7,76.0,106,130,40.5
11552,female,37,156.3,52.0,21,66,40.1
11553,female,67,157.1,39.6,83,161,37.1
11554,female,38,159.3,77.1,23,181,38.0
11555,male,18,177.0,65.6,31,177,40.9
11556,male,46,170.9,100.7,65,84,39.2
11557,female,41,169.0,59.2,22,74,40.3
11558,male,47,167.1,91.2,91,133,38.0
11559,female,57,176.5,61.5,56,122,37.3
11560,male,52,168.2,61.4,48,145,40.7
11561,female,50,167.0,71.9,13,111,38.1
11562,male,37,167.8,88.9,87,127,38.0
11563,male,33,176.0,91.6,43,179,38.8
11564,female,26,167.3,59.6,51,103,39.5
11565,female,48,155.3,89.6,41,126,39.8
11566,female,34,167.5,66.6,6,146,41.2
11567,female,48,174.9,69.0,99,124,40.4
11568,female,65,169.6,62.5,100,181,39.4
11569,male,40,166.6,84.4,85,137,37.6
11570,female,23,164.9,73.6,111,138,37.6
11571,female,47,160.3,54.6,30,96,37.6
11572,female,24,162.2,66.6,110,127,41.4
11573,male,65,175.6,69.6,89,103,40.7
11574,female,57,153.8,69.1,87,82,37.4
11575,female,59,163.2,75.0,83,88,38.4
11576,female,63,170.8,52.8,65,66,38.4
11577,male,28,175.3,65.8,107,80,38.4
11578,male,51,174.9,76.0,109,143,37.0
11579,female,29,171.5,79.2,72,115,38.9
11580,male,69,170.7,76.4,13,148,40.9
11581,female,69,165.8,45.1,58,118,37.5
11582,male,62,175.4,94.8,101,120,37.3
11583,female,64,163.3,51.6,62,168,39.9
11584,male,44,168.6,86.8,107,175,40.5
11585,female,29,163.2,68.0,31,126,38.1
11586,female,30,164.0,72.9,116,168,41.1
11587,male,25,178.6,81.3,7,135,40.1
11588,female,33,167.0,62.2,70,146,39.1
11589,female,46,161.5,67.8,69,153,40.6
11590,female,52,162.3,96.5,61,141,38.5
11591,female,46,158.0,49.9,8,124,38.2
11592,male,48,174.7,81.2,56,139,38.2
11593,female,30,169.4,59.6,87,165,37.8
11594,male,29,175.5,96.1,69,136,41.0
11595,male,68,176.0,84.6,104,155,38.8
11596,male,19,175.5,89.5,19,84,40.9
11597,male,50,166.2,84.2,46,184,41.0
11598,female,25,170.9,59.0,69,128,37.6
11599,female,58,164.0,62.1,60,162,37.2
11600,male,57,175.8,76.4,90,132,41.4
11601,female,66,163.2,63.6,81,143,37.9
11602,male,58,180.0,81.9,80,141,38.7
11603,female,49,157.8,56.9,86,113,37.6
11604,female,55,153.3,62.4,6,150,41.3
11605,female,45,172.4,64.9,49,90,37.4
11606,male,32,175.0,73.9,67,178,40.6
11607,male,40,175.0,73.0,51,116,40.9
11608,female,41,169.4,65.2,75,125,41.2
11609,male,30,176.4,83.2,87,73,39.1
11610,male,38,184.8,94.7,38,69,39.5
11611,female,29,155.2,67.3,5,94,39.3
11612,male,30,168.4,93.3,63,68,39.4
11613,female,56,152.7,66.6,114,95,38.1
11614,female,40,163.3,66.1,102,78,39.6
11615,female,67,160.9,70.5,86,89,38.2
11616,male,63,164.2,89.0,51,177,39.6
11617,female,60,159.6,59.6,9,92,40.7
11618,female,45,171.4,75.0,82,79,37.0
11619,male,31,185.5,81.1,33,176,40.9
11620,male,34,173.3,88.0,57,131,39.0
11621,male,41,183.5,63.0,92,159,39.7
11622,male,51,175.6,80.0,15,141,38.2
11623,female,68,155.9,57.8,95,73,41.5
11624,male,65,174.9,92.3,26,130,39.8
11625,male,39,170.0,69.7,49,87,41.4
11626,male,27,182.3,79.0,79,112,40.5
11627,male,25,174.8,67.2,66,97,40.9
11628,female,38,162.8,73.3,25,92,38.2
11629,male,54,163.0,83.8,58,127,39.9
11630,female,24,164.2,53.3,40,72,38.6
11631,male,43,155.6,90.8,72,100,40.7
11632,female,30,149.7,63.1,112,66,41.4
11633,female,33,166.7,56.3,110,88,38.0
11634,male,47,166.5,78.3,21,86,40.3
11635,female,48,154.7,57.2,6,143,40.4
11636,male,22,184.5,63.2,24,88,38.6
11637,female,49,172.4,46.3,59,133,37.6
11638,female,33,164.5,40.5,15,155,38.4
11639,female,64,153.5,67.4,102,161,37.8
11640,male,26,175.0,90.4,70,117,41.0
11641,female,39,160.1,63.5,49,149,40.7
11642,male,61,173.9,61.8,56,145,40.4
11643,female,57,162.5,69.7,29,122,40.4
11644,female,62,166.5,65.3,17,99,38.8
11645,female,54,170.0,69.2,21,183,41.1
11646,female,31,165.4,86.6,36,119,40.6
11647,female,33,169.3,46.1,60,90,41.1
11648,female,60,161.1,63.6,51,110,39.2
11649,male,37,169.0,70.2,18,89,38.3
11650,male,61,187.4,60.5,63,149,39.9
11651,male,32,175.4,79.4,25,184,40.1
11652,female,61,175.3,58.7,37,75,40.2
11653,male,43,176.9,78.8,63,88,38.7
11654,female,26,158.5,84.1,20,142,39.3
11655,male,18,159.0,82.6,116,88,37.5
11656,male,52,173.5,66.2,90,137,39.7
11657,female,61,164.1,73.9,15,66,39.1
11658,female,37,175.3,77.8,97,70,37.9
11659,male,62,185.6,90.6,94,89,39.2
11660,male,23,174.9,84.0,25,145,38.6
11661,male,59,170.7,78.1,23,67,39.9
11662,male,27,166.8,89.0,116,69,40.6
11663,female,65,166.2,75.5,43,96,38.8
11664,male,50,181.5,88.8,19,112,40.8
11665,female,33,160.4,76.1,56,119,37.8
11666,female,53,157.3,72.9,35,157,39.9
11667,male,23,179.1,59.1,46,100,38.9
11668,female,36,165.1,73.1,66,100,38.7
11669,male,48,182.7,70.9,63,183,38.0
11670,female,19,163.7,78.3,118,89,38.1
11671,female,35,166.6,82.3,53,120,39.1
11672,male,59,177.2,84.7,35,92,40.8
11673,female,45,168.0,68.6,54,99,39.5
11674,female,21,165.9,52.2,31,180,39.6
11675,male,18,179.8,89.9,11,77,40.2
11676,female,64,161.5,81.6,77,143,38.3
11677,female,59,172.6,65.0,82,177,38.7
11678,male,67,175.1,89.9,98,124,40.8
11679,male,33,176.9,87.6,67,91,37.2
11680,female,62,165.0,63.8,5,139,39.3
11681,female,64,177.7,70.7,21,70,39.4
11682,female,19,154.3,35.9,69,120,39.5
11683,male,69,161.8,88.3,111,91,40.4
11684,female,53,163.3,42.5,65,106,39.0
11685,female,18,162.8,64.2,22,158,40.8
11686,female,56,167.1,56.6,49,161,38.5
11687,female,40,170.7,53.4,92,102,38.5
11688,female,43,166.7,79.8,49,119,41.3
11689,female,28,171.6,76.2,86,83,38.5
11690,male,59,182.4,74.4,24,181,37.9
11691,male,18,185.1,81.5,62,173,39.5
11692,female,28,156.0,74.9,96,150,41.3
11693,female,41,176.9,63.4,54,167,40.5
11694,male,27,165.4,96.8,42,77,39.0
11695,male,31,171.7,98.5,17,132,39.3
11696,male,31,174.8,93.5,106,70,41.5
11697,female,24,170.7,60.4,44,93,40.2
11698,female,40,158.2,69.1,54,158,37.5
11699,female,60,171.3,58.7,69,153,39.7
11700,female,39,160.9,78.2,80,125,41.2
11701,male,53,169.3,90.2,37,79,37.9
11702,male,44,188.2,82.3,68,76,40.5
11703,male,19,170.1,69.1,48,85,38.9
11704,male,56,178.1,102.3,114,146,37.6
11705,female,68,155.1,73.6,41,89,40.8
11706,female,63,153.1,66.7,16,102,39.9
11707,male,36,176.5,109.7,89,133,37.1
11708,male,24,182.5,90.9,70,140,40.7
11709,male,29,167.9,94.1,10,113,39.4
11710,male,20,171.0,68.8,68,93,39.8
11711,male,64,179.3,71.3,116,126,39.5
11712,female,22,151.2,62.9,6,106,38.8
11713,female,25,157.4,65.4,91,86,37.6
11714,male,31,177.4,63.9,103,168,40.2
11715,male,53,176.2,60.1,115,159,40.1
11716,male,24,162.0,77.4,54,112,40.9
11717,female,24,170.5,55.4,111,92,39.8
11718,female,67,160.5,66.3,68,175,37.2
11719,female,63,157.2,76.8,106,87,38.9
11720,male,49,158.4,96.5,21,117,37.5
11721,female,25,160.3,75.0,73,181,39.7
11722,male,29,172.1,65.8,14,174,37.9
11723,female,27,162.7,67.2,79,178,41.2
11724,female,31,163.0,62.6,44,80,37.7
11725,female,26,159.7,75.5,35,124,40.7
11726,male,55,169.3,65.9,71,104,39.7
11727,male,47,180.0,84.2,91,183,38.4
11728,female,22,159.4,67.2,35,161,40.6
11729,male,18,171.4,53.7,53,103,41.3
11730,male,18,176.2,101.9,106,132,37.6
11731,male,37,172.2,92.6,101,70,40.8
11732,male,66,160.4,80.0,27,111,40.7
11733,male,28,181.1,55.7,115,75,40.4
11734,male,43,165.0,74.5,28,74,38.2
11735,male,61,174.5,85.4,68,95,40.5
11736,female,20,164.4,54.3,58,135,37.4
11737,male,23,175.2,98.7,85,78,37.5
11738,male,60,184.4,87.6,76,182,38.4
11739,female,62,169.2,69.3,102,123,38.2
11740,female,28,162.2,55.1,65,70,39.1
11741,female,25,153.5,66.6,19,165,39.5
11742,female,46,148.3,63.1,84,122,38.4
11743,male,27,186.1,89.1,95,180,40.1
11744,female,51,156.1,66.7,95,175,37.0
11745,female,41,158.2,65.9,21,82,38.0
11746,male,63,186.6,81.1,90,97,38.6
11747,male,65,185.9,89.2,89,94,38.8
11748,male,34,171.9,94.8,9,148,38.6
11749,female,49,175.8,71.4,42,156,37.1
11750,male,28,177.0,80.4,33,171,41.2
11751,female,51,159.9,63.2,74,65,40.4
11752,male,41,179.5,81.2,15,121,37.0
11753,male,22,177.2,74.1,30,145,38.6
11754,female,46,162.9,60.3,108,123,39.0
11755,male,65,177.0,76.2,83,90,38.0
11756,male,65,177.4,79.0,104,117,41.1
11757,male,51,173.7,69.8,61,82,40.3
11758,male,33,173.0,92.0,76,166,40.9
11759,male,42,189.1,82.6,37,88,40.3
11760,female,54,172.2,61.2,104,82,38.6
11761,female,25,160.2,60.6,52,103,39.1
11762,male,46,172.8,69.2,92,175,37.3
11763,female,69,169.2,57.4,76,143,38.9
11764,female,63,169.9,55.7,36,100,40.6
11765,female,42,145.7,61.3,28,154,40.4
11766,male,59,163.7,82.6,87,96,40.5
11767,male,40,161.2,82.8,39,148,38.2
11768,male,51,164.6,111.2,61,134,37.4
11769,female,20,169.7,69.5,27,155,39.1
11770,female,47,172.0,58.4,100,136,39.2
11771,male,67,174.6,102.8,51,103,39.8
11772,male,51,172.1,60.4,118,150,37.4
11773,female,49,163.1,54.2,93,101,37.2
11774,female,46,162.6,90.0,21,102,40.4
11775,male,26,161.1,79.9,69,135,39.9
11776,female,19,164.2,59.4,119,137,38.0
11777,female,56,176.2,60.1,45,98,40.8
11778,female,24,156.7,69.0,59,176,38.6
11779,female,63,167.3,50.5,116,162,39.2
11780,female,22,165.2,66.4,46,92,37.6
11781,female,25,173.3,48.1,43,127,41.4
11782,female,49,174.6,64.3,116,137,40.3
11783,male,35,188.6,49.4,46,94,38.1
11784,male,55,165.9,88.9,110,166,41.3
11785,female,63,159.4,73.9,21,105,38.7
11786,female,35,159.6,48.3,48,159,38.9
11787,female,66,160.2,58.8,21,72,37.7
11788,male,58,180.2,87.1,32,72,38.9
11789,male,62,172.5,74.2,29,165,41.4
11790,female,33,158.0,60.9,22,142,38.9
11791,male,38,179.7,75.2,43,73,40.2
11792,female,27,166.4,62.4,112,171,41.4
11793,female,59,162.6,65.1,99,162,39.8
11794,female,21,161.3,61.3,108,89,38.3
11795,female,61,157.1,53.1,86,73,38.5
11796,female,25,151.8,78.5,117,128,38.1
11797,female,64,174.4,75.9,115,67,41.3
11798,female,36,161.0,68.3,111,166,41.0
11799,male,64,168.7,74.6,80,160,39.9
11800,female,57,168.4,67.2,43,91,37.4
11801,male,57,172.3,56.6,53,179,40.6
11802,female,68,170.0,59.3,83,138,40.7
11803,female,26,164.1,80.9,102,130,40.4
11804,male,47,167.1,65.4,41,181,37.8
11805,male,34,179.2,85.3,18,146,38.3
11806,female,57,170.8,60.5,71,123,40.7
11807,male,61,172.7,79.2,57,104,39.0
11808,female,32,167.3,68.7,12,88,38.1
11809,female,21,168.7,70.3,34,87,39.9
11810,male,23,175.1,81.1,115,105,39.7
11811,male,33,176.4,86.0,105,117,39.3
11812,male,43,175.1,74.9,71,113,38.5
11813,male,54,171.6,83.0,86,130,40.5
11814,female,40,163.6,82.4,73,125,39.6
11815,male,30,178.9,107.3,5,169,40.9
11816,male,64,174.0,85.0,84,128,40.7
11817,male,34,178.4,100.5,90,98,41.2
11818,male,44,168.3,76.8,40,91,40.3
11819,male,69,170.2,67.4,105,128,37.6
11820,female,39,150.2,50.7,61,175,38.6
11821,female,54,155.7,61.9,111,124,40.4
11822,male,36,185.3,78.6,50,99,37.6
11823,male,56,180.8,102.3,48,117,40.0
11824,female,52,163.0,34.5,80,136,38.5
11825,male,30,178.5,72.7,105,135,38.1
11826,female,31,155.8,55.3,14,122,39.5
11827,female,65,161.6,65.0,103,77,37.4
11828,male,48,163.1,79.5,12,140,40.1
11829,female,62,162.9,81.7,60,179,38.8
11830,male,19,164.1,85.2,21,141,39.7
11831,male,63,174.6,84.2,60,117,37.4
11832,female,69,158.9,56.6,79,81,39.0
11833,female,56,165.1,63.5,93,121,40.5
11834,male,54,172.3,72.3,116,124,40.2
11835,female,31,156.5,51.9,57,79,39.4
11836,male,26,174.2,82.7,15,142,37.9
11837,female,27,176.1,74.1,89,183,39.7
11838,female,24,160.6,73.7,30,83,40.0
11839,male,45,174.7,106.2,60,99,39.5
11840,male,63,170.9,85.4,100,82,40.4
11841,male,42,162.4,61.0,85,81,38.7
11842,female,63,151.5,61.8,118,148,38.8
11843,male,45,180.7,66.8,100,89,41.2
11844,male,19,172.6,91.1,78,101,41.1
11845,female,34,158.1,53.4,87,87,37.8
11846,female,69,158.1,58.9,10,87,38.1
11847,male,21,161.2,65.4,77,139,39.6
11848,male,30,169.4,68.3,107,110,39.5
11849,male,35,182.1,81.7,17,148,37.4
11850,male,20,170.5,72.7,83,71,41.1
11851,female,68,152.3,42.4,96,151,40.5
11852,female,54,158.6,76.2,69,126,40.6
11853,male,50,180.1,76.0,77,87,40.1
11854,male,58,172.2,90.6,66,155,37.7
11855,male,41,165.1,102.5,56,149,38.6
11856,female,25,153.2,71.4,54,85,38.5
11857,male,52,189.7,88.2,83,122,41.4
11858,male,19,189.3,59.7,30,160,37.5
11859,female,50,158.9,63.7,29,114,39.5
11860,female,29,178.4,71.1,78,92,40.5
11861,male,39,177.4,61.9,36,165,38.8
11862,male,30,177.5,64.7,41,130,39.4
11863,female,27,169.1,70.0,102,157,37.7
11864,male,34,178.5,73.3,109,178,37.9
11865,male,60,176.7,62.3,51,73,40.1
11866,female,22,158.5,63.5,49,99,40.3
11867,female,26,176.6,59.2,65,166,39.5
11868,female,30,162.5,62.5,75,167,41.1
11869,male,69,181.4,65.5,97,175,38.7
11870,female,40,163.0,80.6,59,125,40.3
11871,female,47,162.0,53.6,37,132,40.3
11872,male,60,172.7,55.1,105,150,39.1
11873,male,21,166.5,76.8,41,87,40.7
11874,female,38,149.2,68.3,91,70,39.4
11875,female,60,161.5,71.5,98,164,39.8
11876,male,26,166.3,68.5,67,148,37.2
11877,male,24,184.6,91.8,91,179,40.1
11878,female,33,166.0,61.0,24,133,39.9
11879,female,40,163.1,65.7,21,76,41.1
11880,male,40,187.9,73.5,43,123,37.6
11881,female,48,163.0,66.6,21,129,37.9
11882,male,22,172.0,84.9,58,103,39.2
11883,female,23,161.4,61.2,5,105,38.6
11884,male,68,173.1,85.2,97,67,37.6
11885,male,18,169.5,75.8,30,106,37.7
11886,female,65,162.3,52.8,6,107,40.2
11887,female,45,167.0,59.9,49,184,40.4
11888,male,35,175.6,88.2,55,149,41.0
11889,female,41,171.5,62.2,103,130,38.4
11890,female,30,163.9,65.9,16,160,39.0
11891,female,50,166.6,66.5,14,93,37.6
11892,male,27,178.9,77.7,17,111,37.6
11893,female,24,155.7,55.7,43,156,37.1
11894,female,54,167.6,73.0,29,161,37.8
11895,male,49,176.2,90.1,118,90,38.3
11896,female,62,165.0,64.9,41,79,39.5
11897,female,39,163.2,52.9,58,109,39.8
11898,male,33,191.7,64.0,60,154,39.5
11899,male,41,167.8,94.7,68,137,37.1
11900,female,69,155.6,65.4,74,125,39.3
11901,female,31,161.4,57.2,68,149,39.0
11902,male,28,179.0,79.5,31,84,40.5
11903,male,36,179.6,86.6,82,113,41.1
11904,female,40,171.4,63.6,58,91,40.0
11905,female,51,161.7,63.5,31,170,40.2
11906,female,57,167.2,57.6,90,129,38.7
11907,male,30,177.1,57.1,104,73,39.7
11908,female,56,160.3,79.6,11,122,39.5
11909,male,61,168.0,81.7,49,115,41.4
11910,male,45,170.6,76.4,113,102,40.3
11911,male,57,177.3,78.2,74,148,38.2
11912,female,33,167.1,68.7,35,83,41.0
11913,female,67,163.9,67.3,85,108,39.4
11914,female,68,167.5,65.4,75,75,37.7
11915,male,45,152.4,86.0,17,142,40.8
11916,female,21,169.1,51.3,117,153,39.4
11917,male,45,161.1,69.9,26,140,37.4
11918,male,29,165.4,68.3,19,109,38.8
11919,male,33,194.2,86.9,47,71,39.2
11920,male,66,179.8,74.5,118,67,38.2
11921,male,53,182.6,85.1,99,167,38.3
11922,male,37,174.4,93.7,79,144,37.6
11923,female,43,171.8,64.3,89,126,40.2
11924,male,43,160.9,82.8,5,65,37.2
11925,female,39,164.3,75.8,47,79,38.3
11926,male,26,168.4,95.0,91,108,38.0
11927,female,22,168.2,71.7,67,75,39.0
11928,female,34,165.9,76.7,33,65,40.5
11929,female,66,160.0,59.0,69,67,38.3
11930,female,51,169.9,49.5,96,86,40.9
11931,male,19,164.1,60.1,43,107,40.9
11932,male,24,175.8,72.4,12,70,38.8
11933,male,53,182.7,73.9,56,86,40.7
11934,male,30,170.7,75.6,39,173,38.3
11935,female,37,172.6,62.6,112,114,38.2
11936,female,47,169.7,55.2,53,92,40.9
11937,female,47,162.9,63.6,27,142,40.0
11938,male,28,187.3,59.2,86,174,38.1
11939,female,48,150.6,61.8,56,160,37.1
11940,male,20,183.4,87.5,88,93,40.4
11941,female,19,154.7,44.3,12,69,38.4
11942,female,65,164.1,54.5,38,172,37.4
11943,female,20,171.3,79.0,87,99,38.3
11944,female,32,156.1,56.8,116,75,39.0
11945,female,34,164.7,39.0,85,65,38.0
11946,male,65,185.2,57.7,107,176,37.3
11947,female,69,164.5,64.3,60,71,38.5
11948,male,24,174.7,58.5,118,67,39.3
11949,male,65,183.3,79.2,68,150,40.6
11950,male,22,174.6,66.4,95,95,40.5
11951,male,51,167.9,66.5,86,67,37.7
11952,male,50,184.0,97.7,5,81,39.1
11953,male,62,188.1,83.3,117,82,40.9
11954,male,33,166.8,61.6,100,143,37.2
11955,male,54,166.7,79.4,88,183,39.2
11956,female,20,167.4,68.7,72,181,39.3
11957,female,64,169.6,86.5,44,166,40.7
11958,male,65,165.9,84.2,33,163,39.2
11959,male,60,176.8,91.4,9,144,37.5
11960,male,68,170.3,74.9,40,169,40.1
11961,female,67,162.3,58.0,29,158,39.6
11962,female,38,170.1,84.8,74,163,39.1
11963,male,58,181.2,84.6,81,180,38.3
11964,male,25,173.7,77.0,85,81,37.3
11965,female,39,142.8,77.9,34,143,41.1
11966,female,68,164.3,76.8,43,106,40.8
11967,male,22,159.5,104.5,80,178,41.2
11968,male,34,170.5,76.9,28,91,41.2
11969,male,54,177.7,88.4,8,129,37.8
11970,male,31,160.8,83.2,7,94,38.4
11971,female,56,149.7,64.9,82,94,39.1
11972,female,58,159.2,58.0,35,133,38.8
11973,male,45,185.6,66.2,21,129,41.3
11974,male,48,174.4,91.7,63,68,38.3
11975,male,34,170.7,64.8,67,75,37.5
11976,female,52,161.5,62.0,12,122,39.1
11977,male,57,171.8,92.0,29,77,39.3
11978,male,39,177.1,83.4,15,74,38.8
11979,male,62,175.2,80.0,94,172,40.5
11980,female,65,167.5,61.4,30,181,39.2
11981,male,46,177.4,78.5,112,152,38.4
11982,female,27,154.5,49.1,34,148,39.2
11983,male,35,173.5,82.1,66,82,41.0
11984,male,52,171.3,92.6,117,151,40.9
11985,male,61,172.3,69.5,14,169,39.9
11986,female,33,169.3,66.9,95,106,39.9
11987,male,67,177.3,78.8,13,171,39.7
11988,male,66,165.3,83.8,94,163,38.0
11989,female,24,161.7,71.2,72,108,39.8
11990,female,47,159.6,83.2,9,126,39.7
11991,female,36,163.6,61.1,105,155,39.6
11992,male,40,180.6,52.2,20,143,40.6
11993,female,25,151.5,69.8,81,88,37.2
11994,male,34,178.0,84.8,6,94,39.1
11995,female,38,157.2,58.1,22,129,37.2
11996,female,43,157.5,54.9,95,105,40.6
11997,female,45,157.2,57.0,41,131,38.0
11998,male,56,179.8,79.7,105,167,38.6
11999,male,50,180.6,73.7,53,88,38.5
12000,male,57,175.9,74.2,13,96,41.2
12001,male,36,166.4,95.7,70,127,38.5
12002,male,46,170.8,65.0,34,68,37.2
12003,male,37,174.5,91.9,59,162,37.2
12004,male,37,180.5,60.6,22,65,38.0
12005,male,27,162.3,99.3,44,85,37.4
12006,male,29,170.5,51.3,112,72,40.6
12007,female,50,175.4,60.0,42,110,40.0
12008,female,42,166.9,63.4,17,76,40.5
12009,male,42,164.6,78.0,92,65,39.4
12010,male,21,173.3,78.4,30,86,39.1
12011,male,21,172.5,87.3,35,142,38.6
12012,male,26,166.7,56.5,59,153,40.7
12013,female,32,156.9,62.6,68,92,37.0
12014,female,43,171.9,66.1,79,136,39.3
12015,male,32,179.0,72.1,12,128,38.7
12016,female,43,168.9,70.5,100,104,37.7
12017,female,45,165.2,55.5,93,165,40.2
12018,male,24,168.5,86.7,89,153,38.2
12019,male,49,170.2,84.4,35,119,38.9
12020,male,29,177.4,82.6,87,151,38.3
12021,male,52,176.9,87.9,18,124,39.7
12022,female,69,148.9,63.9,61,172,37.0
12023,male,49,172.8,68.1,92,165,40.0
12024,female,26,163.3,64.6,82,105,38.9
12025,male,31,186.2,84.7,80,144,40.2
12026,female,30,146.5,75.0,20,123,40.8
12027,male,61,180.2,107.6,99,132,39.3
12028,male,50,162.2,75.0,34,166,40.9
12029,female,49,157.2,70.7,26,100,37.6
12030,female,36,163.3,56.5,54,97,37.2
12031,female,47,161.0,57.4,103,173,41.0
12032,male,33,182.1,93.0,21,173,37.5
12033,female,29,163.6,78.4,43,177,37.8
12034,female,27,167.1,72.0,92,158,37.5
12035,female,19,159.2,61.2,46,109,37.8
12036,female,35,164.8,67.1,94,139,41.0
12037,female,30,163.8,72.6,27,114,40.8
12038,female,46,170.3,77.0,73,111,38.2
12039,female,41,162.3,69.1,68,141,40.2
12040,female,55,168.6,65.9,13,183,40.5
12041,female,29,160.8,78.2,102,108,37.7
12042,male,46,174.8,88.7,116,132,38.0
12043,male,39,169.2,100.4,105,152,39.2
12044,female,53,158.2,77.6,12,97,39.9
12045,male,18,176.2,76.8,68,161,38.9
12046,male,60,176.3,84.8,44,140,40.5
12047,female,57,154.3,84.2,19,85,41.5
12048,female,51,168.1,83.5,94,161,40.9
12049,female,51,141.6,34.9,93,110,40.8
12050,female,65,158.0,73.0,86,161,37.9
12051,female,50,153.6,59.9,16,137,41.1
12052,female,21,164.0,58.5,20,95,41.5
12053,male,55,174.1,83.7,32,126,39.5
12054,female,47,166.8,58.7,64,158,40.4
12055,male,69,175.9,91.1,32,80,39.7
12056,female,63,151.6,78.2,28,76,41.5
12057,female,37,164.3,63.0,106,118,39.7
12058,male,43,178.4,63.5,7,176,39.1
12059,female,32,169.6,60.4,27,73,37.7
12060,female,24,152.7,69.7,86,99,40.8
12061,male,24,183.5,76.7,102,117,37.9
12062,female,67,173.5,69.1,94,107,40.1
12063,male,46,169.2,56.6,54,134,38.1
12064,female,40,159.3,78.1,65,153,40.1
12065,female,51,167.4,60.9,7,120,37.2
12066,male,37,183.1,80.0,107,128,37.8
12067,female,32,161.1,58.4,38,92,40.2
12068,male,50,177.6,88.4,33,151,39.7
12069,male,34,181.7,68.8,90,93,39.5
12070,male,37,188.6,94.7,95,150,37.4
12071,female,30,155.1,67.3,49,122,40.9
12072,female,61,157.6,55.3,108,88,39.9
12073,male,41,188.2,73.8,96,84,39.6
12074,female,64,172.8,46.1,28,91,41.3
12075,female,54,164.8,86.9,88,167,39.5
12076,female,24,166.7,79.7,41,161,40.6
12077,male,25,172.4,68.4,38,83,38.0
12078,female,40,158.3,66.4,95,154,38.5
12079,male,31,180.3,77.2,53,102,40.0
12080,female,21,153.9,75.2,84,124,39.8
12081,female,38,156.3,71.4,25,67,37.4
12082,male,63,181.5,82.1,19,87,37.2
12083,female,27,155.6,55.3,17,173,38.0
12084,male,39,179.3,81.9,20,123,39.4
12085,female,47,158.0,78.8,65,155,40.5
12086,male,47,170.9,73.9,110,155,38.8
12087,female,33,173.9,78.1,33,138,38.1
12088,female,28,162.8,68.1,61,88,39.7
12089,female,39,167.1,56.7,40,120,37.4
12090,male,46,184.2,44.8,48,177,37.8
12091,male,42,172.4,84.3,19,116,39.0
12092,male,31,169.8,84.6,15,165,41.4
12093,female,31,160.8,74.3,15,105,38.5
12094,male,19,174.4,85.0,32,130,40.8
12095,male,30,165.4,81.7,85,162,41.4
12096,male,20,189.5,74.2,69,86,40.7
12097,male,47,170.0,74.2,112,177,39.0
12098,male,35,182.4,88.1,88,178,40.7
12099,male,53,181.7,78.1,63,130,37.2
12100,male,38,164.9,62.8,118,92,40.9
12101,male,36,167.0,75.9,56,169,39.2
12102,male,33,172.6,79.3,103,168,39.0
12103,male,45,168.1,56.1,63,170,40.3
12104,female,21,159.6,54.6,18,152,41.2
12105,female,68,159.1,68.8,39,102,38.1
12106,male,32,182.1,63.6,7,168,38.9
12107,female,18,167.3,70.3,68,150,39.9
12108,female,65,162.7,74.9,99,131,39.7
12109,male,64,175.3,91.4,117,122,38.1
12110,male,33,184.9,91.0,43,170,37.1
12111,male,37,168.4,92.9,105,101,37.7
12112,female,50,165.6,60.6,100,66,37.2
12113,male,34,164.7,72.2,75,121,37.3
12114,female,22,167.6,61.4,71,151,38.1
12115,male,22,163.8,71.6,93,141,40.3
12116,female,56,166.0,62.0,98,143,38.2
12117,female,30,154.9,73.3,97,161,38.0
12118,male,61,171.1,92.3,21,109,39.9
12119,male,53,173.5,76.9,25,117,39.5
12120,female,47,167.4,82.2,20,141,39.3
12121,female,21,162.8,73.5,54,148,39.9
12122,male,40,179.0,68.3,29,71,38.6
12123,male,38,175.2,68.3,46,184,37.1
12124,female,38,163.5,53.1,91,141,38.9
12125,male,23,185.6,98.8,97,103,38.7
12126,female,41,157.2,75.0,11,132,40.5
12127,male,64,172.1,73.1,8,127,37.4
12128,male,48,171.0,87.9,64,110,40.5
12129,male,36,179.9,87.1,71,155,40.2
12130,female,55,164.2,51.3,50,160,38.5
12131,male,29,174.1,94.5,65,66,39.8
12132,female,31,160.5,75.1,74,79,39.4
12133,male,67,181.9,77.8,5,69,38.0
12134,female,29,164.5,64.6,103,67,41.1
12135,female,32,166.0,47.3,35,80,37.9
12136,male,36,169.0,83.0,77,113,37.6
12137,female,45,166.7,54.8,104,154,38.8
12138,female,57,166.2,61.2,95,70,40.3
12139,female,58,160.2,55.8,35,99,38.0
12140,female,22,151.0,71.2,41,102,40.9
12141,male,22,186.8,118.6,95,148,39.6
12142,male,23,180.1,69.2,18,150,37.9
12143,male,40,172.4,96.0,92,128,39.4
12144,female,20,172.2,70.2,71,149,38.0
12145,female,54,150.9,52.7,44,96,37.9
12146,male,50,176.9,48.8,13,65,37.7
12147,male,60,176.8,73.9,49,112,39.6
12148,female,38,175.5,56.4,27,87,37.0
12149,male,37,179.0,82.9,111,82,41.3
12150,male,18,192.6,55.9,26,81,37.1
12151,female,56,156.5,72.1,35,165,41.2
12152,male,64,173.7,97.7,54,95,38.5
12153,female,34,159.4,58.0,67,157,39.6
12154,male,46,174.6,91.5,63,118,39.3
12155,female,25,160.5,72.8,87,141,38.4
12156,female,43,168.0,97.7,36,124,38.4
12157,female,45,168.3,78.8,66,130,37.6
12158,female,51,156.8,58.1,16,137,38.5
12159,female,43,158.6,82.7,10,160,39.9
12160,male,30,167.2,81.5,36,150,39.7
12161,male,61,176.2,95.6,12,170,40.8
12162,male,54,171.0,81.3,39,82,38.0
12163,female,30,164.4,79.4,83,82,37.7
12164,male,55,178.9,88.1,96,147,40.6
12165,female,42,168.3,70.5,117,173,40.6
12166,female,64,153.6,60.6,62,166,40.3
12167,male,40,158.4,72.6,26,127,37.6
12168,female,39,164.4,55.5,63,95,41.0
12169,male,38,162.3,76.5,50,93,38.8
12170,female,47,169.1,76.1,99,152,38.6
12171,female,28,158.7,70.8,13,161,37.7
12172,male,21,174.2,83.0,47,178,37.8
12173,female,50,160.8,74.7,7,147,37.4
12174,male,64,173.5,95.9,68,144,39.4
12175,female,29,167.4,68.3,77,115,38.7
12176,male,26,178.3,76.9,71,96,37.7
12177,female,49,172.3,53.2,118,85,40.1
12178,male,28,168.9,83.1,87,94,38.5
12179,male,54,170.1,84.2,72,71,40.0
12180,female,41,154.8,81.3,10,102,40.6
12181,male,24,171.8,76.2,109,76,39.8
12182,female,25,161.6,70.6,80,123,37.0
12183,female,50,160.2,73.8,102,156,38.3
12184,male,42,175.4,39.0,95,78,37.1
12185,male,18,174.4,102.4,77,135,38.6
12186,male,20,176.8,67.9,32,81,40.8
12187,male,57,182.5,82.3,46,87,40.6
12188,male,45,179.7,59.4,92,141,37.7
12189,female,60,164.5,47.7,112,84,40.0
12190,male,50,168.2,63.4,26,69,40.9
12191,female,63,160.9,52.5,66,70,40.9
12192,male,18,180.2,77.1,105,77,40.6
12193,male,55,180.4,78.0,102,170,38.1
12194,male,44,169.6,64.9,31,67,41.4
12195,female,55,163.6,70.6,32,117,40.2
12196,male,52,167.5,78.2,80,95,40.1
12197,female,27,171.2,73.7,107,67,41.1
12198,female,29,154.0,63.8,22,72,38.5
12199,female,27,163.4,64.7,102,135,39.0
12200,male,51,171.5,83.0,10,114,39.0
12201,female,41,167.6,71.4,32,174,37.5
12202,male,45,176.6,84.3,69,135,38.3
12203,female,39,168.6,55.7,87,139,40.2
12204,male,62,163.4,70.7,22,152,37.2
12205,female,33,156.5,79.2,84,123,39.1
12206,male,30,154.7,82.0,106,85,40.3
12207,male,53,175.0,66.5,53,84,40.3
12208,male,53,180.0,93.5,8,157,41.1
12209,female,60,168.7,69.0,98,170,39.5
12210,female,40,156.0,53.1,85,138,37.9
12211,male,31,183.3,76.4,28,113,40.5
12212,female,49,170.7,60.9,16,144,39.3
12213,female,20,176.6,70.1,79,138,40.7
12214,female,44,166.5,70.8,107,102,38.0
12215,female,36,167.0,53.8,100,97,37.0
12216,female,39,160.7,71.7,77,133,38.3
12217,female,18,164.3,69.6,15,123,37.8
12218,female,22,165.5,63.1,84,76,40.2
12219,male,66,183.4,92.2,14,72,39.3
12220,male,50,167.3,61.0,19,134,38.7
12221,female,68,164.2,63.3,65,151,37.3
12222,male,36,179.0,84.1,99,112,38.0
12223,male,53,166.7,60.5,23,170,41.2
12224,male,68,178.6,88.4,11,131,37.9
12225,female,23,171.5,59.3,65,102,39.6
12226,female,32,164.0,73.8,72,157,40.7
12227,female,53,164.2,63.7,87,98,38.3
12228,female,50,164.3,60.3,79,68,40.6
12229,female,41,160.4,68.3,112,71,38.5
12230,male,44,162.3,67.8,66,149,39.6
12231,female,66,174.0,57.2,103,172,38.3
12232,male,28,173.0,73.8,72,138,39.6
12233,female,66,171.7,44.6,86,160,37.9
12234,male,40,166.4,88.4,83,153,40.6
12235,female,50,173.1,55.8,69,141,39.2
12236,female,58,176.8,53.1,23,149,41.1
12237,female,63,170.3,71.5,102,147,39.8
12238,female,64,174.5,77.6,99,123,40.7
12239,female,46,168.6,68.2,63,72,40.8
12240,female,48,157.1,46.0,86,125,39.4
12241,male,18,173.7,76.1,84,177,40.2
12242,female,51,155.9,68.5,95,168,39.5
12243,male,35,179.3,88.7,85,114,37.1
12244,female,35,165.2,46.4,23,148,40.2
12245,male,23,173.7,89.8,27,72,41.5
12246,male,69,176.9,91.2,110,80,40.9
12247,male,57,181.9,66.9,47,112,37.2
12248,male,18,168.7,91.5,72,126,41.2
12249,male,64,150.8,78.6,83,120,37.9
12250,male,59,180.4,77.0,11,92,37.2
12251,female,47,168.7,66.5,50,138,37.1
12252,male,21,176.6,94.9,93,173,38.9
12253,female,49,160.3,83.3,50,85,38.4
12254,female,27,166.5,79.1,93,182,37.8
12255,male,60,179.0,83.2,35,165,37.4
12256,male,22,181.8,78.7,82,108,38.6
12257,female,26,166.0,61.6,16,143,38.0
12258,male,22,194.9,71.8,26,134,39.9
12259,male,28,162.5,74.6,69,105,38.7
12260,male,52,176.3,83.6,33,99,39.0
12261,male,44,165.6,69.1,73,120,40.4
12262,male,21,182.0,92.6,87,183,38.6
12263,male,27,162.3,62.3,90,149,37.7
12264,male,56,164.3,71.4,58,81,38.3
12265,female,50,152.7,54.4,106,90,40.1
12266,male,55,177.1,67.9,113,127,37.5
12267,female,25,160.8,62.6,18,138,39.9
12268,female,66,168.8,56.9,84,98,40.3
12269,female,41,165.3,55.4,10,135,39.9
12270,female,56,169.9,66.3,96,96,38.6
12271,male,50,186.9,90.1,69,68,39.9
12272,female,58,157.4,59.5,74,74,40.7
12273,female,60,169.6,61.8,6,167,38.4
12274,female,36,167.8,60.1,64,172,38.2
12275,female,19,176.9,43.2,33,143,41.3
12276,female,28,167.9,64.6,73,120,41.0
12277,male,52,177.1,80.3,103,176,38.2
12278,male,34,179.3,62.7,36,99,37.8
12279,female,59,169.4,68.2,83,97,38.9
12280,male,20,166.6,73.2,63,89,39.3
12281,male,39,175.7,79.1,14,111,37.8
12282,female,52,160.3,57.0,86,175,37.1
12283,female,38,175.1,60.9,35,75,40.7
12284,female,42,149.3,66.6,22,98,41.2
12285,male,56,169.9,82.4,48,100,37.3
12286,female,19,164.0,75.5,74,81,40.8
12287,male,18,185.1,64.6,101,76,39.0
12288,male,24,163.8,76.4,63,144,37.8
12289,male,37,166.8,72.5,66,161,38.7
12290,female,60,160.3,72.9,9,183,40.9
12291,male,23,175.3,85.6,24,90,37.5
12292,female,53,165.0,69.4,30,138,37.4
12293,female,68,171.2,62.6,21,77,41.3
12294,female,38,164.0,58.1,46,146,38.3
12295,female,68,162.1,76.7,45,149,40.9
12296,female,63,158.1,48.2,18,175,39.5
12297,male,52,171.2,74.5,86,170,38.1
12298,male,53,194.5,70.5,31,151,38.3
12299,male,25,190.7,67.3,99,175,38.9
12300,male,67,185.6,81.0,59,151,37.7
12301,male,21,180.0,71.1,19,100,40.2
12302,female,60,163.3,69.7,111,133,38.9
12303,female,33,165.1,51.1,37,167,41.0
12304,male,20,168.3,85.7,84,109,41.1
12305,male,24,170.8,82.9,79,143,41.1
12306,male,19,167.0,80.2,6,152,39.9
12307,female,18,160.7,55.8,81,76,39.1
12308,female,18,157.8,49.2,71,147,37.4
12309,female,55,175.9,77.0,88,161,40.4
12310,male,68,174.9,77.6,6,153,37.4
12311,male,24,176.1,83.9,91,178,37.8
12312,male,41,188.9,65.8,28,102,40.8
12313,male,22,180.0,58.4,31,141,40.8
12314,female,38,163.4,68.6,26,152,39.0
12315,male,45,176.5,76.4,69,167,40.2
12316,male,35,162.1,68.7,35,131,38.0
12317,male,41,160.5,97.5,17,181,41.0
12318,female,49,172.7,72.4,105,140,39.9
12319,female,62,162.1,82.8,25,165,40.9
12320,male,50,170.1,58.0,57,130,38.8
12321,female,27,153.6,58.4,112,84,37.2
12322,female,26,164.4,65.8,44,104,41.5
12323,female,66,165.2,74.4,31,98,40.4
12324,female,50,173.1,54.5,105,86,37.7
12325,female,50,165.6,62.3,88,79,39.9
12326,male,24,168.5,67.4,44,161,41.3
12327,male,21,182.7,85.0,104,130,41.0
12328,male,45,171.9,69.2,49,99,41.2
12329,female,40,169.2,71.0,58,162,37.5
12330,female,49,167.4,49.9,88,155,40.8
12331,female,61,164.9,76.1,64,95,41.0
12332,female,33,158.9,68.1,117,141,37.8
12333,male,63,167.4,106.1,68,117,40.2
12334,male,27,182.4,63.7,40,158,40.1
12335,male,31,172.8,94.5,43,154,40.1
12336,male,56,177.5,99.4,5,152,39.6
12337,male,53,185.9,92.8,52,121,38.1
12338,male,51,163.1,79.2,110,129,37.5
12339,female,41,170.4,46.6,76,179,38.1
12340,female,35,162.1,67.6,117,102,41.1
12341,male,33,177.5,84.9,70,102,38.0
12342,female,58,156.0,63.0,112,167,38.9
12343,male,54,181.9,85.7,27,150,39.0
12344,male,58,175.8,70.3,65,74,41.2
12345,female,42,163.2,44.8,119,110,37.5
12346,male,25,177.6,51.3,57,91,39.2
12347,male,41,163.2,90.7,89,106,40.6
12348,male,37,173.7,69.2,39,66,37.3
12349,female,65,164.9,58.1,69,122,40.4
12350,female,47,159.0,77.3,24,83,37.4
12351,female,37,161.7,79.7,63,178,39.0
12352,female,35,171.3,69.7,106,126,37.7
12353,male,21,173.1,83.1,56,180,38.8
12354,female,65,158.7,94.1,51,75,37.2
12355,female,53,153.3,64.8,53,175,40.8
12356,female,23,164.4,58.5,6,78,37.6
12357,male,20,187.7,73.4,20,121,37.8
12358,female,35,161.8,63.8,28,175,39.1
12359,female,64,152.8,85.9,100,97,37.1
12360,male,57,179.1,75.4,97,108,41.1
12361,male,35,176.6,77.6,9,169,38.9
12362,male,40,168.1,76.2,16,82,39.4
12363,male,52,169.7,97.4,71,93,40.9
12364,female,23,161.1,62.0,70,177,39.6
12365,male,43,182.5,69.1,42,94,37.4
12366,female,38,158.7,53.6,64,67,40.6
12367,female,41,161.5,52.1,99,96,41.1
12368,female,32,172.7,74.7,74,79,40.6
12369,female,44,150.7,72.9,97,113,37.9
12370,female,49,164.3,70.2,88,151,39.2
12371,male,29,169.0,75.3,72,124,38.3
12372,female,22,172.4,62.1,97,162,39.7
12373,female,24,161.7,68.3,78,110,40.8
12374,female,39,155.7,77.6,56,169,38.8
12375,male,44,185.9,63.6,66,144,39.7
12376,female,32,165.4,66.3,39,114,37.0
12377,female,56,182.4,55.7,31,168,38.6
12378,male,62,177.9,72.0,5,70,39.8
12379,female,52,154.6,62.2,45,144,41.5
12380,female,43,172.1,50.9,29,174,38.3
12381,male,40,162.6,81.7,27,166,37.8
12382,female,30,163.1,71.8,119,84,41.0
12383,female,43,159.6,72.2,54,113,39.5
12384,female,20,158.5,38.2,24,92,41.5
12385,female,46,161.8,64.1,15,90,38.1
12386,female,19,160.7,52.1,109,120,37.9
12387,male,45,171.2,82.7,93,167,38.6
12388,male,40,190.3,78.8,75,112,39.6
12389,male,53,179.1,78.4,8,70,37.3
12390,female,66,161.3,65.1,61,117,38.7
12391,female,23,164.8,73.4,10,173,37.3
12392,female,28,168.6,75.2,17,123,40.0
12393,male,55,188.5,92.4,116,178,38.5
12394,female,51,165.6,75.8,102,144,41.4
12395,female,34,173.7,67.6,24,97,37.5
12396,female,20,158.7,60.1,118,76,41.0
12397,male,61,188.0,74.3,66,142,37.1
12398,male,63,181.8,88.4,38,103,39.9
12399,female,51,158.7,72.8,81,180,41.3
12400,female,39,164.6,74.1,10,66,40.2
12401,female,46,165.1,58.3,77,141,37.1
12402,male,46,178.4,113.8,98,108,40.0
12403,male,22,183.6,100.0,66,83,38.3
12404,male,27,173.0,92.7,31,162,40.3
12405,female,27,158.2,59.9,13,73,39.0
12406,male,26,177.9,91.8,78,95,39.8
12407,female,38,159.0,64.8,42,143,37.1
12408,female,30,157.0,63.6,5,68,38.3
12409,male,27,164.8,81.3,7,175,38.4
12410,female,55,162.3,76.1,38,127,39.0
12411,male,28,182.2,99.0,59,110,41.0
12412,female,21,164.6,61.9,117,96,38.7
12413,female,63,170.3,73.9,40,145,40.2
12414,male,48,183.8,89.0,37,69,38.6
12415,female,66,158.4,79.2,48,173,37.9
12416,female,69,164.8,55.2,52,103,39.1
12417,female,51,172.1,72.7,49,161,38.1
12418,female,59,162.4,64.3,71,156,37.2
12419,female,52,166.1,77.7,56,77,38.0
12420,female,56,164.8,83.3,35,132,37.4
12421,female,56,162.3,41.3,10,92,37.2
12422,female,50,162.7,65.1,20,77,40.3
12423,male,25,177.9,78.8,47,156,40.1
12424,male,49,175.6,83.5,81,173,37.7
12425,female,50,167.6,55.8,101,121,37.2
12426,female,25,165.1,60.5,69,163,37.1
12427,male,63,173.9,85.6,50,168,40.3
12428,female,31,168.1,61.5,64,88,38.9
12429,male,51,168.1,73.1,58,73,38.9
12430,male,25,169.2,89.3,13,71,37.3
12431,male,68,183.9,97.4,90,165,40.6
12432,female,59,164.0,59.4,54,164,38.3
12433,female,24,161.3,48.6,115,86,38.9
12434,female,30,166.3,66.0,102,67,39.0
12435,male,38,162.6,101.7,38,136,41.0
12436,male,64,179.2,93.8,57,68,40.7
12437,male,49,179.2,73.0,69,171,38.5
12438,female,28,164.2,54.5,41,106,37.3
12439,male,31,173.9,94.5,109,66,39.5
12440,male,28,167.5,82.1,27,117,38.2
12441,female,19,175.9,59.8,22,110,38.4
12442,male,51,174.2,68.2,16,168,41.0
12443,male,61,167.9,86.9,114,70,40.3
12444,female,64,182.5,66.2,9,121,38.8
12445,female,34,157.2,65.5,24,150,39.9
12446,male,31,167.4,75.2,87,67,37.9
12447,female,42,161.4,54.7,59,81,40.0
12448,male,65,169.7,81.2,70,138,37.3
12449,female,44,162.1,67.9,8,152,40.0
12450,male,25,181.5,107.2,31,175,41.0
12451,female,34,151.9,79.7,76,124,39.6
12452,male,22,185.0,86.0,38,168,38.5
12453,female,29,160.2,72.3,106,103,39.5
12454,female,55,150.0,47.8,75,92,38.5
12455,female,35,170.8,68.5,33,167,38.3
12456,female,43,148.2,49.9,44,109,37.0
12457,female,48,178.0,52.7,112,158,38.1
12458,female,54,167.3,72.5,86,156,41.0
12459,female,23,153.5,66.5,59,68,37.8
12460,male,58,176.9,76.3,110,146,39.8
12461,male,32,157.8,80.2,62,103,39.8
12462,female,59,158.1,68.7,45,67,38.0
12463,female,66,150.4,65.9,15,174,40.5
12464,male,43,171.7,82.3,76,129,39.0
12465,male,68,173.9,86.0,70,161,40.6
12466,female,29,168.7,71.2,77,80,37.1
12467,male,58,173.6,77.2,107,110,37.7
12468,male,64,191.7,81.3,45,158,38.7
12469,female,31,164.9,64.4,10,104,39.1
12470,female,18,150.1,56.5,68,119,39.5
12471,female,34,164.9,60.9,33,161,40.5
12472,male,50,181.3,81.2,18,100,41.1
12473,female,46,150.5,59.7,108,124,38.4
12474,female,62,155.9,55.9,83,159,41.0
12475,male,48,159.6,83.1,55,100,38.2
12476,female,25,168.9,56.4,51,100,37.3
12477,male,47,172.5,76.3,52,111,39.6
12478,male,30,174.5,77.7,51,112,40.0
12479,male,33,165.5,83.4,9,74,38.3
12480,male,19,186.5,65.8,79,86,37.8
12481,male,62,181.9,88.3,105,92,37.4
12482,male,35,186.4,80.9,91,100,39.0
12483,female,52,165.6,63.7,117,96,38.8
12484,female,62,167.6,61.3,22,174,38.3
12485,female,36,168.0,54.5,78,77,38.0
12486,male,30,189.7,84.9,51,98,37.2
12487,female,68,162.8,57.2,89,127,40.1
12488,male,21,172.9,98.8,74,129,38.8
12489,female,36,162.4,70.9,116,144,38.0
12490,male,67,181.1,71.8,80,155,39.3
12491,female,42,158.8,62.7,106,86,41.0
12492,male,55,171.8,71.4,10,95,38.0
12493,female,68,167.4,86.0,16,112,39.8
12494,male,48,195.3,99.7,107,157,41.1
12495,female,53,170.5,48.7,6,86,38.7
12496,male,21,173.7,72.4,95,135,41.3
12497,female,56,176.1,57.7,81,119,37.1
12498,female,24,148.3,59.7,80,104,37.5
12499,female,33,156.0,66.2,7,68,39.4
12500,male,65,174.9,68.5,29,142,39.2
12501,male,22,178.1,80.2,28,107,41.4
12502,male,64,189.1,72.4,67,145,37.6
12503,male,40,170.2,68.3,50,129,41.5
12504,male,53,175.3,91.5,37,177,40.8
12505,female,49,169.3,56.4,75,66,38.0
12506,male,41,177.4,96.9,15,146,38.7
12507,female,42,166.5,61.2,10,67,37.5
12508,female,62,150.2,42.0,100,120,41.1
12509,male,45,163.3,86.3,93,149,38.7
12510,female,36,163.6,51.5,54,141,37.2
12511,male,24,178.4,61.0,73,113,39.6
12512,male,61,189.9,83.1,112,175,38.2
12513,male,58,178.8,64.3,80,91,38.7
12514,female,34,156.5,68.5,89,124,39.1
12515,male,19,164.1,88.1,118,131,37.3
12516,male,33,165.2,97.9,115,133,39.2
12517,male,56,164.6,75.3,68,101,38.3
12518,female,35,159.9,62.7,102,166,40.2
12519,male,56,177.3,89.6,76,112,38.2
12520,female,18,160.2,69.8,66,130,41.2
12521,female,20,161.5,74.3,83,158,40.3
12522,male,38,168.2,72.8,61,134,37.5
12523,female,47,170.4,82.6,21,91,37.6
12524,female,28,161.6,69.4,74,141,38.6
12525,male,39,174.8,64.9,26,69,37.1
12526,male,64,163.4,76.1,27,116,37.2
12527,male,42,193.5,77.7,106,122,40.2
12528,female,20,169.0,70.3,50,89,38.5
12529,male,47,170.3,71.9,53,184,37.9
12530,female,41,154.6,56.4,74,155,38.7
12531,female,62,165.1,67.1,24,126,41.4
12532,female,53,165.3,62.1,101,80,41.1
12533,female,40,158.0,46.5,30,112,38.1
12534,female,25,165.5,66.8,116,135,37.3
12535,male,21,167.7,63.6,67,116,38.5
12536,male,67,175.1,83.4,106,171,37.0
12537,female,56,167.2,63.7,23,131,38.0
12538,female,60,163.2,69.3,8,79,39.8
12539,male,48,174.7,52.9,76,145,37.4
12540,male,46,166.6,69.3,60,131,37.8
12541,female,53,166.8,66.1,96,125,38.9
12542,female,30,167.1,93.8,39,130,40.2
12543,male,58,173.7,63.0,96,174,39.4
12544,male,26,173.5,91.8,47,133,40.3
12545,female,38,160.3,73.7,88,88,37.4
12546,male,68,183.9,78.6,119,159,37.7
12547,male,20,167.8,97.7,55,164,41.0
12548,female,42,160.2,65.5,30,108,41.3
12549,female,42,158.8,75.7,52,135,40.7
12550,female,29,174.2,71.6,36,89,40.2
12551,male,46,184.7,71.5,119,171,37.2
12552,female,28,170.3,50.0,98,84,41.5
12553,male,69,179.2,56.0,26,181,37.9
12554,female,28,161.6,68.0,55,153,38.9
12555,female,66,165.8,64.5,36,130,39.8
12556,male,43,178.7,59.0,88,130,39.4
12557,male,31,177.3,92.3,18,74,41.5
12558,female,33,154.3,56.8,80,114,39.7
12559,female,27,160.3,64.0,5,177,38.0
12560,male,48,170.4,106.8,111,134,39.5
12561,female,48,172.2,50.6,47,75,38.5
12562,male,53,173.9,98.4,27,177,40.0
12563,male,27,170.1,80.3,32,157,37.2
12564,female,43,160.7,72.0,26,94,38.2
12565,male,37,173.3,73.4,53,149,39.5
12566,male,61,163.2,57.4,14,91,40.5
12567,male,26,160.6,58.1,65,175,40.8
12568,female,32,159.4,56.2,40,106,41.1
12569,male,26,165.2,77.2,93,100,38.7
12570,female,24,165.9,60.8,36,109,39.6
12571,female,43,155.1,50.3,27,161,39.6
12572,female,41,161.3,60.6,87,175,41.0
12573,male,29,190.7,95.5,50,91,40.8
12574,male,37,176.4,71.7,21,120,38.9
12575,female,31,162.0,61.4,57,101,39.7
12576,female,39,156.4,68.8,117,134,41.1
12577,male,33,173.1,89.0,56,103,41.5
12578,female,46,162.7,59.2,54,72,40.3
12579,female,49,162.7,67.9,46,140,37.3
12580,male,36,183.7,82.2,118,111,41.0
12581,female,52,167.5,67.3,58,131,39.2
12582,male,60,176.8,80.5,66,118,38.6
12583,male,49,168.0,85.8,28,73,38.3
12584,female,37,154.7,62.1,61,107,40.6
12585,male,68,165.5,67.4,10,180,41.0
12586,male,57,181.1,64.2,87,76,40.1
12587,male,37,170.3,87.3,119,104,37.3
12588,female,25,159.1,71.1,87,174,41.4
12589,female,52,147.2,65.0,113,176,39.5
12590,female,59,168.1,61.6,119,67,40.7
12591,male,30,170.4,57.8,80,161,40.2
12592,male,58,188.4,70.0,36,178,38.5
12593,female,23,161.8,52.2,29,141,41.1
12594,female,64,164.7,51.4,68,76,38.4
12595,male,33,170.3,74.3,100,101,41.4
12596,female,22,156.9,77.5,8,71,41.4
12597,female,62,160.2,66.6,43,134,37.2
12598,female,68,154.6,59.4,6,105,37.6
12599,female,51,165.7,59.5,27,68,38.1
12600,female,23,160.8,85.4,75,151,38.7
12601,male,50,179.8,84.9,88,68,39.9
12602,female,32,182.8,68.4,40,131,38.6
12603,female,32,160.2,60.6,64,102,41.2
12604,male,31,167.6,90.8,57,91,39.1
12605,male,56,163.9,79.0,21,75,39.5
12606,male,22,178.3,76.3,90,157,39.8
12607,male,69,184.3,95.3,75,157,38.9
12608,female,43,161.1,70.2,108,101,39.9
12609,female,65,179.0,61.4,91,122,37.4
12610,female,34,157.0,66.9,82,171,39.3
12611,female,60,161.6,68.4,78,72,38.5
12612,male,64,181.1,90.7,114,96,37.9
12613,male,69,181.3,92.8,69,142,37.2
12614,female,33,168.4,57.9,64,178,40.5
12615,female,52,159.6,70.0,114,148,37.5
12616,female,55,170.0,65.6,85,152,37.8
12617,female,40,169.8,59.5,44,157,37.8
12618,male,30,181.5,58.6,82,124,41.4
12619,female,50,156.0,78.1,53,129,38.1
12620,male,46,171.6,72.3,60,74,37.8
12621,male,63,184.3,73.6,85,83,41.4
12622,male,51,172.1,69.8,14,103,39.8
12623,male,51,181.0,86.5,86,109,40.1
12624,female,44,166.8,54.0,39,112,40.7
12625,female,32,165.4,54.6,14,82,39.5
12626,female,67,168.9,57.5,47,183,39.4
12627,female,26,161.6,71.1,24,166,41.5
12628,male,43,169.3,77.4,84,135,40.1
12629,male,20,163.9,75.1,21,152,40.2
12630,male,53,164.7,88.2,43,150,37.4
12631,female,64,170.1,51.8,54,80,37.5
12632,male,22,190.4,103.5,96,70,39.3
12633,male,37,170.3,79.9,77,171,40.3
12634,male,37,186.6,93.9,88,135,40.4
12635,male,22,174.0,97.6,74,146,40.5
12636,female,27,170.6,49.4,81,163,40.2
12637,male,33,171.2,94.8,77,113,37.5
12638,male,42,164.8,53.9,52,152,40.8
12639,female,61,163.0,52.0,37,144,40.5
12640,female,42,161.7,55.3,39,83,38.7
12641,female,47,174.1,46.6,26,147,38.8
12642,male,31,187.1,77.7,27,171,39.5
12643,male,39,176.7,77.7,50,129,41.5
12644,male,60,169.5,97.6,93,86,40.3
12645,male,45,176.8,60.9,104,95,40.8
12646,female,47,153.9,58.4,11,78,37.9
12647,male,36,153.6,90.1,19,94,39.3
12648,male,55,198.7,83.8,97,159,39.5
12649,female,59,170.2,54.9,76,115,37.2
12650,female,37,152.1,70.4,41,96,37.5
12651,female,52,152.9,62.1,78,107,38.0
12652,male,39,163.0,87.0,78,180,41.0
12653,male,32,188.2,64.2,64,81,40.5
12654,male,28,187.0,55.8,54,156,39.2
12655,male,51,181.0,72.7,113,162,40.5
12656,male,41,166.1,81.0,17,126,39.3
12657,female,23,174.4,40.6,23,81,41.1
12658,female,34,165.3,48.0,116,125,38.3
12659,male,45,180.2,80.7,53,70,37.5
12660,male,67,178.6,57.7,27,176,37.2
12661,male,48,162.9,73.5,59,157,39.0
12662,male,53,165.4,91.3,19,73,38.4
12663,male,26,170.9,85.8,85,95,41.4
12664,female,27,176.3,58.6,14,94,41.0
12665,female,38,159.5,63.3,60,123,38.9
12666,female,51,151.7,54.8,108,137,37.1
12667,male,48,173.6,74.9,67,183,37.4
12668,male,46,181.3,88.9,61,170,38.0
12669,female,60,163.5,60.9,50,74,38.8
12670,female,60,172.4,49.2,37,166,40.6
12671,male,28,186.6,66.4,60,128,40.8
12672,female,50,161.3,74.3,113,97,41.5
12673,female,63,160.5,72.2,22,67,39.4
12674,male,18,170.6,76.7,72,157,41.3
12675,female,38,154.5,56.5,63,167,39.9
12676,female,40,168.4,50.8,8,117,39.2
12677,female,26,178.4,83.4,19,105,37.6
12678,male,18,180.4,58.5,35,142,41.1
12679,female,38,161.3,71.7,6,79,41.0
12680,female,39,161.9,63.8,80,183,41.0
12681,female,21,159.6,61.1,66,179,41.3
12682,male,18,164.9,75.3,37,74,40.7
12683,male,68,177.2,75.1,50,144,37.0
12684,female,27,167.8,71.4,54,161,40.2
12685,male,32,166.1,84.1,24,156,38.9
12686,female,69,149.3,57.3,70,103,41.2
12687,male,53,176.5,54.1,107,171,40.5
12688,male,46,177.0,77.1,69,88,40.6
12689,female,69,163.4,60.3,88,143,37.5
12690,female,63,163.8,80.1,28,77,39.1
12691,female,22,166.5,61.9,18,147,39.1
12692,male,46,179.1,58.7,53,75,39.2
12693,female,64,176.8,93.9,105,77,40.6
12694,male,64,181.1,68.8,45,104,38.0
12695,male,44,178.9,65.6,33,123,37.8
12696,female,42,160.5,64.9,25,160,40.9
12697,male,33,192.2,65.1,36,118,40.8
12698,female,33,157.6,61.1,63,125,40.0
12699,male,53,186.6,109.0,57,154,37.3
12700,female,42,163.9,66.0,106,123,40.2
12701,male,58,181.5,56.7,91,170,37.5
12702,male,18,186.5,74.6,97,144,38.8
12703,female,22,173.1,85.3,82,81,40.8
12704,male,58,176.1,84.7,67,177,37.1
12705,female,37,157.7,49.6,75,77,39.9
12706,male,22,177.0,72.9,27,77,39.5
12707,male,53,178.0,76.6,85,79,38.7
12708,male,46,176.1,50.6,38,172,38.0
12709,female,65,165.6,64.7,100,75,37.7
12710,female,51,159.0,67.0,41,65,40.8
12711,female,65,172.2,71.9,9,99,37.5
12712,female,35,155.6,67.5,46,146,41.3
12713,female,19,157.4,59.3,113,108,37.9
12714,male,33,156.8,91.5,88,122,40.2
12715,male,46,167.6,74.8,76,65,39.5
12716,female,50,172.5,63.0,76,150,38.7
12717,male,33,183.7,80.0,92,116,41.1
12718,male,52,170.1,72.3,29,130,37.2
12719,male,64,170.9,68.7,50,158,40.5
12720,male,60,166.5,102.4,31,117,40.3
12721,female,59,156.8,62.5,100,146,40.8
12722,male,34,169.3,87.8,11,129,41.0
12723,female,21,144.2,67.7,64,67,39.1
12724,female,66,168.9,64.7,16,138,40.0
12725,male,21,170.4,84.2,116,112,39.6
12726,female,68,166.9,74.4,11,79,39.7
12727,male,42,175.1,95.8,113,131,37.1
12728,male,50,175.2,66.4,49,141,41.3
12729,male,31,163.3,73.8,12,126,37.7
12730,female,41,174.9,61.2,8,152,38.9
12731,female,28,173.8,70.1,32,167,40.2
12732,female,42,158.9,57.2,50,94,38.0
12733,male,45,169.0,94.6,65,107,37.5
12734,male,24,193.2,86.7,116,96,41.0
12735,male,66,179.5,72.7,84,163,39.6
12736,female,53,165.7,69.7,44,99,37.6
12737,male,27,168.2,94.7,38,119,40.9
12738,male,66,186.4,81.9,31,79,37.8
12739,female,53,152.0,68.1,30,98,40.0
12740,female,48,168.5,78.3,111,167,40.8
12741,female,36,155.3,47.4,15,162,39.8
12742,male,35,165.7,77.2,5,146,37.0
12743,male,66,185.6,79.1,25,163,39.9
12744,male,23,167.1,78.9,36,87,39.6
12745,female,45,165.6,58.4,79,183,39.4
12746,female,24,166.2,70.1,91,96,38.4
12747,female,55,169.0,64.1,64,114,39.8
12748,female,29,160.3,78.5,72,114,37.1
12749,male,58,189.8,53.6,6,147,39.3
12750,male,67,177.1,88.4,88,157,38.5
12751,male,51,173.6,79.0,96,104,37.2
12752,male,42,174.5,79.3,58,178,38.2
12753,male,34,169.1,75.1,13,108,40.8
12754,male,50,168.9,86.0,111,76,38.2
12755,male,40,178.5,91.4,73,132,39.1
12756,male,26,173.7,57.2,14,86,39.5
12757,female,23,173.6,65.0,77,107,38.3
12758,female,19,156.2,66.0,7,173,39.4
12759,male,55,174.3,81.3,35,143,41.3
12760,female,26,160.0,55.2,103,149,37.8
12761,male,20,166.0,73.1,8,106,41.0
12762,male,33,175.1,96.3,11,163,39.5
12763,female,42,160.1,77.7,20,170,40.5
12764,male,41,164.6,85.0,20,83,39.7
12765,male,64,181.5,74.5,96,136,38.4
12766,male,46,172.5,103.6,107,164,39.6
12767,male,61,189.6,78.2,118,143,38.9
12768,male,57,178.5,93.6,17,179,39.7
12769,male,43,179.2,78.2,112,68,39.5
12770,male,55,166.4,84.2,65,89,40.1
12771,female,52,164.9,71.7,88,115,40.3
12772,female,40,170.0,64.2,49,124,39.5
12773,male,21,166.5,88.9,72,101,40.6
12774,female,59,155.8,78.4,28,90,40.1
12775,male,31,181.9,93.9,100,137,38.1
12776,male,64,178.2,68.1,90,108,41.2
12777,male,56,168.4,65.8,64,119,37.3
12778,male,24,177.6,76.5,112,114,39.8
12779,female,25,167.3,46.9,64,95,39.8
12780,female,59,165.4,51.5,9,134,39.0
12781,female,68,157.6,62.0,102,89,39.1
12782,female,36,161.4,71.2,108,124,40.5
12783,male,19,175.9,76.8,36,70,40.3
12784,female,64,163.0,59.4,92,83,38.9
12785,male,18,174.4,69.9,105,69,38.0
12786,male,59,166.1,65.3,12,133,37.3
12787,female,55,167.9,54.3,51,123,40.3
12788,male,30,161.5,70.5,86,118,40.1
12789,female,59,174.7,59.2,112,69,38.3
12790,female,61,174.8,70.2,77,113,41.3
12791,female,41,157.0,66.1,6,84,39.9
12792,female,49,154.4,57.5,69,174,40.0
12793,female,47,169.8,66.9,75,176,39.5
12794,male,23,187.5,67.9,46,118,39.9
12795,female,55,166.9,67.0,24,141,41.5
12796,female,50,158.4,66.5,119,137,40.6
12797,male,61,190.1,92.5,15,142,38.9
12798,female,40,160.6,57.5,88,77,37.9
12799,female,27,165.1,69.5,113,175,40.4
12800,male,63,174.2,96.3,6,161,41.0
12801,male,32,170.5,80.2,101,112,39.4
12802,female,40,154.2,69.3,90,151,41.2
12803,male,53,176.2,101.6,96,158,39.5
12804,female,18,162.3,83.8,35,127,38.0
12805,male,25,169.0,83.1,103,146,38.9
12806,female,20,167.1,60.2,14,146,38.9
12807,female,31,168.3,58.1,90,107,37.8
12808,female,34,152.6,57.0,85,164,40.1
12809,male,51,162.2,72.4,63,142,40.8
12810,female,64,158.5,84.3,111,76,37.9
12811,male,23,173.9,86.9,106,103,40.5
12812,female,22,164.9,80.3,118,155,37.7
12813,female,63,160.6,62.9,11,121,38.5
12814,female,68,165.5,75.4,41,157,40.3
12815,female,58,166.8,54.2,17,135,38.8
12816,female,57,157.7,64.8,97,143,37.0
12817,male,46,168.0,62.6,30,147,40.7
12818,male,52,191.1,96.0,7,73,38.0
12819,male,35,181.6,85.4,43,148,40.8
12820,female,57,159.7,74.7,14,176,38.1
12821,female,65,159.4,65.0,41,172,38.1
12822,male,47,177.0,95.8,27,126,41.0
12823,female,32,156.6,65.9,24,86,38.6
12824,female,32,153.5,59.3,38,100,40.0
12825,female,33,158.1,59.3,8,160,38.6
12826,male,50,180.1,109.6,36,67,39.4
12827,male,27,187.6,59.1,113,177,40.5
12828,male,36,187.1,84.0,46,146,41.1
12829,male,54,179.7,73.0,22,80,39.9
12830,male,67,179.1,92.5,56,67,38.7
12831,female,20,165.2,56.8,5,140,38.8
12832,female,53,176.0,57.7,91,152,37.7
12833,female,21,159.6,50.2,112,122,39.5
12834,female,28,163.7,72.3,81,139,40.8
12835,male,58,185.5,76.2,8,87,37.6
12836,male,50,177.7,72.9,106,184,38.2
12837,female,45,162.1,72.3,77,97,37.1
12838,male,49,186.1,88.6,105,132,39.4
12839,female,33,155.7,54.2,50,125,37.3
12840,female,26,155.2,68.0,35,78,39.6
12841,female,28,151.9,51.8,70,102,38.3
12842,female,23,157.9,64.0,54,137,40.6
12843,male,66,180.6,73.1,84,162,39.4
12844,female,44,158.6,71.9,109,174,39.2
12845,male,29,183.8,66.0,25,168,38.0
12846,female,39,160.5,46.1,25,117,41.2
12847,female,57,165.3,68.0,70,125,41.3
12848,female,65,166.5,86.8,56,97,40.4
12849,female,54,173.7,68.9,40,147,38.4
12850,male,38,178.4,78.5,75,165,40.5
12851,female,50,166.1,57.9,19,131,40.3
12852,male,34,174.1,71.0,105,120,38.0
12853,female,46,175.1,41.7,77,125,37.4
12854,female,57,155.7,66.0,5,165,37.9
12855,female,27,165.7,61.5,20,102,40.9
12856,male,35,174.2,85.3,91,91,37.7
12857,female,64,154.6,63.8,92,177,40.6
12858,female,69,167.2,57.8,114,104,38.4
12859,female,30,156.1,73.6,92,70,40.3
12860,female,44,179.3,66.8,14,160,41.0
12861,female,27,149.8,59.7,43,182,40.5
12862,male,49,195.2,81.1,116,112,39.4
12863,male,58,170.4,59.3,15,82,37.0
12864,female,62,155.4,55.5,34,96,37.6
12865,female,20,166.6,63.3,44,148,40.5
12866,male,39,176.0,82.5,37,100,37.4
12867,female,44,171.1,59.1,11,143,41.4
12868,male,20,172.5,76.6,10,87,41.4
12869,female,50,163.1,58.8,111,179,38.3
12870,female,19,158.8,77.7,54,78,37.2
12871,male,28,166.9,54.2,56,149,40.4
12872,female,63,161.5,74.0,76,110,37.9
12873,male,27,166.5,68.7,84,67,40.3
12874,male,56,180.1,72.3,53,71,38.5
12875,male,50,159.4,81.6,25,81,38.7
12876,female,24,163.2,76.6,72,132,39.7
12877,male,32,179.2,92.3,115,122,37.7
12878,male,43,174.3,77.1,95,173,41.4
12879,female,28,157.6,78.0,39,114,37.2
12880,female,55,166.9,52.3,5,163,41.3
12881,female,44,166.2,64.5,20,134,38.3
12882,female,56,176.1,53.3,35,160,40.0
12883,female,24,172.7,68.8,63,163,41.5
12884,female,18,154.6,63.0,106,110,38.1
12885,male,27,192.1,85.1,22,123,39.1
12886,female,38,153.4,78.1,41,86,37.1
12887,male,32,163.8,78.9,14,136,38.0
12888,female,47,178.4,63.3,53,155,37.6
12889,male,47,163.6,107.1,27,92,40.4
12890,male,25,180.5,71.0,23,66,40.1
12891,female,41,171.7,76.1,117,123,39.2
12892,female,36,172.7,66.5,46,118,37.0
12893,male,20,172.0,92.0,11,130,37.9
12894,female,32,169.0,62.2,98,127,40.0
12895,female,53,159.6,88.3,42,174,37.1
12896,male,23,179.6,88.7,45,91,39.6
12897,male,59,181.1,72.2,66,71,37.7
12898,male,67,164.8,70.7,47,76,39.6
12899,female,65,162.1,67.7,112,72,40.6
12900,female,35,173.0,85.6,86,73,40.9
12901,female,55,149.5,64.8,74,150,38.9
12902,female,36,166.5,72.7,80,82,39.7
12903,male,66,178.3,68.4,15,167,39.4
12904,female,67,167.9,48.1,52,156,39.4
12905,male,47,183.9,69.1,6,102,38.7
12906,female,30,165.7,73.5,96,98,40.6
12907,female,56,169.0,66.4,86,134,38.5
12908,male,69,176.8,82.6,91,159,39.7
12909,female,29,160.8,80.9,81,79,39.1
12910,female,51,156.7,53.1,112,125,38.5
12911,male,29,172.0,77.5,88,181,38.6
12912,female,61,172.6,53.7,28,177,38.9
12913,male,41,183.5,89.5,81,132,38.8
12914,male,21,182.4,89.6,31,69,40.2
12915,male,53,176.5,88.7,19,151,39.5
12916,male,67,184.5,95.8,89,141,39.3
12917,female,65,161.4,70.6,107,125,37.8
12918,female,31,160.7,72.7,6,173,39.1
12919,female,34,167.1,61.7,14,91,39.2
12920,male,66,184.9,59.7,86,109,40.2
12921,female,20,164.1,80.1,55,122,39.0
12922,female,55,174.5,58.3,105,159,39.3
12923,female,40,164.9,42.9,116,184,38.8
12924,female,30,160.1,61.1,77,83,41.4
12925,male,26,171.3,58.9,80,94,40.9
12926,male,38,172.0,78.5,65,167,37.2
12927,female,58,155.9,53.6,22,183,40.9
12928,male,25,159.6,66.0,113,127,38.6
12929,female,34,170.9,68.1,71,158,38.5
12930,female,33,158.0,70.2,24,69,37.4
12931,female,33,165.2,76.2,39,180,41.1
12932,male,45,189.8,77.0,98,126,40.9
12933,female,68,162.8,66.5,71,139,41.2
12934,male,33,187.5,102.5,19,138,40.5
12935,male,63,169.8,95.1,22,105,37.5
12936,female,69,156.5,62.6,103,182,37.1
12937,male,63,166.3,86.0,64,129,41.1
12938,male,31,171.4,68.0,14,181,39.5
12939,female,63,166.4,75.3,47,143,38.1
12940,male,61,171.2,89.2,108,149,37.4
12941,male,55,173.4,92.2,76,150,37.7
12942,female,37,153.2,85.6,46,160,37.7
12943,female,62,166.5,76.6,32,90,39.9
12944,male,65,173.2,81.8,61,141,38.2
12945,female,58,165.0,76.0,101,133,38.4
12946,female,51,153.3,81.5,85,142,39.7
12947,male,46,177.3,75.7,17,118,40.6
12948,male,20,176.1,66.7,107,119,38.8
12949,female,27,165.8,73.6,23,132,37.2
12950,male,37,169.8,88.7,114,169,39.9
12951,female,19,162.7,54.9,43,168,40.1
12952,female,44,169.8,67.6,57,72,38.5
12953,male,49,180.0,69.8,117,73,37.0
12954,male,27,183.0,79.1,83,159,39.6
12955,female,57,167.7,67.2,63,67,40.5
12956,female,34,159.2,79.5,41,91,38.0
12957,female,50,157.9,68.2,15,73,39.3
12958,female,23,170.1,66.8,101,157,40.1
12959,male,56,166.1,63.2,80,162,39.7
12960,female,64,167.9,71.3,20,93,40.5
12961,male,35,171.4,88.7,5,175,38.8
12962,male,26,168.0,88.3,26,138,40.9
12963,female,25,162.4,73.8,85,141,38.4
12964,male,42,175.7,75.9,62,129,37.7
12965,male,48,186.1,90.2,52,104,40.5
12966,female,59,170.1,53.5,51,142,37.0
12967,male,21,164.9,65.1,58,160,41.3
12968,male,37,176.2,92.8,23,144,37.3
12969,female,45,165.6,70.4,68,120,40.5
12970,female,57,165.0,68.9,70,90,37.5
12971,female,18,160.8,86.8,20,183,38.3
12972,female,57,152.8,67.4,43,97,39.7
12973,female,61,160.0,56.0,25,159,37.6
12974,female,40,160.0,74.9,49,136,37.4
12975,female,64,167.0,74.7,69,89,41.2
12976,male,30,173.0,74.8,27,161,40.2
12977,male,33,176.1,74.0,46,158,37.5
12978,female,43,165.0,58.0,91,65,39.3
12979,male,48,176.3,83.3,14,65,40.8
12980,male,67,168.0,74.3,88,91,37.4
12981,female,18,158.8,73.1,16,132,40.6
12982,male,34,185.7,87.5,99,101,40.8
12983,female,33,160.4,54.2,45,88,38.5
12984,male,54,177.6,85.8,60,108,41.5
12985,female,69,170.0,48.7,82,152,38.8
12986,male,27,163.8,72.3,10,70,41.1
12987,male,55,188.8,68.2,41,103,41.0
12988,male,61,166.6,78.4,112,129,40.2
12989,female,48,155.7,68.9,30,157,37.0
12990,male,27,181.0,77.6,83,152,40.1
12991,male,66,167.8,57.3,68,141,37.4
12992,female,51,168.5,65.0,6,156,37.2
12993,female,68,158.1,80.7,5,79,37.8
12994,male,69,190.1,107.4,91,128,39.3
12995,male,23,176.5,75.2,7,95,39.1
12996,male,45,174.1,76.9,7,150,38.8
12997,male,45,170.9,88.3,33,140,39.4
12998,female,30,173.5,56.1,26,81,38.2
12999,male,58,172.5,65.9,18,90,38.4
13000,male,29,172.8,86.9,61,141,37.9
13001,female,67,169.1,61.2,67,117,39.0
13002,male,57,163.6,82.2,80,105,40.2
13003,male,67,173.1,82.0,84,109,39.3
13004,male,19,179.6,73.9,49,145,40.8
13005,female,25,165.0,61.4,36,90,39.2
13006,female,59,159.0,67.1,8,115,37.9
13007,male,26,180.7,74.9,10,156,39.3
13008,male,67,173.0,90.7,105,102,38.7
13009,female,25,156.9,63.9,42,114,39.2
13010,male,68,156.1,90.3,26,106,37.4
13011,male,20,186.9,95.9,43,106,40.5
13012,female,26,166.5,77.4,24,96,38.6
13013,female,30,170.0,73.8,12,149,37.1
13014,female,26,156.8,57.6,31,175,39.5
13015,male,48,177.8,72.3,28,73,40.1
13016,male,42,184.8,73.7,95,165,37.3
13017,male,69,172.5,84.3,88,144,38.7
13018,male,61,175.1,93.3,110,179,39.2
13019,female,62,158.1,53.9,78,69,39.3
13020,male,25,179.8,80.7,88,102,37.2
13021,male,64,168.7,103.9,79,73,39.8
13022,female,48,169.5,68.4,69,134,37.4
13023,female,62,155.4,67.9,118,143,38.6
13024,male,62,165.2,72.6,93,146,39.3
13025,female,48,161.2,63.3,111,133,40.4
13026,female,34,160.4,71.2,80,105,38.6
13027,male,64,171.4,61.2,14,138,40.7
13028,male,36,163.9,90.0,65,171,40.5
13029,male,20,177.7,82.9,85,144,38.8
13030,male,63,171.1,65.8,74,173,40.9
13031,female,47,161.1,46.7,18,91,41.3
13032,female,27,164.7,86.2,66,177,38.2
13033,male,66,179.4,91.1,86,104,40.7
13034,male,46,175.9,83.3,103,117,38.3
13035,female,57,164.5,52.2,94,87,40.1
13036,male,35,176.9,73.0,75,156,40.0
13037,male,29,182.0,74.5,110,139,40.6
13038,male,66,175.7,67.1,16,68,38.0
13039,male,40,175.8,96.1,76,132,41.2
13040,female,28,161.8,60.9,17,144,38.9
13041,male,26,184.2,75.2,92,184,37.0
13042,female,41,166.1,41.7,60,92,40.5
13043,male,42,171.7,66.5,35,93,41.2
13044,male,42,174.0,78.1,72,173,41.4
13045,female,64,159.9,74.5,18,122,38.6
13046,male,26,165.9,94.2,108,81,37.1
13047,female,29,162.3,61.3,71,134,38.5
13048,male,28,170.5,59.8,41,173,41.0
13049,male,66,189.2,67.9,69,82,40.8
13050,male,55,175.5,86.7,99,77,38.7
13051,male,45,185.1,79.5,97,170,37.7
13052,male,25,168.9,91.9,16,128,39.9
13053,female,27,160.5,65.3,73,124,40.0
13054,female,42,164.2,62.1,17,125,39.8
13055,male,64,177.1,61.0,11,99,37.7
13056,male,53,170.9,50.1,62,153,40.7
13057,female,67,161.6,55.9,59,119,37.2
13058,female,60,157.4,73.7,90,99,41.4
13059,male,26,158.3,81.7,110,106,41.1
13060,male,58,179.4,81.6,54,75,41.5
13061,female,25,165.5,56.8,41,140,39.7
13062,male,20,172.1,74.3,48,181,39.7
13063,female,35,155.8,62.0,15,118,38.7
13064,male,63,189.2,67.6,87,102,37.5
13065,female,52,153.6,38.3,13,96,40.4
13066,female,34,177.5,84.9,15,142,39.2
13067,male,53,170.6,77.0,48,89,38.6
13068,female,45,161.7,72.7,75,161,40.9
13069,male,67,170.2,86.8,36,176,37.0
13070,male,32,161.2,62.2,25,162,39.2
13071,male,36,175.8,103.4,75,171,39.9
13072,male,39,177.3,85.4,97,167,37.0
13073,female,23,149.1,69.0,92,123,40.3
13074,male,64,183.7,90.0,46,164,37.7
13075,male,24,171.5,87.6,28,134,40.8
13076,male,61,169.9,82.8,108,121,40.4
13077,male,65,179.2,57.3,31,105,37.6
13078,female,26,158.7,60.8,49,68,39.6
13079,male,37,182.3,97.5,10,71,40.4
13080,female,54,160.8,67.3,11,163,37.1
13081,female,28,176.7,61.3,95,83,39.5
13082,female,19,156.6,73.1,14,95,37.2
13083,male,39,180.1,83.5,109,84,39.8
13084,male,65,168.5,82.0,7,85,41.0
13085,male,53,165.0,86.7,26,89,38.8
13086,male,22,163.5,85.0,79,76,39.0
13087,female,24,154.0,75.8,35,162,41.4
13088,female,23,155.4,68.4,46,81,39.1
13089,male,39,170.2,88.5,50,171,38.3
13090,male,27,173.9,92.7,8,160,41.5
13091,male,63,183.6,88.5,70,65,40.1
13092,male,57,181.2,55.0,89,143,39.6
13093,male,63,178.5,78.6,51,129,40.0
13094,male,63,180.1,72.6,56,127,40.6
13095,male,37,176.4,83.9,40,89,37.2
13096,female,45,162.8,47.5,92,135,37.9
13097,female,40,170.1,51.2,7,98,37.2
13098,female,52,174.5,65.2,59,108,38.4
13099,female,18,154.2,57.1,50,134,40.4
13100,male,46,177.9,99.8,99,166,38.8
13101,male,26,168.0,62.6,78,164,40.1
13102,male,26,179.2,83.9,78,65,38.4
13103,male,39,177.0,74.5,105,143,41.4
13104,male,19,179.9,83.0,15,141,37.4
13105,female,33,176.7,54.9,81,85,39.6
13106,male,57,181.5,64.7,88,141,39.7
13107,female,23,165.9,67.8,114,104,40.3
13108,male,30,180.8,69.8,63,81,37.1
13109,female,50,165.4,78.7,67,81,38.2
13110,male,36,171.9,73.7,103,140,39.0
13111,female,32,166.4,75.0,31,98,39.4
13112,male,50,172.3,82.7,67,103,37.3
13113,male,27,192.6,69.5,71,168,40.7
13114,male,18,179.5,76.2,91,139,37.6
13115,male,29,175.2,51.6,89,78,39.6
13116,female,60,155.2,62.3,35,143,38.5
13117,male,46,171.2,80.2,113,151,39.2
13118,female,34,166.7,74.1,89,68,37.2
13119,male,21,182.2,89.5,112,97,40.8
13120,female,46,166.4,69.5,76,89,38.3
13121,male,24,171.5,51.4,32,173,38.3
13122,male,61,165.2,73.3,26,105,38.9
13123,female,30,163.7,62.1,94,150,38.2
13124,male,22,172.7,80.7,115,96,39.6
13125,male,23,188.3,92.5,114,65,40.9
13126,female,51,162.2,59.9,76,127,39.0
13127,male,24,177.8,102.1,99,152,37.5
13128,female,63,168.3,66.1,7,117,40.9
13129,male,45,172.2,86.2,59,71,39.4
13130,female,63,153.9,57.5,86,107,41.3
13131,female,27,157.5,63.6,80,101,40.9
13132,female,21,169.2,60.6,107,134,40.9
13133,female,20,165.4,51.0,35,79,37.5
13134,male,42,184.0,62.2,66,181,39.4
13135,male,40,181.7,74.3,108,98,40.8
13136,female,44,162.7,68.7,103,127,40.5
13137,male,31,169.1,88.9,49,129,39.4
13138,male,55,174.8,85.4,105,167,41.5
13139,male,49,178.4,79.2,116,179,41.1
13140,female,40,164.2,49.6,88,136,38.9
13141,male,64,173.8,68.8,22,99,38.1
13142,male,57,168.4,73.4,33,140,38.7
13143,female,54,160.6,62.3,86,110,38.3
13144,male,20,170.6,72.1,105,88,39.9
13145,female,52,163.3,66.3,78,65,40.2
13146,female,30,167.9,70.2,73,141,37.6
13147,female,51,154.6,58.1,38,165,38.3
13148,male,41,161.4,93.6,108,143,41.2
13149,male,18,178.8,93.5,101,98,39.9
13150,female,29,171.7,55.7,87,101,40.1
13151,female,25,155.0,58.1,54,77,37.2
13152,female,36,157.1,76.6,51,80,38.9
13153,female,26,166.5,69.0,82,100,41.3
13154,female,45,174.3,52.2,68,134,40.5
13155,female,31,165.0,60.9,94,181,40.5
13156,male,44,169.9,90.0,74,178,41.0
13157,female,35,155.4,94.3,43,162,37.9
13158,female,59,163.9,65.1,90,140,41.4
13159,female,58,165.5,69.5,8,118,39.0
13160,male,23,174.5,61.4,102,179,40.8
13161,male,50,180.8,78.9,52,108,38.4
13162,male,54,175.7,51.3,68,102,39.9
13163,male,59,176.6,80.1,72,111,37.3
13164,female,42,166.7,71.2,61,113,41.3
13165,male,30,166.6,80.0,6,100,37.5
13166,female,40,171.4,65.7,91,128,40.1
13167,female,53,158.2,77.9,88,127,37.0
13168,female,50,172.4,57.0,31,171,39.3
13169,female,38,167.3,56.3,17,88,38.5
13170,female,51,153.0,65.0,103,132,38.0
13171,female,53,164.7,61.3,109,153,40.2
13172,male,34,180.7,70.8,23,179,39.0
13173,male,27,172.0,81.5,25,169,38.4
13174,male,40,177.8,80.8,77,75,39.0
13175,male,61,170.9,92.3,15,110,38.4
13176,male,19,171.1,74.4,39,67,38.9
13177,female,52,164.1,65.5,78,71,37.7
13178,male,31,179.1,78.3,45,118,41.2
13179,male,64,178.0,107.3,63,184,38.9
13180,male,62,178.4,71.0,10,75,39.1
13181,female,58,161.4,93.2,107,129,40.3
13182,female,19,166.0,61.5,25,105,37.6
13183,female,36,159.0,64.9,18,119,37.9
13184,male,33,182.9,96.5,47,169,37.7
13185,male,60,168.7,77.4,54,123,39.2
13186,male,61,179.3,94.2,43,177,39.6
13187,male,42,182.0,83.9,107,90,40.2
13188,male,18,171.2,88.4,49,118,41.2
13189,female,19,163.5,63.1,116,78,37.4
13190,male,65,179.3,81.9,80,111,40.0
13191,female,44,153.0,74.4,102,170,40.4
13192,male,19,166.3,97.7,43,80,40.0
13193,female,47,171.2,52.6,55,76,40.8
13194,female,68,162.0,71.6,66,180,39.3
13195,female,27,163.4,83.3,14,157,40.7
13196,female,36,156.2,62.5,78,123,37.3
13197,male,59,177.7,72.1,42,96,39.9
13198,male,33,181.5,94.6,93,74,41.2
13199,male,30,172.7,79.1,16,157,39.0
13200,female,65,151.4,76.9,69,166,37.5
13201,male,67,176.9,81.4,94,147,38.6
13202,male,25,175.0,71.5,40,119,40.8
13203,male,67,183.0,83.7,17,137,37.6
13204,male,48,154.0,91.6,23,179,39.4
13205,female,62,168.9,78.9,105,153,40.9
13206,female,42,159.0,58.5,60,83,40.5
13207,male,56,175.4,77.6,35,103,39.3
13208,male,38,181.0,60.1,97,73,39.8
13209,male,67,177.1,79.4,31,81,38.3
13210,female,55,170.4,61.5,87,155,41.2
13211,female,58,168.6,70.8,57,178,37.1
13212,female,46,168.1,53.8,16,72,38.6
13213,male,23,187.3,78.9,64,151,38.8
13214,female,35,163.2,52.2,92,119,40.5
13215,female,66,163.4,57.2,107,183,39.1
13216,female,61,168.7,67.9,25,141,40.9
13217,female,52,161.8,59.9,28,105,38.3
13218,female,44,166.4,77.8,66,72,37.8
13219,male,22,169.0,95.5,26,77,38.1
13220,male,24,189.3,70.2,107,141,37.8
13221,male,27,177.0,75.5,35,119,38.5
13222,male,27,191.1,88.2,87,145,38.1
13223,female,68,158.1,71.8,17,84,39.8
13224,male,45,173.0,78.1,116,133,37.1
13225,male,53,186.1,90.1,102,89,39.3
13226,male,27,177.4,79.9,118,80,38.8
13227,female,67,148.9,62.8,46,107,38.5
13228,male,52,165.4,72.9,38,146,37.3
13229,female,52,161.2,85.1,95,123,40.3
13230,female,54,169.9,53.4,38,137,38.6
13231,female,65,173.3,59.7,107,99,41.2
13232,male,37,171.1,50.6,31,74,41.3
13233,female,30,163.1,58.2,101,163,39.6
13234,male,28,162.7,87.7,72,165,38.6
13235,male,62,173.3,67.2,96,181,38.8
13236,male,36,182.8,66.4,75,83,38.3
13237,female,45,160.2,68.9,94,77,40.1
13238,female,55,160.9,70.1,30,164,39.4
13239,male,62,169.9,89.0,54,153,38.9
13240,female,21,164.1,76.8,25,133,39.4
13241,female,54,141.9,61.1,21,145,37.5
13242,female,36,161.3,60.0,36,98,40.0
13243,male,54,181.1,85.1,31,107,39.3
13244,female,31,153.2,36.7,48,151,39.8
13245,female,48,151.7,67.1,70,131,38.2
13246,male,45,166.1,81.5,112,74,40.3
13247,female,53,171.8,68.8,117,96,39.2
13248,male,61,173.5,93.1,94,161,37.4
13249,female,55,175.1,78.5,96,135,40.0
13250,female,36,166.0,62.9,89,77,37.5
13251,female,59,170.3,73.4,44,102,37.3
13252,female,18,157.5,59.9,116,75,40.4
13253,female,40,173.4,69.7,107,79,39.1
13254,female,45,161.1,49.4,39,151,37.1
13255,male,65,162.9,75.3,94,147,39.3
13256,female,21,166.4,62.9,25,72,41.0
13257,female,58,160.3,64.8,10,113,37.4
13258,female,35,152.4,64.0,36,152,38.6
13259,male,66,174.8,78.7,70,130,40.7
13260,male,64,166.3,64.8,16,166,38.1
13261,male,68,171.9,63.7,86,94,37.5
13262,female,56,171.7,82.8,18,108,39.0
13263,female,42,179.7,90.9,74,118,40.9
13264,male,35,185.0,94.6,6,161,38.5
13265,male,23,172.9,71.0,27,147,40.8
13266,male,36,190.1,75.3,57,95,37.5
13267,female,29,179.0,75.4,20,88,38.8
13268,male,42,181.6,77.8,22,150,39.2
13269,female,52,169.5,74.3,6,103,38.8
13270,female,18,171.3,68.6,70,157,41.0
13271,female,22,163.9,64.9,49,98,38.4
13272,male,18,175.7,81.2,56,125,40.9
13273,female,25,173.6,59.5,113,181,40.8
13274,male,56,172.8,65.0,91,68,40.5
13275,male,64,190.9,73.0,113,114,38.1
13276,male,60,165.2,104.0,106,174,38.6
13277,male,35,177.4,43.6,60,117,39.5
13278,female,63,171.1,49.7,52,145,37.7
13279,female,26,173.3,49.5,70,179,39.0
13280,female,22,178.1,60.2,56,92,37.0
13281,female,21,158.0,80.2,14,102,38.0
13282,male,61,173.2,93.3,20,68,40.9
13283,male,46,169.8,75.1,56,80,37.0
13284,male,18,177.5,68.9,111,106,38.7
13285,male,47,188.7,62.6,118,107,41.2
13286,female,62,162.7,61.5,112,172,40.6
13287,male,18,190.3,105.5,26,128,37.7
13288,female,20,159.4,65.1,111,164,38.4
13289,male,39,186.0,79.1,67,176,40.3
13290,male,25,177.5,81.6,20,95,39.5
13291,male,35,184.4,74.9,63,143,40.6
13292,male,42,166.9,97.1,115,73,37.7
13293,female,65,163.9,74.3,37,164,38.7
13294,female,69,176.5,74.0,44,132,40.4
13295,female,37,159.8,63.2,92,147,38.9
13296,female,48,161.8,63.4,29,98,40.0
13297,male,47,155.0,66.2,45,152,37.9
13298,male,33,171.5,71.9,15,75,39.9
13299,female,19,159.6,51.2,43,99,37.8
13300,female,34,163.5,73.3,16,92,40.4
13301,male,27,173.5,86.8,107,156,39.4
13302,male,24,170.0,81.3,10,75,38.9
13303,female,59,158.4,69.4,114,102,37.3
13304,female,68,167.3,61.6,8,162,40.0
13305,female,69,167.5,66.9,58,79,37.9
13306,male,26,192.6,89.4,81,125,37.5
13307,female,34,171.8,76.7,52,72,37.7
13308,female,26,156.7,69.9,70,169,37.8
13309,female,26,157.8,75.5,79,165,40.1
13310,female,54,158.1,68.9,95,169,39.2
13311,female,41,161.9,64.4,37,129,39.1
13312,male,56,174.4,84.6,114,88,39.1
13313,female,28,161.8,68.4,60,114,38.9
13314,male,25,175.8,84.2,51,74,39.3
13315,female,42,168.5,50.9,45,168,37.7
13316,female,63,156.4,59.8,92,81,38.3
13317,female,19,156.0,59.7,90,142,37.5
13318,male,27,190.7,92.7,27,65,40.8
13319,male,41,173.9,69.1,40,75,41.5
13320,male,65,197.5,47.1,69,105,40.2
13321,female,33,169.1,63.4,92,170,37.2
13322,female,36,168.6,61.8,81,67,39.1
13323,male,48,170.1,98.0,22,81,37.0
13324,male,28,188.0,83.6,11,128,38.2
13325,female,23,175.0,63.1,44,139,37.4
13326,male,23,186.8,82.4,72,152,38.9
13327,female,49,172.8,48.4,88,164,38.9
13328,male,56,165.0,100.2,114,97,37.8
13329,male,65,178.7,73.4,78,96,40.7
13330,male,30,161.4,85.6,75,89,40.5
13331,female,20,159.4,66.4,43,178,40.7
13332,female,58,165.9,54.1,114,155,39.5
13333,male,52,194.0,65.2,47,111,37.0
13334,female,55,159.8,75.8,29,107,41.2
13335,female,34,171.4,62.7,87,145,41.1
13336,female,20,167.7,58.6,48,145,39.4
13337,female,51,146.5,78.4,108,178,41.1
13338,male,29,175.7,80.3,88,174,38.2
13339,female,41,178.1,60.0,97,121,39.3
13340,female,23,171.3,56.3,73,104,40.1
13341,male,59,165.5,80.5,98,132,39.3
13342,female,28,152.6,69.3,32,146,40.8
13343,female,65,154.3,72.7,43,139,39.4
13344,female,44,166.6,65.0,56,105,37.8
13345,male,65,166.6,75.6,117,104,40.7
13346,male,41,177.3,89.0,113,140,40.2
13347,female,35,152.0,50.8,108,171,39.3
13348,female,44,160.9,65.8,96,101,39.2
13349,male,58,170.5,57.3,64,138,40.1
13350,male,38,179.8,98.3,30,79,40.0
13351,male,68,173.5,90.7,5,122,38.2
13352,female,51,159.2,60.9,15,122,40.4
13353,female,50,156.9,83.5,5,75,40.8
13354,male,65,177.8,87.7,49,162,38.1
13355,female,35,159.4,60.2,18,170,39.0
13356,female,20,160.4,73.6,89,163,38.4
13357,female,41,166.6,58.7,69,72,37.8
13358,female,18,174.5,66.1,18,95,37.4
13359,female,23,177.8,59.7,14,172,40.7
13360,female,36,166.2,61.1,60,79,38.0
13361,female,39,162.4,52.1,94,157,39.8
13362,male,68,177.6,96.1,103,143,39.0
13363,male,60,163.0,98.1,88,184,39.3
13364,male,25,176.4,76.1,7,128,39.4
13365,male,22,161.5,76.0,93,95,39.8
13366,male,69,175.8,56.3,54,71,40.6
13367,male,26,169.8,88.2,28,158,37.8
13368,male,64,168.1,61.9,55,153,38.4
13369,male,38,181.7,62.6,74,183,37.5
13370,male,45,173.1,76.4,64,143,40.1
13371,female,63,145.4,56.0,70,141,38.4
13372,female,21,162.1,78.2,98,138,40.6
13373,male,41,185.2,80.6,8,83,40.3
13374,female,25,157.7,49.3,102,113,37.2
13375,female,69,159.8,78.0,88,79,37.5
13376,male,34,175.1,82.3,103,67,39.7
13377,male,51,172.0,93.8,118,82,40.2
13378,male,37,165.8,81.5,118,86,38.7
13379,female,33,164.2,62.7,22,165,37.9
13380,female,27,157.1,78.6,105,160,37.7
13381,male,51,179.1,86.6,73,159,38.1
13382,female,60,163.2,57.7,19,138,37.7
13383,female,27,148.1,72.9,108,169,38.4
13384,female,47,166.8,81.8,38,109,39.2
13385,male,47,169.2,69.9,44,184,40.1
13386,female,68,169.9,60.8,42,85,40.9
13387,female,42,167.3,66.7,23,98,40.3
13388,female,63,173.3,55.6,111,157,39.9
13389,female,60,164.3,62.4,68,138,40.5
13390,female,58,168.7,80.8,89,92,41.1
13391,female,24,163.3,54.7,72,118,38.0
13392,female,64,158.9,62.6,25,74,39.8
13393,male,37,183.6,90.9,35,96,37.2
13394,male,34,164.9,75.5,58,142,41.5
13395,female,20,162.7,56.4,94,96,40.9
13396,male,64,173.7,69.1,78,181,38.7
13397,female,63,168.9,62.1,12,116,39.8
13398,female,57,156.4,68.0,86,184,39.5
13399,female,53,160.1,53.2,22,94,40.8
13400,male,43,176.8,79.3,62,120,39.2
13401,female,27,173.4,67.6,81,136,37.6
13402,female,51,159.3,75.7,70,165,39.2
13403,male,31,160.4,90.0,14,182,37.5
13404,male,25,169.2,70.8,53,83,40.6
13405,female,44,156.1,55.5,117,86,37.7
13406,male,27,176.6,85.7,49,179,38.7
13407,male,67,176.4,93.1,68,152,37.5
13408,female,32,163.3,48.8,108,92,38.7
13409,female,54,175.2,66.8,18,105,41.3
13410,female,39,151.3,61.8,71,107,41.2
13411,male,62,175.3,66.0,48,133,39.5
13412,male,67,182.5,93.9,69,137,39.9
13413,male,48,167.1,69.8,83,136,38.6
13414,female,19,165.7,59.5,49,123,37.9
13415,male,62,178.4,82.6,102,120,38.3
13416,male,48,170.6,88.9,40,171,37.4
13417,female,31,178.0,73.3,43,146,39.0
13418,female,27,158.5,54.4,78,104,37.4
13419,female,47,161.4,55.9,61,181,38.7
13420,male,53,173.9,82.9,81,141,40.8
13421,female,64,158.8,55.4,35,171,38.8
13422,male,57,181.3,92.3,29,134,39.0
13423,male,32,175.5,76.5,25,80,39.4
13424,female,31,161.2,62.1,114,82,38.4
13425,female,48,163.4,67.6,12,106,37.4
13426,female,46,160.2,41.8,12,145,40.4
13427,female,44,146.9,65.8,22,66,38.1
13428,female,38,161.9,79.8,116,146,37.7
13429,male,26,173.0,84.1,21,128,37.4
13430,male,37,176.3,71.6,43,184,40.1
13431,male,52,184.1,44.8,78,75,37.1
13432,female,32,169.5,80.7,16,119,39.7
13433,male,41,175.3,64.5,58,66,38.6
13434,female,66,172.1,54.8,73,66,39.3
13435,female,33,156.4,77.0,24,121,41.1
13436,male,53,179.7,74.4,46,82,37.0
13437,male,28,170.4,52.6,100,169,39.9
13438,female,25,167.9,65.3,41,150,41.0
13439,male,20,196.0,73.1,102,80,38.1
13440,female,36,158.9,37.0,105,91,37.5
13441,male,63,169.5,78.9,31,81,38.8
13442,male,58,180.7,60.2,75,170,41.3
13443,male,20,174.6,88.3,20,118,39.6
13444,male,53,166.3,73.2,19,81,41.3
13445,male,42,178.9,107.5,65,70,38.2
13446,female,53,163.2,69.2,64,161,40.2
13447,male,28,187.6,75.3,5,77,38.2
13448,male,68,179.0,63.7,22,70,39.3
13449,male,33,172.8,60.6,87,154,41.1
13450,female,34,167.2,64.8,93,147,37.4
13451,female,59,162.3,62.4,60,166,38.3
13452,female,41,175.3,58.0,69,83,38.6
13453,female,34,159.9,55.3,100,172,37.3
13454,female,65,150.9,53.0,100,125,38.1
13455,male,37,178.9,83.5,45,154,37.3
13456,male,39,167.5,85.8,110,150,38.3
13457,male,23,173.8,81.0,14,75,37.1
13458,female,24,160.6,60.0,115,150,37.2
13459,female,31,165.4,57.5,107,160,38.1
13460,male,28,185.3,102.4,61,71,38.7
13461,female,29,161.4,82.9,35,150,38.8
13462,female,63,156.7,95.4,25,70,38.6
13463,female,22,164.8,61.3,5,79,39.3
13464,male,22,181.0,72.9,107,102,41.1
13465,male,37,168.6,90.7,92,105,39.1
13466,female,32,168.1,66.5,37,183,37.4
13467,female,43,164.4,58.5,94,120,40.1
13468,female,50,167.8,69.9,105,82,41.3
13469,female,47,161.3,72.7,91,99,37.9
13470,male,41,169.0,80.6,23,162,37.9
13471,female,40,158.1,62.9,22,109,38.1
13472,male,26,169.7,62.9,50,93,37.2
13473,male,20,174.0,98.4,101,171,40.6
13474,male,53,171.4,79.1,15,133,38.7
13475,female,65,151.7,60.4,79,152,40.5
13476,male,24,169.1,68.8,100,96,39.8
13477,male,39,164.6,68.7,103,158,37.5
13478,female,31,169.4,73.2,60,69,39.5
13479,female,65,168.5,64.7,33,108,40.2
13480,female,46,163.0,83.1,7,162,37.2
13481,male,67,169.3,62.6,23,114,38.9
13482,female,33,183.5,43.5,72,170,40.6
13483,male,65,187.3,67.8,103,146,41.4
13484,male,51,183.5,77.0,39,164,40.1
13485,female,27,173.0,44.6,49,85,38.4
13486,male,24,166.1,92.8,15,86,38.3
13487,male,42,189.0,59.5,87,125,39.6
13488,male,44,174.4,67.9,114,103,41.2
13489,male,32,171.6,82.9,54,184,38.0
13490,female,49,171.5,68.0,56,149,38.0
13491,male,45,174.8,70.1,119,163,39.3
13492,female,26,152.6,54.7,29,69,39.6
13493,male,24,175.3,74.5,88,97,41.2
13494,male,33,168.7,101.0,89,135,38.5
13495,female,43,164.4,52.8,79,172,38.9
13496,male,52,167.9,77.7,20,88,38.6
13497,male,34,170.8,62.1,30,182,40.3
13498,male,40,165.8,67.3,78,176,38.6
13499,male,25,179.6,49.7,75,182,39.0
13500,male,19,168.8,83.3,9,103,38.6
13501,male,48,178.8,88.0,5,136,37.1
13502,female,69,159.6,71.1,34,79,39.4
13503,female,49,172.5,60.2,108,134,38.8
13504,female,46,172.2,53.8,28,69,37.6
13505,male,20,156.3,99.0,113,151,39.7
13506,male,25,184.9,72.0,24,112,40.1
13507,male,19,168.2,94.2,95,84,39.3
13508,female,48,162.3,58.4,106,140,38.1
13509,male,68,179.5,73.7,53,170,39.4
13510,female,66,161.2,56.0,19,172,38.2
13511,male,54,183.4,65.5,93,85,37.7
13512,male,37,175.9,62.2,51,150,37.4
13513,male,46,176.0,75.2,42,153,37.8
13514,female,34,179.9,57.5,75,76,41.2
13515,male,27,175.9,60.3,101,130,38.3
13516,female,58,161.0,68.9,15,94,39.9
13517,male,39,179.7,70.6,49,71,40.4
13518,male,23,158.1,64.3,17,165,39.5
13519,female,60,167.6,91.1,52,122,39.3
13520,male,51,185.7,74.8,59,82,38.6
13521,male,48,184.6,92.7,8,124,37.9
13522,male,29,184.3,85.5,116,82,41.0
13523,male,29,174.3,77.6,117,156,39.7
13524,female,33,165.9,55.2,34,112,37.6
13525,female,42,153.5,57.4,52,98,40.4
13526,male,39,189.0,79.8,103,136,37.4
13527,male,44,171.1,86.1,89,147,39.3
13528,female,41,161.8,61.2,71,70,37.3
13529,male,29,177.0,66.9,74,183,39.1
13530,female,35,164.7,52.4,60,182,39.4
13531,male,62,161.0,80.8,107,109,39.3
13532,female,64,169.9,57.9,107,124,39.0
13533,female,33,154.0,26.8,49,135,38.1
13534,female,21,163.8,60.4,7,148,37.4
13535,female,29,154.1,54.6,20,88,39.8
13536,male,66,176.8,66.2,15,157,37.7
13537,male,50,181.1,67.5,56,156,38.7
13538,female,39,156.6,51.0,76,133,40.3
13539,female,35,163.0,62.5,94,81,39.7
13540,female,65,159.0,52.2,55,164,40.9
13541,female,50,173.3,68.2,114,126,40.1
13542,male,44,175.7,83.6,14,97,41.2
13543,female,59,168.6,59.7,101,126,38.0
13544,female,36,168.5,62.8,119,70,37.2
13545,female,65,163.9,67.9,38,166,37.4
13546,female,31,172.1,65.6,97,67,37.9
13547,female,42,160.9,68.9,87,138,37.2
13548,female,51,177.8,72.2,29,118,38.2
13549,female,41,156.4,63.7,26,75,40.8
13550,male,55,165.3,78.9,95,151,38.2
13551,female,40,153.2,49.0,107,110,40.7
13552,female,22,154.5,57.4,110,68,38.4
13553,female,61,151.6,67.2,106,71,39.0
13554,male,53,169.4,74.3,19,90,40.8
13555,male,41,177.9,77.4,57,170,39.2
13556,male,53,159.6,77.4,95,161,37.6
13557,female,22,153.3,63.9,21,169,38.6
13558,female,56,159.7,79.8,5,170,40.7
13559,female,23,168.9,63.2,11,99,37.3
13560,male,62,168.3,104.3,109,92,40.3
13561,female,53,157.4,39.9,45,182,40.3
13562,male,62,192.7,80.6,87,105,39.0
13563,male,21,182.5,84.9,65,114,37.1
13564,male,27,166.3,90.2,57,163,38.1
13565,male,69,189.1,70.9,85,103,38.2
13566,male,18,162.5,86.8,11,144,40.4
13567,female,38,161.0,57.1,114,74,39.4
13568,female,57,164.3,65.4,36,135,38.5
13569,male,56,190.4,62.7,43,71,39.8
13570,female,54,154.4,35.4,93,89,37.5
13571,female,20,176.2,74.4,29,133,41.5
13572,male,64,167.4,75.4,85,154,37.3
13573,male,48,183.0,76.1,15,94,40.7
13574,female,44,155.0,72.0,24,75,39.0
13575,female,34,163.8,63.3,40,135,41.0
13576,female,40,164.0,67.3,65,103,37.9
13577,female,30,174.6,48.7,42,90,39.5
13578,male,64,178.9,81.6,10,121,39.7
13579,female,44,172.1,70.1,109,119,39.1
13580,male,68,183.3,88.0,112,164,38.3
13581,male,37,179.4,113.5,71,86,40.6
13582,female,63,150.5,66.6,109,76,37.9
13583,female,30,166.4,69.3,49,128,38.2
13584,female,61,144.3,80.2,31,150,38.9
13585,male,41,175.5,58.1,71,130,40.7
13586,male,58,173.8,75.9,14,124,37.0
13587,male,20,176.4,90.5,14,126,41.0
13588,male,60,185.1,98.3,59,116,39.4
13589,female,27,161.0,60.7,35,168,37.4
13590,male,18,165.5,68.7,10,126,38.0
13591,male,66,182.9,84.4,28,140,37.3
13592,female,30,163.5,61.8,106,129,39.0
13593,male,31,173.8,89.7,116,79,37.1
13594,male,50,179.1,97.7,83,104,40.0
13595,female,19,170.5,67.2,83,71,37.5
13596,male,19,168.2,78.6,7,119,37.9
13597,male,56,171.9,92.7,38,166,37.1
13598,male,58,181.0,80.8,51,101,38.1
13599,male,48,171.0,83.3,23,174,37.2
13600,female,21,168.2,71.2,34,150,37.4
13601,male,51,185.4,81.9,38,161,41.3
13602,female,36,171.6,46.9,56,97,37.4
13603,male,54,190.8,92.4,66,93,40.5
13604,female,26,163.1,59.7,89,171,39.9
13605,female,41,163.8,59.5,71,83,38.3
13606,female,30,171.2,64.2,101,133,40.9
13607,male,61,174.5,70.1,85,78,39.1
13608,male,47,179.3,68.5,38,175,38.3
13609,male,36,161.3,82.6,108,73,40.6
13610,female,58,163.8,59.8,116,69,40.1
13611,male,27,164.0,74.7,59,99,37.4
13612,male,68,167.3,71.8,102,149,38.5
13613,male,59,180.9,58.9,87,174,40.0
13614,male,61,173.4,82.9,5,171,38.2
13615,female,31,157.0,56.9,75,92,39.8
13616,female,57,160.6,60.6,63,109,38.4
13617,male,65,183.9,90.0,90,66,37.9
13618,male,66,173.1,80.1,37,176,38.6
13619,male,37,159.4,76.0,41,70,38.6
13620,female,21,157.5,55.1,54,95,40.0
13621,male,55,157.6,76.1,74,96,39.7
13622,female,61,168.2,71.8,7,139,39.0
13623,female,67,165.5,77.7,118,123,40.4
13624,male,56,166.9,70.6,39,78,40.9
13625,male,22,170.6,94.0,20,138,37.4
13626,male,59,166.7,81.9,51,167,39.9
13627,female,49,157.0,77.4,94,123,40.2
13628,female,23,174.1,63.9,38,65,39.0
13629,male,31,169.6,91.4,39,119,37.3
13630,female,23,157.5,64.7,68,95,39.0
13631,male,31,172.1,95.4,105,123,40.9
13632,male,29,166.0,88.3,108,72,37.7
13633,female,44,160.6,74.7,45,130,38.6
13634,female,43,164.6,61.7,111,163,40.3
13635,female,29,156.5,53.4,50,159,40.9
13636,female,25,169.1,80.2,9,76,41.1
13637,male,27,178.6,69.8,64,95,40.5
13638,male,33,184.2,91.0,58,163,39.7
13639,male,69,179.3,95.0,54,160,38.6
13640,female,43,158.7,92.4,22,145,39.2
13641,male,25,166.1,64.7,53,121,37.0
13642,female,58,161.9,66.8,45,72,38.6
13643,female,62,170.3,65.7,28,83,40.3
13644,female,46,162.2,81.5,34,117,39.9
13645,male,37,167.1,75.9,19,164,37.0
13646,female,34,163.1,73.6,86,75,39.5
13647,female,36,159.8,68.0,20,172,37.0
13648,female,34,157.9,70.4,22,121,38.6
13649,female,56,154.0,62.2,95,133,41.5
13650,female,18,169.5,66.7,5,123,38.8
13651,female,69,168.1,58.1,15,92,41.0
13652,female,46,161.1,59.9,43,66,37.1
13653,female,31,148.8,69.9,78,75,40.2
13654,female,34,166.3,58.0,13,128,39.1
13655,female,30,156.7,66.3,43,82,39.5
13656,female,46,164.0,61.3,21,111,41.5
13657,female,51,152.2,53.8,103,177,38.4
13658,male,44,180.9,69.1,39,117,40.9
13659,male,63,168.5,73.7,78,69,41.1
13660,female,50,146.1,51.8,37,83,38.3
13661,female,46,174.3,71.1,83,69,37.2
13662,female,54,160.7,53.8,57,104,40.5
13663,male,56,193.0,97.8,68,147,41.2
13664,male,36,191.4,93.6,77,140,39.1
13665,male,63,180.5,97.5,77,164,40.9
13666,female,41,165.5,73.5,31,156,38.0
13667,female,31,155.0,58.9,26,174,40.4
13668,female,64,162.0,55.3,107,112,40.2
13669,female,54,149.6,72.2,46,163,39.4
13670,male,22,180.4,87.9,113,166,38.4
13671,female,41,173.1,69.8,57,87,38.1
13672,male,51,179.7,90.2,100,119,40.2
13673,male,67,176.3,95.1,108,98,39.6
13674,female,48,148.1,59.2,85,151,40.9
13675,male,47,175.2,69.7,69,161,40.7
13676,male,26,185.4,73.4,50,170,37.8
13677,male,44,175.7,96.3,115,122,38.0
13678,male,45,175.7,77.2,18,141,41.2
13679,female,59,148.0,50.9,35,162,38.7
13680,female,43,154.3,52.3,76,157,39.5
13681,male,35,172.4,69.2,17,94,38.9
13682,female,53,169.2,56.6,9,125,39.5
13683,male,25,166.6,63.2,32,146,40.0
13684,female,35,164.1,62.0,8,120,38.6
13685,female,37,155.8,59.1,116,163,38.5
13686,female,49,172.0,67.3,33,69,40.8
13687,female,46,158.0,66.7,110,68,39.8
13688,female,66,166.1,55.1,112,133,40.8
13689,male,65,180.5,79.0,79,103,40.9
13690,female,35,161.8,63.0,36,143,37.7
13691,male,24,172.7,98.3,47,174,40.6
13692,male,18,166.7,84.4,18,137,41.1
13693,female,45,168.2,61.5,67,174,39.0
13694,male,50,163.3,57.4,7,114,39.3
13695,female,67,156.7,72.5,75,136,38.7
13696,male,21,168.1,58.4,96,172,37.7
13697,male,37,171.0,83.8,114,138,39.4
13698,female,69,160.9,67.2,50,86,38.8
13699,female,53,167.3,54.3,101,152,40.7
13700,female,48,171.0,62.1,86,88,39.2
13701,female,55,157.6,65.2,97,137,41.3
13702,male,45,185.1,53.5,89,86,40.3
13703,female,20,160.5,52.9,38,183,38.0
13704,male,23,190.0,88.3,99,98,38.8
13705,male,62,180.5,74.2,48,112,39.8
13706,male,40,175.8,89.5,18,140,37.6
13707,male,24,167.9,68.6,22,145,39.3
13708,male,53,171.5,75.0,49,68,40.9
13709,male,18,179.9,84.7,49,177,37.8
13710,female,23,170.2,64.0,106,121,37.4
13711,male,41,180.3,77.3,94,127,39.2
13712,male,54,169.2,74.2,29,94,41.0
13713,male,62,167.6,79.5,58,164,40.2
13714,female,68,169.3,75.3,6,129,39.6
13715,female,53,166.5,51.7,37,161,37.8
13716,male,41,175.0,56.2,48,155,40.3
13717,female,55,152.6,75.3,90,142,40.0
13718,male,62,175.3,62.9,105,68,41.3
13719,female,46,176.0,64.2,47,99,37.6
13720,male,54,180.4,71.2,63,97,38.5
13721,female,62,168.8,58.0,44,115,39.2
13722,female,49,181.2,62.9,89,184,39.9
13723,female,42,161.7,68.1,60,178,39.1
13724,male,27,172.5,81.0,6,182,38.8
13725,male,52,200.3,85.9,99,76,38.7
13726,male,42,172.9,105.8,10,132,37.4
13727,female,44,172.4,68.2,58,162,38.8
13728,female,62,160.2,81.8,74,142,38.1
13729,male,49,182.8,104.0,97,66,38.3
13730,female,29,152.9,65.3,27,155,37.0
13731,male,21,184.3,85.3,115,184,37.2
13732,male,59,165.4,68.7,62,170,38.3
13733,male,43,168.9,63.3,102,159,37.9
13734,male,20,184.3,70.2,105,97,39.5
13735,female,34,169.9,64.3,11,155,39.3
13736,female,26,156.9,70.5,119,109,40.8
13737,female,46,175.5,56.4,9,120,37.3
13738,male,18,168.5,76.9,51,92,40.1
13739,female,35,166.7,59.4,52,162,41.1
13740,male,58,178.7,93.5,98,94,39.8
13741,male,37,172.4,81.3,7,165,40.8
13742,male,58,178.1,41.7,83,98,39.6
13743,male,51,171.5,69.3,76,65,40.5
13744,male,68,184.8,65.6,35,116,37.3
13745,male,45,195.4,93.9,27,77,37.7
13746,female,65,158.4,58.5,84,146,37.4
13747,female,52,157.8,77.2,83,104,41.1
13748,female,33,159.3,78.2,94,129,39.6
13749,female,38,166.7,71.3,111,73,38.5
13750,male,30,180.2,107.1,53,134,39.4
13751,male,52,178.8,68.7,41,179,37.0
13752,female,59,166.0,62.2,97,136,40.1
13753,female,49,150.9,52.3,116,136,38.2
13754,female,67,153.1,58.6,23,179,38.1
13755,female,55,162.7,62.8,77,152,38.1
13756,female,23,173.1,75.9,36,113,38.4
13757,female,67,171.4,57.0,66,89,40.0
13758,female,55,158.7,55.3,24,179,39.8
13759,female,55,172.9,60.2,112,90,39.7
13760,male,30,174.0,83.3,64,90,38.4
13761,male,63,178.6,68.8,15,167,40.4
13762,male,56,168.2,62.6,38,104,41.4
13763,male,30,179.8,96.3,100,179,39.8
13764,female,64,158.7,61.4,57,98,39.4
13765,male,29,164.6,82.3,53,181,37.8
13766,female,50,154.3,56.3,69,72,37.4
13767,male,45,165.0,86.6,43,174,38.0
13768,female,20,169.5,71.2,100,66,39.2
13769,female,35,170.0,71.8,72,181,38.3
13770,male,43,188.9,77.3,58,146,41.4
13771,male,57,160.7,97.4,72,80,39.8
13772,female,19,171.7,69.6,115,156,38.5
13773,female,21,164.6,54.0,27,136,40.3
13774,female,67,163.2,54.2,67,127,38.0
13775,male,45,171.5,85.0,61,82,41.1
13776,male,45,171.2,78.7,93,103,39.2
13777,female,42,165.0,59.0,40,106,39.3
13778,male,43,165.4,90.3,56,147,38.0
13779,female,62,169.2,64.1,103,96,37.1
13780,male,64,177.7,69.7,23,126,41.5
13781,male,19,167.2,86.3,25,96,40.4
13782,male,59,178.9,77.5,88,170,40.5
13783,male,51,171.8,56.4,83,176,38.5
13784,male,47,178.0,68.5,48,149,39.7
13785,female,38,159.7,58.6,36,157,38.7
13786,female,61,172.5,61.1,37,173,37.1
13787,male,54,185.4,78.8,64,133,40.6
13788,female,61,162.6,60.8,73,148,37.0
13789,female,40,175.2,76.1,115,86,39.4
13790,male,50,167.8,81.4,10,177,39.3
13791,female,19,157.4,61.6,102,91,38.6
13792,male,44,190.1,79.3,5,171,37.1
13793,female,65,163.7,60.2,111,184,39.8
13794,female,39,172.7,63.6,19,65,40.2
13795,female,51,167.3,59.4,107,77,37.0
13796,female,33,174.0,72.4,61,161,38.5
13797,female,37,158.8,58.5,112,167,39.4
13798,female,43,162.2,73.6,5,70,41.4
13799,female,33,162.3,55.7,23,77,39.5
13800,male,23,166.7,64.3,26,182,40.7
13801,male,62,179.0,65.6,30,142,39.0
13802,male,61,169.7,79.6,10,136,37.1
13803,male,40,174.5,72.6,64,131,38.5
13804,female,59,174.7,56.5,59,101,39.0
13805,female,54,167.7,74.8,70,176,39.3
13806,female,25,160.6,57.7,51,140,38.2
13807,male,23,175.9,89.0,50,72,39.0
13808,male,54,168.8,62.2,108,157,38.8
13809,male,69,176.0,97.0,103,84,37.7
13810,female,39,156.6,69.5,54,126,40.2
13811,male,23,168.7,71.1,81,87,38.5
13812,female,49,169.1,66.7,25,132,38.4
13813,male,34,181.3,91.3,109,89,37.3
13814,female,55,163.2,55.3,30,96,41.2
13815,male,34,176.2,74.1,8,177,40.0
13816,female,54,156.8,64.4,103,183,40.3
13817,male,40,178.9,74.8,72,122,40.2
13818,male,66,168.6,69.8,113,89,37.7
13819,female,66,158.2,65.4,57,133,37.6
13820,female,30,155.6,74.6,33,74,41.3
13821,male,49,172.9,71.3,28,128,37.1
13822,female,39,167.3,60.3,65,95,41.0
13823,male,24,181.7,75.5,91,68,41.1
13824,female,39,153.2,73.2,70,121,39.5
13825,male,38,169.4,77.0,60,135,38.7
13826,female,23,165.1,62.2,14,98,39.7
13827,male,31,181.2,85.2,107,169,39.4
13828,male,33,162.1,78.2,73,85,41.4
13829,male,20,172.2,85.3,58,147,38.6
13830,female,26,151.6,78.6,24,71,39.7
13831,male,64,173.7,109.8,71,162,39.4
13832,female,38,158.1,77.0,42,122,37.8
13833,female,67,166.8,72.5,104,97,40.9
13834,female,47,162.2,80.5,104,106,37.9
13835,male,47,171.5,73.9,112,117,39.7
13836,female,59,165.6,70.8,20,149,38.6
13837,female,59,148.4,66.3,58,119,40.8
13838,female,49,172.2,54.3,7,114,40.8
13839,male,40,174.3,66.6,68,102,37.6
13840,female,20,159.5,72.7,97,145,41.3
13841,female,18,166.3,72.6,32,110,37.7
13842,female,20,158.0,64.6,62,145,39.0
13843,female,54,164.5,56.4,34,79,40.1
13844,male,24,180.5,86.1,46,72,38.8
13845,male,20,166.4,107.8,69,113,39.5
13846,female,53,161.5,72.0,79,117,41.5
13847,female,66,155.8,87.4,76,179,38.2
13848,female,20,165.5,64.8,30,101,40.4
13849,female,21,161.1,67.9,59,147,40.0
13850,male,48,185.0,95.7,61,157,41.3
13851,male,19,170.4,82.3,84,102,37.5
13852,male,31,171.1,87.3,95,161,38.2
13853,male,54,178.9,90.2,96,92,40.4
13854,female,48,157.0,76.0,17,168,40.7
13855,female,19,154.6,65.5,45,125,40.2
13856,male,48,154.5,72.3,101,161,37.7
13857,male,64,162.5,91.5,85,71,38.5
13858,female,60,163.0,48.0,101,163,38.0
13859,female,39,166.1,67.9,52,136,40.4
13860,female,27,168.7,73.7,116,71,41.0
13861,female,69,162.9,82.0,89,173,39.8
13862,female,47,154.5,74.2,49,123,37.7
13863,male,50,172.0,74.3,84,85,40.9
13864,male,36,165.7,72.9,11,177,39.0
13865,female,63,167.2,79.7,35,89,37.8
13866,female,42,163.4,55.8,112,131,39.8
13867,male,63,166.4,84.3,94,96,37.4
13868,female,18,161.4,79.4,84,112,39.7
13869,male,49,184.6,94.3,84,119,41.4
13870,male,42,172.1,68.8,90,139,39.7
13871,male,58,170.2,88.4,109,149,40.9
13872,male,34,171.7,72.9,51,160,40.9
13873,female,31,178.7,72.9,21,130,37.8
13874,female,62,166.7,62.2,36,87,40.0
13875,male,30,161.8,92.2,29,109,39.4
13876,female,55,158.5,64.1,92,74,37.2
13877,female,56,159.5,77.1,105,142,37.8
13878,female,19,161.5,70.8,42,119,37.8
13879,female,49,160.2,61.6,61,124,39.8
13880,male,49,170.3,81.7,13,73,37.7
13881,female,57,161.8,70.4,72,147,38.4
13882,male,23,175.5,79.1,115,67,37.5
13883,male,42,174.6,68.2,99,96,37.3
13884,female,20,164.3,87.1,74,118,41.5
13885,male,35,174.7,79.9,97,151,38.8
13886,female,67,160.9,45.9,49,147,39.3
13887,female,55,166.5,73.8,111,140,37.2
13888,male,60,174.4,91.4,69,87,37.7
13889,female,20,160.4,48.1,13,78,39.7
13890,male,65,189.5,80.3,69,100,38.8
13891,male,22,173.1,92.8,70,112,39.8
13892,female,41,174.0,56.9,117,170,38.4
13893,female,51,162.5,53.1,73,131,39.2
13894,female,64,160.7,79.0,34,74,41.1
13895,male,65,171.1,90.5,104,150,39.8
13896,female,56,171.2,57.1,116,132,40.2
13897,male,65,168.4,93.6,15,143,41.2
13898,male,41,177.6,65.5,22,116,40.2
13899,female,53,176.7,70.4,38,163,39.9
13900,female,45,153.6,68.1,52,113,40.8
13901,female,65,165.5,39.4,10,108,40.1
13902,male,66,182.6,65.8,29,69,39.7
13903,female,51,161.2,63.3,29,156,38.1
13904,male,33,183.3,64.3,76,177,37.1
13905,female,53,158.4,52.4,93,168,38.9
13906,female,24,160.1,62.8,23,174,40.7
13907,male,35,192.6,94.5,115,155,39.4
13908,male,23,176.1,81.4,66,79,37.4
13909,female,67,150.5,63.5,114,158,39.0
13910,female,45,154.6,65.9,37,72,39.7
13911,female,56,166.8,68.3,42,119,38.1
13912,female,51,167.4,60.4,58,177,37.4
13913,female,68,152.8,55.0,118,84,39.5
13914,male,58,183.8,79.2,31,141,37.4
13915,male,46,179.5,97.5,98,70,37.1
13916,male,21,167.0,71.2,99,65,40.3
13917,male,31,173.9,90.3,37,110,39.1
13918,female,22,153.3,83.9,94,106,37.2
13919,male,42,176.5,94.8,54,178,39.7
13920,male,56,168.7,81.5,20,146,37.1
13921,male,25,175.6,84.0,55,134,38.5
13922,female,32,160.3,70.8,30,113,37.8
13923,male,36,173.8,65.4,54,164,38.8
13924,female,28,151.1,69.2,112,177,37.1
13925,male,37,172.1,119.2,35,154,41.4
13926,female,53,160.1,54.9,65,98,37.7
13927,male,35,183.1,70.6,99,164,41.3
13928,female,31,168.0,78.5,39,121,39.3
13929,male,55,159.2,80.6,72,81,37.3
13930,female,42,170.5,69.5,105,153,41.0
13931,female,33,166.4,75.7,12,127,38.9
13932,male,35,179.2,102.7,74,184,37.7
13933,female,18,151.3,72.2,84,125,38.2
13934,female,57,171.0,71.4,20,123,38.3
13935,male,18,167.5,78.7,53,156,39.7
13936,male,18,155.8,88.8,112,143,41.4
13937,female,68,157.3,74.2,82,68,37.8
13938,male,38,167.3,94.3,114,155,38.0
13939,male,42,176.4,78.5,10,97,41.4
13940,male,44,173.7,95.1,65,84,38.0
13941,female,27,164.8,66.5,86,85,38.0
13942,female,67,178.1,72.2,58,168,41.5
13943,female,29,159.5,62.8,58,105,39.9
13944,female,45,172.1,57.2,100,138,38.4
13945,female,66,156.8,71.0,111,108,38.1
13946,female,49,152.2,78.5,48,96,39.2
13947,female,50,169.9,68.7,37,128,38.4
13948,male,25,167.4,61.9,36,167,37.0
13949,female,59,171.9,67.8,83,101,37.3
13950,female,43,173.3,45.7,104,125,39.4
13951,male,59,151.7,48.9,30,90,38.2
13952,male,67,165.8,67.6,99,86,41.2
13953,male,58,189.1,72.6,7,104,40.1
13954,female,19,156.8,70.1,108,123,41.4
13955,male,52,178.9,76.1,104,114,40.6
13956,female,51,152.2,76.5,96,141,38.4
13957,female,23,163.0,67.2,98,160,40.4
13958,female,48,171.7,53.8,107,137,39.1
13959,male,40,172.6,72.7,39,165,39.3
13960,male,29,169.2,57.2,30,170,39.4
13961,female,68,170.1,77.7,75,103,40.1
13962,female,45,155.1,72.1,70,80,38.6
13963,female,32,158.3,69.7,33,162,40.5
13964,male,36,172.3,88.1,49,138,37.8
13965,female,29,165.6,73.1,115,152,38.6
13966,male,67,163.6,82.0,25,74,40.0
13967,female,65,176.0,73.1,72,109,40.8
13968,male,19,169.1,74.4,104,154,40.9
13969,female,28,163.4,77.1,18,98,38.5
13970,male,61,172.2,65.4,74,127,38.9
13971,male,54,172.5,121.7,118,165,38.2
13972,male,55,169.7,70.1,87,132,39.8
13973,male,42,166.4,62.4,65,157,38.7
13974,male,60,179.9,93.6,14,150,41.2
13975,male,38,172.3,83.2,11,153,38.6
13976,female,59,152.8,68.2,66,75,40.0
13977,female,53,155.5,59.8,94,174,40.0
13978,female,26,173.9,67.2,49,183,39.2
13979,female,29,162.5,77.5,36,148,37.1
13980,male,27,174.0,93.6,56,152,38.3
13981,female,63,160.9,54.1,84,175,40.2
13982,male,22,171.6,93.7,29,159,38.8
13983,male,50,181.0,79.4,92,89,37.3
13984,male,22,178.0,77.5,45,133,41.0
13985,female,33,162.8,56.3,92,95,39.6
13986,male,54,167.4,105.7,49,172,37.4
13987,female,54,164.5,74.0,6,121,37.2
13988,female,46,166.5,82.2,8,151,37.4
13989,female,35,165.8,66.8,119,184,41.5
13990,female,46,172.8,63.0,94,117,38.3
13991,female,23,178.3,61.3,14,145,40.2
13992,male,35,171.9,80.7,101,130,37.8
13993,male,49,168.4,70.7,104,120,38.2
13994,female,59,168.2,66.4,84,130,37.0
13995,male,64,186.2,63.0,107,155,40.9
13996,female,48,143.9,50.8,25,86,41.5
13997,male,28,174.0,70.7,9,145,38.7
13998,male,43,173.9,83.0,49,117,38.0
13999,male,45,183.8,79.8,52,121,37.7
14000,male,44,190.5,57.6,10,97,38.2
14001,male,36,176.3,107.8,30,69,38.7
14002,male,62,173.7,89.1,23,77,40.3
14003,male,44,166.0,74.1,54,81,40.2
14004,male,37,163.5,85.2,47,107,39.3
14005,male,20,160.8,85.4,83,148,38.8
14006,male,33,168.6,76.0,27,148,39.3
14007,male,56,158.3,84.7,45,156,39.5
14008,male,61,183.6,84.9,87,76,39.8
14009,male,46,178.4,93.1,112,148,39.9
14010,female,32,156.3,75.1,18,135,39.9
14011,male,47,183.9,83.9,117,120,37.9
14012,male,57,166.4,77.5,22,133,39.2
14013,male,66,168.4,74.8,25,93,38.5
14014,male,18,159.5,70.8,93,89,39.7
14015,male,46,181.2,70.4,71,75,39.2
14016,male,47,168.5,74.4,85,105,37.9
14017,female,57,177.2,54.7,19,75,40.1
14018,female,63,162.0,88.7,18,160,37.1
14019,female,49,168.8,68.3,103,102,38.4
14020,male,27,174.8,76.0,40,181,40.5
14021,male,44,178.1,76.5,19,146,40.5
14022,male,68,167.8,79.4,90,126,41.3
14023,female,25,149.2,55.9,117,143,39.6
14024,male,68,173.7,75.5,81,145,39.2
14025,male,53,175.6,86.7,20,88,40.0
14026,female,59,159.3,63.2,21,108,40.8
14027,female,52,163.2,63.9,85,83,39.7
14028,male,53,176.6,68.5,10,101,40.3
14029,male,65,181.1,86.3,41,69,38.4
14030,male,53,177.8,56.9,32,167,38.5
14031,male,42,173.2,67.8,92,68,37.3
14032,female,37,181.9,65.3,76,65,38.2
14033,male,69,177.8,77.3,28,158,39.2
14034,male,62,167.3,81.0,72,81,40.0
14035,female,34,176.6,63.8,100,107,39.5
14036,male,40,176.2,87.6,71,164,40.2
14037,male,42,182.3,82.0,42,114,39.0
14038,female,65,163.7,56.5,62,94,39.3
14039,female,66,159.3,58.1,92,171,39.1
14040,male,48,175.2,66.4,95,128,39.7
14041,female,23,154.1,71.9,27,178,38.5
14042,female,52,160.6,53.9,89,146,39.8
14043,male,69,183.1,94.1,24,100,38.8
14044,female,21,167.4,63.5,71,65,39.7
14045,male,57,167.1,73.7,87,133,38.5
14046,male,37,166.9,92.3,44,184,37.7
14047,male,58,177.5,48.3,104,146,37.9
14048,male,18,182.9,73.0,5,93,37.7
14049,female,62,173.5,65.8,25,145,37.7
14050,male,43,162.4,83.5,54,149,39.8
14051,male,51,166.6,86.7,14,130,41.0
14052,male,27,180.5,86.9,34,100,41.0
14053,male,40,172.2,98.1,33,126,40.3
14054,female,68,160.6,53.5,7,84,39.4
14055,female,66,156.2,77.8,112,147,39.1
14056,female,41,170.9,82.8,16,118,37.6
14057,male,30,171.7,54.5,97,146,37.9
14058,female,46,155.2,79.3,73,171,41.2
14059,female,63,167.9,67.3,88,77,38.4
14060,male,44,181.2,78.2,48,111,39.6
14061,female,48,158.1,68.0,81,139,39.8
14062,male,60,175.0,72.1,7,161,38.0
14063,female,27,163.2,69.8,22,177,40.4
14064,female,48,167.8,80.7,62,92,37.4
14065,female,56,162.5,59.9,76,119,38.2
14066,female,27,170.9,68.9,43,107,39.5
14067,male,41,169.9,80.0,61,170,39.2
14068,male,50,155.0,94.1,19,108,40.3
14069,female,31,158.0,74.9,21,85,41.3
14070,male,52,172.2,88.7,101,158,38.1
14071,female,62,160.6,53.8,20,117,37.2
14072,female,51,153.6,72.6,114,111,38.5
14073,female,34,165.9,61.2,46,160,40.7
14074,female,38,148.9,55.2,104,151,40.3
14075,female,49,159.8,76.9,68,89,39.3
14076,female,20,161.0,61.3,8,160,39.0
14077,male,32,170.3,96.1,26,165,38.7
14078,male,25,183.5,83.4,74,105,38.0
14079,female,49,163.0,57.5,83,95,38.5
14080,male,55,163.7,96.3,73,77,37.9
14081,female,43,155.7,72.6,19,70,37.3
14082,male,47,187.4,48.1,33,65,41.0
14083,male,26,163.6,59.6,119,72,38.1
14084,male,49,193.2,67.4,88,120,37.4
14085,female,28,159.5,63.2,87,126,39.3
14086,male,39,187.6,67.7,71,151,38.1
14087,female,51,176.3,71.0,102,175,38.8
14088,female,58,163.5,60.9,64,133,41.3
14089,female,35,160.8,67.4,36,157,37.8
14090,male,36,186.1,91.4,98,86,38.4
14091,male,35,170.3,60.4,37,128,39.3
14092,male,54,168.1,91.3,103,133,38.9
14093,female,35,153.1,52.1,87,81,37.4
14094,female,29,161.3,61.4,5,82,40.4
14095,male,21,176.9,83.1,84,109,39.1
14096,female,64,162.1,59.7,69,118,38.2
14097,male,60,183.7,86.7,30,103,40.5
14098,male,44,170.4,85.2,47,129,38.7
14099,male,68,161.1,75.6,31,159,38.4
14100,male,22,186.2,94.5,62,152,40.4
14101,female,23,162.2,52.0,58,118,37.5
14102,male,30,175.2,76.0,50,80,41.1
14103,male,40,183.8,74.7,29,133,37.2
14104,male,59,182.0,71.5,23,176,37.6
14105,male,42,168.9,89.8,13,96,38.0
14106,male,63,171.4,82.8,115,90,40.0
14107,male,21,166.1,83.5,34,99,40.1
14108,male,69,163.3,75.7,49,117,41.5
14109,female,49,162.1,69.4,59,181,39.5
14110,female,61,164.2,47.5,15,107,40.7
14111,female,32,155.3,41.9,97,105,39.0
14112,female,43,160.1,79.5,39,88,39.9
14113,male,59,181.2,76.2,21,108,37.3
14114,female,28,155.8,56.2,105,143,40.7
14115,female,26,170.9,62.7,62,87,39.9
14116,female,28,153.3,60.8,32,139,39.8
14117,male,19,182.7,101.3,114,158,38.0
14118,female,62,174.9,59.9,102,109,38.8
14119,female,44,171.4,53.5,6,158,38.0
14120,male,43,179.2,88.3,81,119,40.2
14121,female,25,162.9,83.1,25,134,41.5
14122,male,38,178.0,83.9,46,174,37.9
14123,female,38,165.6,65.8,91,133,37.6
14124,male,25,176.4,87.2,106,179,38.5
14125,female,18,162.1,57.1,71,176,39.3
14126,female,55,170.0,60.9,80,173,40.2
14127,female,30,160.7,68.9,23,128,39.2
14128,male,26,163.4,100.3,9,78,41.4
14129,female,45,161.9,77.3,38,94,40.3
14130,male,23,179.3,80.6,55,68,37.8
14131,male,64,164.0,94.8,46,70,38.3
14132,male,40,168.5,70.6,47,103,40.6
14133,male,65,170.5,77.7,37,82,41.0
14134,female,53,156.0,65.5,101,115,39.4
14135,female,34,150.8,65.6,77,167,39.0
14136,female,26,166.5,56.4,96,170,37.7
14137,male,29,184.0,101.6,71,183,38.1
14138,female,39,153.1,58.1,98,120,40.2
14139,male,68,180.0,89.4,25,153,37.2
14140,male,69,175.4,82.9,23,121,39.7
14141,male,29,182.5,76.7,114,123,38.0
14142,female,23,160.1,68.9,100,125,38.0
14143,female,61,160.0,80.7,115,81,38.9
14144,male,26,184.5,77.2,94,161,39.0
14145,female,69,153.4,69.2,67,102,39.9
14146,female,54,176.3,64.6,71,140,37.7
14147,male,20,171.7,71.8,15,145,38.5
14148,male,51,169.1,85.5,29,153,37.7
14149,female,25,155.2,73.4,67,177,39.4
14150,male,27,175.0,66.0,43,101,37.9
14151,male,64,176.3,69.4,78,81,41.0
14152,female,58,155.9,62.9,64,155,37.3
14153,female,59,161.3,68.3,49,95,39.6
14154,male,60,183.8,75.6,5,78,40.2
14155,female,26,166.8,62.6,51,117,41.0
14156,male,31,189.6,82.2,54,100,38.1
14157,male,54,172.5,60.5,75,150,40.1
14158,female,44,164.4,65.2,21,184,40.2
14159,male,58,155.0,60.1,101,69,39.6
14160,male,49,165.6,77.8,115,104,40.8
14161,male,21,172.7,64.1,98,134,39.1
14162,female,19,154.8,72.5,35,168,40.2
14163,female,68,165.7,72.6,31,133,37.8
14164,female,50,164.4,82.2,106,152,41.4
14165,male,38,167.1,63.6,35,86,39.8
14166,male,18,174.9,76.2,116,78,40.3
14167,female,61,162.3,44.6,94,89,38.4
14168,female,28,159.1,69.9,22,148,38.9
14169,female,18,173.4,63.3,112,129,37.8
14170,male,63,172.3,79.4,77,113,41.3
14171,female,28,166.6,67.7,96,99,41.1
14172,male,24,174.5,82.6,91,165,37.7
14173,female,19,161.7,83.5,75,116,38.1
14174,male,32,178.8,80.6,52,156,39.4
14175,male,25,180.6,87.7,30,93,37.5
14176,female,69,166.3,63.7,89,122,39.6
14177,male,64,176.2,77.6,116,168,38.2
14178,female,43,163.9,53.0,100,136,39.9
14179,male,57,186.7,77.1,33,146,37.4
14180,male,59,176.4,72.3,103,95,37.7
14181,female,68,166.5,59.9,60,85,39.4
14182,male,52,181.8,62.5,95,70,40.1
14183,female,69,157.4,62.3,115,73,39.6
14184,female,63,154.7,71.1,62,94,38.4
14185,female,58,157.3,71.3,72,172,39.6
14186,male,58,172.3,64.7,35,82,38.2
14187,male,38,184.8,80.0,79,94,41.3
14188,male,55,176.6,80.9,102,148,37.7
14189,female,25,160.4,64.8,113,124,39.7
14190,female,60,156.8,69.7,50,119,39.1
14191,male,49,177.7,64.3,17,74,38.6
14192,male,25,185.4,85.7,69,184,39.2
14193,female,61,157.5,68.2,88,77,37.5
14194,male,27,175.9,73.7,38,105,38.9
14195,female,40,142.0,57.5,35,66,41.0
14196,male,21,168.9,87.4,46,183,37.7
14197,female,65,169.6,60.6,65,69,39.5
14198,male,69,166.5,76.4,95,97,40.5
14199,male,55,185.6,80.3,95,129,40.7
14200,female,47,173.5,75.6,94,184,37.8
14201,female,58,160.7,57.1,66,101,40.3
14202,female,40,170.8,53.5,19,125,40.4
14203,male,22,175.2,73.9,31,122,39.5
14204,female,38,160.0,78.3,46,76,38.9
14205,female,23,157.7,86.5,68,105,37.3
14206,male,66,173.4,77.4,43,92,37.0
14207,female,34,165.3,42.3,5,146,39.6
14208,female,42,174.1,50.1,95,100,38.6
14209,female,41,168.1,47.2,77,158,38.3
14210,male,39,175.1,89.3,98,106,37.5
14211,male,30,169.2,71.4,80,118,41.2
14212,male,34,182.2,77.2,13,118,37.8
14213,female,31,169.3,76.3,72,102,40.0
14214,male,51,172.4,70.7,35,149,37.2
14215,female,43,161.1,73.4,53,167,40.0
14216,female,36,166.3,72.4,44,135,39.9
14217,female,43,169.0,50.3,7,133,41.1
14218,male,20,168.2,80.5,21,122,39.7
14219,male,19,182.9,67.7,119,163,37.1
14220,female,45,169.3,59.5,38,143,41.3
14221,female,19,166.6,76.1,46,73,37.4
14222,male,39,178.4,84.7,36,112,38.1
14223,male,24,177.5,73.8,43,183,40.3
14224,male,21,167.9,75.3,112,82,40.2
14225,female,66,163.1,72.6,58,179,40.2
14226,male,55,179.3,86.0,109,76,38.9
14227,male,56,176.4,98.7,47,91,38.7
14228,male,37,171.5,81.3,113,142,39.6
14229,female,23,171.9,76.9,70,141,38.2
14230,male,26,173.4,62.7,15,158,37.9
14231,female,69,161.3,47.3,12,100,37.7
14232,female,48,167.8,56.9,39,181,38.7
14233,female,43,170.0,58.6,105,113,41.0
14234,male,53,182.0,80.7,31,180,41.2
14235,male,43,172.0,89.2,97,169,41.0
14236,male,45,183.5,75.1,77,73,37.9
14237,female,22,156.9,51.4,77,98,39.7
14238,male,68,172.5,64.3,21,140,39.9
14239,female,27,166.8,44.3,6,114,39.1
14240,male,35,156.9,75.9,26,153,39.6
14241,male,32,164.9,92.9,65,114,37.6
14242,male,50,175.7,73.9,85,86,41.0
14243,male,22,166.9,83.1,6,69,37.6
14244,female,54,155.7,55.8,92,79,40.8
14245,female,57,149.5,62.8,106,171,37.2
14246,female,39,168.0,63.6,94,175,38.8
14247,female,39,160.3,49.5,21,82,37.9
14248,male,39,167.0,78.1,71,183,37.7
14249,female,69,166.9,66.0,26,141,40.0
14250,female,32,149.2,69.7,37,79,41.0
14251,female,34,157.0,44.6,59,153,40.6
14252,male,68,180.4,62.5,74,162,38.3
14253,female,62,164.8,44.5,58,130,39.7
14254,female,45,174.0,59.9,46,85,38.3
14255,male,39,160.4,81.5,44,151,37.4
14256,male,38,188.7,86.2,80,145,37.5
14257,female,59,175.5,74.7,21,125,37.8
14258,female,34,167.4,54.8,37,68,40.0
14259,male,22,180.2,76.3,43,169,37.6
14260,female,35,164.1,71.6,111,112,39.6
14261,male,34,178.6,91.5,116,65,37.0
14262,female,21,173.1,72.7,117,71,40.3
14263,female,24,162.0,66.4,29,125,38.2
14264,female,42,164.7,62.3,62,117,39.6
14265,female,54,146.1,66.4,100,159,38.6
14266,female,57,175.2,49.2,82,99,39.4
14267,male,57,174.2,80.2,100,85,37.9
14268,male,60,182.0,75.5,50,124,39.8
14269,female,26,169.4,65.3,100,140,41.0
14270,female,36,154.7,60.9,10,69,39.6
14271,female,68,159.1,67.9,98,67,39.0
14272,male,26,176.4,78.3,38,123,39.1
14273,male,40,178.6,86.8,16,140,38.8
14274,male,48,177.6,80.5,52,74,38.1
14275,male,49,184.8,95.4,54,110,38.7
14276,male,69,171.6,85.0,106,114,38.9
14277,male,48,181.5,62.9,114,126,40.1
14278,male,34,165.2,62.4,25,123,38.4
14279,male,65,172.7,77.4,50,158,38.7
14280,female,56,163.4,60.6,43,81,39.8
14281,male,39,175.7,95.7,63,120,40.6
14282,male,52,172.5,72.0,13,108,40.8
14283,male,47,184.1,53.5,81,171,39.7
14284,male,68,168.0,85.2,108,83,39.1
14285,female,57,169.3,58.4,119,82,40.0
14286,male,54,164.1,81.7,81,90,37.1
14287,female,43,158.8,72.1,105,92,39.5
14288,female,23,165.6,68.2,114,113,38.4
14289,female,51,164.7,86.7,23,96,39.3
14290,male,49,172.6,83.7,11,183,38.3
14291,male,42,181.6,83.3,101,167,37.8
14292,male,68,173.2,86.6,117,84,38.1
14293,female,30,148.8,59.9,79,149,40.3
14294,female,55,171.3,56.7,78,110,38.7
14295,female,55,162.1,73.2,82,172,40.3
14296,female,19,165.9,59.4,79,122,40.4
14297,male,22,200.1,84.0,57,80,37.1
14298,male,28,166.4,93.5,25,140,41.2
14299,male,28,174.6,84.1,59,65,37.5
14300,female,41,161.7,74.8,115,110,39.1
14301,female,31,165.0,62.6,45,96,41.3
14302,male,62,161.1,85.4,43,78,37.7
14303,male,47,179.0,85.7,107,78,37.9
14304,female,57,173.4,61.1,79,147,38.1
14305,male,64,186.5,68.3,31,129,40.7
14306,male,61,163.4,90.6,45,89,40.8
14307,female,52,160.8,67.9,65,106,41.1
14308,female,38,170.6,51.8,28,177,39.3
14309,female,22,171.6,58.6,69,173,41.1
14310,male,55,168.3,64.2,64,183,38.2
14311,female,19,165.5,73.7,82,77,39.7
14312,male,57,186.7,79.4,105,117,38.9
14313,male,54,174.7,80.4,95,132,38.3
14314,female,66,157.6,56.7,54,124,40.4
14315,male,51,172.0,67.3,62,148,40.3
14316,female,28,167.0,69.9,14,132,40.4
14317,female,53,171.4,79.1,100,105,39.7
14318,male,28,168.7,71.5,119,70,38.5
14319,male,26,160.4,96.8,15,176,40.0
14320,female,23,177.4,66.3,98,90,37.9
14321,female,51,171.0,60.3,118,170,38.1
14322,female,64,157.3,52.8,62,155,41.3
14323,female,54,169.1,75.6,83,86,39.4
14324,female,49,159.7,66.5,40,93,40.2
14325,female,29,151.1,59.5,69,177,39.0
14326,male,62,182.9,71.5,90,167,37.0
14327,male,49,172.4,89.5,78,104,39.3
14328,male,34,167.7,61.0,34,130,39.4
14329,male,21,180.7,77.6,112,100,37.4
14330,female,59,171.8,46.6,92,181,38.0
14331,male,50,181.7,91.0,11,151,37.6
14332,male,60,177.8,84.1,101,83,41.0
14333,female,65,171.1,78.8,16,80,37.1
14334,male,60,183.6,67.5,41,152,40.4
14335,female,26,169.9,62.1,82,98,38.9
14336,female,51,155.2,64.3,85,127,37.0
14337,female,56,156.6,73.7,13,89,39.0
14338,female,68,167.9,69.3,51,139,41.4
14339,female,47,169.5,70.2,110,133,39.0
14340,male,67,178.2,73.1,92,148,38.2
14341,male,37,181.8,87.9,78,78,41.1
14342,male,56,168.3,74.3,94,85,37.4
14343,female,40,160.8,64.1,8,154,40.4
14344,male,58,163.7,61.4,72,108,38.1
14345,male,61,188.7,71.3,95,116,40.2
14346,male,52,158.9,78.7,83,166,37.6
14347,male,40,172.2,82.1,83,143,37.2
14348,female,65,164.1,54.2,61,170,40.1
14349,male,56,180.4,82.3,80,149,38.7
14350,female,40,168.5,66.8,35,144,41.5
14351,female,54,173.3,85.4,117,139,39.5
14352,male,40,198.7,82.1,46,112,37.2
14353,female,56,157.0,67.9,66,180,37.6
14354,female,45,176.8,63.4,16,142,41.0
14355,female,36,163.8,71.6,103,149,37.3
14356,female,66,151.1,43.2,14,126,39.4
14357,female,65,176.0,50.9,57,144,37.1
14358,female,47,170.9,71.7,24,66,40.2
14359,female,38,174.2,65.3,117,106,37.6
14360,male,41,165.1,92.1,63,130,37.8
14361,male,38,165.9,85.4,27,92,38.3
14362,female,43,155.7,61.1,92,69,37.0
14363,female,68,157.4,60.1,84,72,39.4
14364,male,67,183.1,93.4,71,137,41.4
14365,male,68,167.8,52.1,11,145,40.1
14366,male,53,169.2,93.3,52,147,41.3
14367,male,43,179.7,90.8,71,176,37.6
14368,female,50,154.7,66.1,30,106,38.1
14369,female,53,156.9,50.2,19,90,38.6
14370,male,21,178.8,99.5,70,159,40.3
14371,male,26,176.0,64.3,59,184,41.5
14372,male,25,179.6,77.8,16,162,40.9
14373,male,19,172.9,87.8,58,157,39.6
14374,female,46,153.8,57.2,99,138,39.6
14375,male,40,160.8,80.6,10,168,40.5
14376,male,23,182.1,101.8,100,122,37.8
14377,male,60,176.7,66.7,75,75,40.7
14378,female,53,156.8,74.1,51,161,40.3
14379,female,63,156.0,91.7,36,159,37.3
14380,female,38,158.0,70.8,29,86,37.2
14381,male,39,168.2,72.0,118,118,37.7
14382,male,26,187.0,83.8,63,157,39.9
14383,male,51,179.9,91.5,83,105,41.3
14384,female,43,148.1,60.9,67,149,37.5
14385,female,18,147.5,64.6,23,104,39.7
14386,male,53,178.2,96.8,107,76,39.7
14387,male,61,167.6,77.8,41,80,37.8
14388,female,22,173.7,70.2,88,107,38.2
14389,male,58,170.4,93.5,88,90,39.4
14390,male,39,193.1,68.8,52,183,38.5
14391,male,21,186.8,66.4,18,158,37.7
14392,female,65,167.5,67.8,30,151,38.9
14393,male,19,163.1,87.0,57,161,37.4
14394,male,33,181.9,64.1,74,152,39.6
14395,male,33,176.5,67.3,11,70,37.6
14396,male,39,184.8,77.6,14,174,40.3
14397,female,60,172.1,58.8,94,162,39.5
14398,female,18,170.4,69.3,77,83,37.4
14399,female,32,148.3,67.1,8,87,38.0
14400,male,41,160.6,74.8,27,89,38.9
14401,female,21,163.7,76.1,79,157,38.8
14402,male,35,178.0,70.4,93,181,40.7
14403,female,34,173.7,77.8,101,80,39.8
14404,male,24,170.6,66.5,12,66,41.0
14405,female,67,179.4,83.9,79,157,39.5
14406,female,62,162.7,46.3,98,122,38.4
14407,female,69,161.4,80.2,90,161,37.1
14408,male,69,183.9,85.0,71,82,38.0
14409,male,27,180.2,100.0,103,108,38.2
14410,male,18,178.3,75.6,119,118,37.4
14411,female,19,177.0,70.1,55,73,39.4
14412,male,66,168.6,77.8,10,66,39.9
14413,male,39,167.7,91.6,42,119,37.2
14414,male,49,183.5,64.9,24,69,38.6
14415,male,46,183.0,73.6,112,178,37.1
14416,male,52,165.5,88.0,109,182,40.3
14417,male,34,170.7,87.0,17,84,39.2
14418,female,29,151.8,79.2,97,68,40.1
14419,female,41,163.2,49.2,105,69,39.8
14420,male,47,181.3,59.2,34,81,40.8
14421,female,61,158.3,40.8,43,69,41.0
14422,female,47,151.2,51.2,25,114,39.5
14423,male,37,163.6,89.8,65,136,39.1
14424,male,59,159.2,87.9,88,160,41.5
14425,female,24,166.5,52.5,23,89,37.9
14426,male,59,186.5,69.0,93,89,39.9
14427,female,67,171.2,79.0,38,182,39.8
14428,female,55,158.6,85.4,44,153,41.3
14429,female,24,160.4,54.7,8,106,37.4
14430,male,66,173.4,84.5,17,95,41.3
14431,female,47,165.9,77.1,66,156,40.4
14432,male,29,188.6,84.7,60,183,37.6
14433,male,66,172.2,81.0,118,111,37.9
14434,male,48,169.8,81.5,71,143,38.2
14435,male,35,181.5,93.6,15,171,40.0
14436,male,63,169.3,109.8,41,115,40.4
14437,female,60,161.6,45.1,67,119,40.3
14438,male,19,164.4,95.5,116,124,39.9
14439,male,50,176.5,87.7,24,91,37.6
14440,male,28,175.5,71.1,102,103,37.2
14441,male,51,182.7,75.6,65,142,38.2
14442,male,33,181.9,90.6,12,77,39.7
14443,female,52,165.4,66.5,60,160,38.6
14444,male,69,178.2,79.4,82,172,40.8
14445,male,50,174.4,71.8,46,99,40.7
14446,female,38,162.3,57.3,27,112,38.0
14447,male,37,166.1,68.4,64,172,40.0
14448,female,25,156.9,60.3,66,78,40.7
14449,female,68,159.6,74.0,10,172,41.1
14450,female,43,153.7,56.5,12,100,38.9
14451,female,50,158.9,86.8,59,117,41.1
14452,male,43,183.6,89.1,82,103,40.3
14453,male,54,169.1,69.1,26,69,38.3
14454,female,47,177.5,48.9,26,175,38.5
14455,female,48,160.2,75.5,30,136,37.6
14456,male,50,179.5,104.2,15,74,38.7
14457,female,28,165.4,67.1,68,66,38.6
14458,female,58,161.3,56.0,18,159,39.8
14459,female,22,165.8,75.9,22,181,38.4
14460,male,19,165.4,87.3,12,103,38.9
14461,female,30,159.5,59.5,58,89,37.6
14462,male,35,157.3,68.3,118,98,40.3
14463,male,43,179.8,76.3,15,143,37.2
14464,male,42,169.5,98.2,111,120,40.4
14465,female,61,171.4,58.8,38,170,37.8
14466,female,31,157.7,62.3,70,145,41.4
14467,male,22,171.7,68.2,86,86,41.4
14468,male,59,162.4,79.0,16,175,41.5
14469,male,69,190.5,95.1,71,176,37.1
14470,female,19,160.1,72.6,58,97,38.0
14471,female,21,174.8,75.9,25,134,39.5
14472,male,29,175.9,65.9,87,122,40.3
14473,male,28,168.8,88.6,59,146,40.7
14474,female,21,149.5,40.0,72,94,37.6
14475,male,60,168.6,81.6,38,127,40.9
14476,female,26,153.7,50.1,82,131,40.1
14477,female,27,156.6,47.3,52,159,38.3
14478,male,44,156.2,88.4,94,179,37.0
14479,male,23,164.6,99.7,96,76,41.1
14480,female,32,162.5,65.1,85,74,37.9
14481,female,59,161.3,69.7,24,182,38.6
14482,female,48,160.1,61.4,84,126,40.8
14483,female,39,160.7,76.7,60,127,40.0
14484,female,23,159.5,67.8,118,100,37.6
14485,male,50,171.1,70.5,95,120,41.4
14486,female,46,162.2,70.6,23,70,38.4
14487,female,38,164.9,63.2,26,95,39.7
14488,female,69,161.6,67.0,7,164,39.8
14489,male,47,190.1,81.7,36,97,39.6
14490,male,38,181.7,90.6,17,138,39.6
14491,female,53,167.2,82.9,81,127,38.1
14492,female,39,162.8,66.5,30,102,41.3
14493,male,63,176.6,76.8,39,90,39.2
14494,male,37,174.5,70.1,55,80,37.6
14495,male,39,174.3,98.3,47,88,40.8
14496,male,69,173.3,56.8,82,169,37.7
14497,female,57,164.2,58.7,39,88,40.9
14498,male,28,185.1,93.6,88,137,39.5
14499,female,64,149.9,67.1,14,89,37.2
14500,female,48,165.0,70.9,88,172,37.6
14501,male,68,178.9,69.2,91,87,41.2
14502,male,57,168.2,93.1,13,118,37.6
14503,male,30,179.5,73.7,15,131,39.6
14504,male,35,182.1,70.0,60,96,38.4
14505,female,39,159.1,59.9,84,138,40.6
14506,female,34,174.9,73.1,111,111,40.6
14507,female,55,165.5,63.9,89,99,40.6
14508,male,42,170.0,83.9,80,150,37.9
14509,female,49,164.8,68.1,73,78,40.2
14510,male,32,174.9,79.4,62,89,37.4
14511,female,30,152.9,71.5,46,123,37.3
14512,male,43,168.4,54.0,6,118,38.8
14513,female,67,159.6,81.9,20,143,39.7
14514,female,28,168.0,67.3,12,158,38.4
14515,male,30,171.5,70.4,117,159,38.4
14516,female,50,174.8,68.1,106,142,37.3
14517,female,67,162.8,74.9,86,72,37.9
14518,male,54,189.2,76.4,74,72,39.7
14519,male,55,182.7,82.0,99,159,40.1
14520,male,18,169.2,71.2,64,165,41.1
14521,male,56,174.6,86.2,8,165,38.7
14522,male,44,187.3,88.8,81,67,38.1
14523,female,53,168.7,68.5,28,161,40.2
14524,male,49,181.3,91.2,116,76,40.0
14525,female,58,167.1,45.1,14,96,38.2
14526,female,32,165.5,57.9,42,160,40.5
14527,male,48,171.6,83.0,49,85,37.9
14528,female,23,156.0,71.1,16,171,38.6
14529,female,42,164.5,62.8,7,138,38.1
14530,male,66,174.1,74.0,86,172,39.9
14531,female,69,162.8,58.4,58,105,39.2
14532,male,35,176.6,71.1,52,106,40.3
14533,male,39,173.6,70.5,66,121,37.5
14534,male,48,171.8,73.4,98,154,38.2
14535,female,53,146.7,51.4,51,141,39.2
14536,female,26,176.6,65.5,93,126,37.3
14537,female,63,149.7,72.7,5,137,40.3
14538,female,20,169.7,56.3,119,161,38.3
14539,male,50,182.9,89.9,74,159,39.7
14540,female,44,173.0,60.1,51,120,41.1
14541,male,60,177.7,114.3,65,76,38.1
14542,female,18,165.7,71.9,105,120,40.4
14543,female,61,149.1,58.1,49,122,39.9
14544,female,26,168.1,65.2,38,87,37.8
14545,female,22,165.9,78.6,57,153,40.3
14546,female,32,167.3,59.6,60,157,37.3
14547,male,67,173.8,56.6,83,97,39.3
14548,female,26,164.2,49.9,18,82,37.5
14549,female,62,161.5,68.6,45,105,40.1
14550,female,45,157.3,61.0,45,172,38.4
14551,female,30,159.9,70.2,10,76,40.6
14552,male,41,176.4,92.8,109,184,39.2
14553,female,62,157.1,68.2,50,126,37.4
14554,male,27,173.7,84.1,41,122,39.7
14555,female,59,156.1,38.6,70,164,37.1
14556,male,39,166.3,90.8,10,68,38.3
14557,male,56,174.5,89.1,99,77,38.2
14558,male,39,183.9,76.7,80,95,41.4
14559,male,54,170.3,89.8,62,86,38.1
14560,male,69,171.8,72.2,5,174,40.0
14561,female,56,164.8,70.6,39,165,38.2
14562,male,37,172.6,84.8,91,184,37.4
14563,female,27,151.0,68.0,63,103,37.3
14564,male,27,174.1,81.6,87,122,41.2
14565,male,43,164.2,87.3,10,94,37.4
14566,female,42,163.0,73.9,6,184,40.7
14567,male,45,169.8,82.2,27,98,39.4
14568,male,30,174.8,106.6,59,159,38.9
14569,male,32,178.6,70.1,49,70,41.5
14570,male,23,190.5,92.4,118,183,41.0
14571,female,69,176.4,77.6,96,154,38.1
14572,male,29,181.9,94.2,26,113,39.7
14573,male,36,181.9,71.3,40,109,37.7
14574,female,49,156.1,67.1,6,141,39.7
14575,female,28,164.1,49.0,21,157,37.6
14576,male,55,188.1,77.9,103,114,39.8
14577,male,50,168.9,87.6,51,90,41.4
14578,female,19,172.9,78.3,15,103,39.6
14579,male,32,178.2,55.7,26,150,37.6
14580,female,53,170.3,53.5,13,116,40.6
14581,male,22,181.2,65.1,6,68,38.5
14582,female,32,156.3,56.5,74,99,37.4
14583,female,60,166.1,62.1,105,69,40.0
14584,female,27,163.1,65.9,112,92,40.7
14585,male,34,176.3,65.7,49,85,39.2
14586,male,51,171.2,79.1,79,137,41.2
14587,male,69,165.2,109.8,64,74,40.1
14588,male,41,170.9,99.5,15,119,39.8
14589,female,27,157.7,79.3,46,168,38.6
14590,female,69,156.2,63.6,57,97,38.4
14591,female,47,160.6,52.7,90,104,38.3
14592,male,20,167.5,73.6,41,171,41.3
14593,male,68,180.8,71.7,9,69,39.9
14594,male,54,179.1,90.2,29,137,39.7
14595,female,20,160.6,78.4,74,145,38.4
14596,male,57,185.9,97.3,77,97,38.6
14597,male,22,179.3,63.8,48,145,38.3
14598,female,45,155.3,63.3,71,134,37.7
14599,female,61,158.9,68.4,60,155,41.1
14600,male,31,188.3,76.6,30,155,39.6
14601,female,56,185.4,77.6,21,174,40.3
14602,male,28,178.7,87.7,19,142,39.1
14603,female,25,156.7,78.8,71,69,37.3
14604,female,54,154.8,65.1,33,145,39.1
14605,female,25,166.2,63.0,68,68,37.2
14606,male,29,184.3,89.6,33,169,41.3
14607,male,32,183.1,84.9,59,135,38.5
14608,male,36,177.8,93.0,35,101,37.7
14609,female,65,172.5,75.4,87,142,38.0
14610,female,63,168.3,62.7,44,180,41.1
14611,female,45,168.0,72.4,67,77,37.9
14612,female,24,165.6,71.0,41,93,37.6
14613,male,57,169.1,78.2,74,177,39.8
14614,male,24,166.0,84.0,5,183,37.4
14615,male,47,180.3,84.4,78,162,39.1
14616,female,35,166.0,55.5,77,162,40.1
14617,female,41,167.0,80.3,113,166,37.6
14618,male,23,181.7,52.3,110,103,40.5
14619,female,68,165.4,56.2,43,112,38.9
14620,male,21,171.9,86.7,83,153,40.2
14621,female,20,156.8,52.6,25,99,38.1
14622,female,66,168.1,71.3,110,126,39.0
14623,male,68,184.6,84.5,32,84,39.1
14624,male,64,170.4,68.7,67,159,38.3
14625,female,23,166.4,59.5,57,174,40.6
14626,male,43,187.7,86.3,24,123,37.8
14627,male,61,177.7,87.0,53,108,40.0
14628,female,68,154.8,49.6,101,118,41.2
14629,female,55,171.6,66.2,67,153,40.8
14630,female,28,165.2,80.0,52,183,40.4
14631,male,69,164.6,66.5,101,122,37.6
14632,female,46,155.6,70.9,49,157,40.4
14633,female,37,168.5,80.6,39,178,38.7
14634,female,27,156.5,64.1,8,116,37.5
14635,female,43,159.1,63.7,56,114,40.1
14636,female,65,163.9,68.4,96,110,37.3
14637,male,44,186.2,78.4,114,162,38.7
14638,female,67,157.5,58.1,48,74,40.9
14639,female,31,162.6,44.6,40,83,40.1
14640,male,53,183.7,98.6,25,167,39.3
14641,female,29,169.3,73.3,73,75,41.0
14642,female,69,168.0,55.5,18,104,40.4
14643,male,40,173.5,74.5,119,104,39.1
14644,female,38,159.7,56.9,16,100,40.4
14645,male,25,171.5,80.5,74,151,41.0
14646,female,56,150.8,65.6,95,119,37.6
14647,male,26,175.4,75.8,40,108,37.9
14648,male,41,153.6,82.6,16,166,40.3
14649,female,48,162.4,77.1,69,153,37.8
14650,male,42,185.1,79.3,74,108,37.7
14651,male,34,174.6,80.2,92,177,40.0
14652,female,59,157.7,54.6,85,109,39.4
14653,female,46,166.6,60.3,39,149,40.4
14654,male,20,163.9,54.8,73,166,38.4
14655,female,38,166.1,76.0,107,127,39.7
14656,male,25,178.8,79.8,77,155,41.0
14657,male,31,185.9,91.5,46,66,41.1
14658,female,56,169.1,68.4,20,70,39.9
14659,female,33,157.6,79.3,65,163,37.1
14660,male,35,176.7,93.9,12,137,39.4
14661,female,48,164.9,47.0,86,84,37.3
14662,female,28,169.5,54.9,35,119,41.5
14663,male,55,174.7,81.4,65,180,41.5
14664,male,37,172.3,74.1,61,161,37.5
14665,male,63,169.8,84.7,86,111,39.1
14666,male,62,179.0,95.4,50,157,40.9
14667,male,21,165.8,101.7,115,91,37.5
14668,male,37,178.3,108.9,46,65,39.5
14669,female,48,161.7,70.4,26,77,37.9
14670,male,37,183.7,80.5,62,131,39.2
14671,female,28,160.6,63.3,92,129,37.9
14672,female,67,163.9,63.2,88,148,39.4
14673,male,18,177.2,93.2,118,168,38.9
14674,female,61,153.5,59.3,88,122,38.8
14675,male,35,198.2,62.3,59,154,37.7
14676,female,56,162.9,74.3,118,140,40.0
14677,male,61,175.5,70.8,21,134,37.3
14678,male,50,173.6,60.7,70,182,41.2
14679,male,53,165.3,84.6,50,114,37.3
14680,male,35,179.5,94.9,38,73,38.9
14681,female,64,161.9,76.3,42,184,38.3
14682,female,48,171.8,91.0,119,119,39.5
14683,female,52,156.8,78.0,20,100,37.1
14684,female,56,149.4,73.9,107,84,39.0
14685,female,55,159.3,67.9,95,74,40.4
14686,male,32,181.7,91.5,66,74,40.6
14687,male,64,168.2,94.4,8,95,41.2
14688,male,23,173.9,76.5,62,148,37.5
14689,male,25,185.3,88.8,86,153,39.5
14690,male,57,189.2,67.1,14,109,38.8
14691,female,39,160.5,64.2,70,95,39.9
14692,male,18,175.2,75.4,63,175,40.7
14693,male,30,177.2,64.1,86,169,39.7
14694,female,41,161.0,57.3,99,73,38.0
14695,female,38,163.4,79.5,40,181,38.4
14696,male,62,175.9,62.2,108,169,41.0
14697,male,60,176.6,76.6,94,177,40.0
14698,female,21,164.0,60.8,111,152,39.7
14699,male,24,178.3,74.1,80,68,37.6
14700,male,29,181.7,61.5,7,165,38.5
14701,male,30,176.0,76.7,42,109,38.5
14702,female,61,156.3,49.5,98,88,37.1
14703,male,33,171.5,64.4,40,142,41.2
14704,male,23,176.8,94.2,64,136,38.5
14705,female,31,167.5,48.2,86,177,37.5
14706,female,68,156.1,66.8,81,155,39.2
14707,female,65,155.0,77.8,71,170,39.0
14708,male,48,165.3,81.5,8,117,40.8
14709,female,53,162.0,55.1,16,158,40.6
14710,male,54,171.2,80.9,115,178,40.5
14711,female,58,153.1,70.2,15,142,41.2
14712,male,52,175.1,95.5,15,168,38.7
14713,female,27,172.1,74.5,61,104,39.7
14714,male,34,166.9,71.6,47,122,40.0
14715,male,68,176.1,75.3,113,146,39.1
14716,female,59,164.4,48.2,51,141,38.1
14717,female,47,157.3,50.9,25,93,41.0
14718,male,61,168.1,62.0,27,92,41.1
14719,female,24,170.8,51.6,65,112,40.5
14720,male,35,185.0,96.6,51,116,38.6
14721,female,36,158.2,67.3,85,178,37.0
14722,female,32,164.7,61.7,69,132,39.2
14723,male,56,176.1,93.9,42,155,39.4
14724,female,61,161.6,67.9,100,100,39.2
14725,female,39,165.8,62.9,11,88,37.4
14726,male,56,173.7,70.1,18,121,40.5
14727,male,59,182.8,66.8,69,152,39.4
14728,female,47,158.2,70.2,42,67,38.0
14729,male,37,179.7,96.2,54,109,41.3
14730,female,49,175.3,73.1,77,83,38.4
14731,female,59,165.3,79.5,34,167,38.7
14732,male,42,183.4,67.9,38,113,38.8
14733,male,40,179.1,90.4,30,73,38.8
14734,male,22,165.7,90.0,57,150,39.9
14735,male,67,182.6,71.5,21,86,38.3
14736,male,58,171.0,52.2,90,119,41.1
14737,male,47,173.4,75.7,111,80,39.6
14738,female,65,155.2,66.0,23,184,41.0
14739,female,56,171.1,67.8,66,136,41.1
14740,male,44,178.5,81.0,17,145,40.5
14741,female,59,159.0,63.4,84,176,38.1
14742,female,54,156.7,74.2,48,101,38.5
14743,female,24,162.8,61.5,32,91,38.0
14744,female,22,164.3,65.5,109,99,39.1
14745,male,32,171.7,69.4,108,99,39.3
14746,female,68,154.7,66.2,50,142,38.5
14747,female,59,173.3,58.2,86,116,40.9
14748,male,25,175.0,66.7,109,171,38.8
14749,male,26,184.7,70.2,80,105,40.2
14750,male,28,173.3,99.0,85,86,40.8
14751,male,39,167.2,99.1,115,86,37.7
14752,female,51,152.2,76.5,87,180,40.2
14753,male,52,175.8,89.1,110,139,37.7
14754,female,30,168.8,75.1,62,160,40.4
14755,female,28,164.3,68.5,40,155,39.6
14756,male,49,181.4,93.1,105,84,39.3
14757,male,59,163.6,83.0,43,110,39.4
14758,male,32,187.3,90.5,23,98,38.8
14759,male,55,153.1,74.4,112,147,37.2
14760,male,18,192.2,81.8,92,126,39.5
14761,male,63,172.7,82.3,95,74,37.1
14762,female,67,179.3,59.6,41,77,41.1
14763,female,41,169.2,73.1,69,179,38.1
14764,female,60,165.1,68.8,105,180,39.9
14765,female,57,154.4,61.9,55,156,39.5
14766,male,39,173.9,81.8,52,72,39.8
14767,male,20,185.5,64.5,24,181,38.5
14768,female,31,162.2,83.6,49,150,39.0
14769,female,19,159.3,76.7,30,118,40.4
14770,female,49,166.9,71.4,43,156,38.8
14771,male,65,179.2,74.2,7,80,38.3
14772,male,55,170.6,80.6,80,81,37.1
14773,male,50,181.3,76.5,37,104,39.1
14774,female,63,148.1,67.4,28,170,40.1
14775,female,59,159.8,77.5,88,113,38.3
14776,male,23,173.0,85.5,55,168,40.9
14777,male,58,155.6,75.4,26,126,37.5
14778,female,56,166.1,55.5,62,83,38.7
14779,female,42,154.0,74.9,83,113,40.3
14780,male,51,174.8,84.7,24,182,41.4
14781,female,28,159.3,53.3,27,102,38.7
14782,male,63,182.7,73.1,63,146,40.3
14783,male,54,172.6,79.8,91,126,40.1
14784,female,58,162.6,56.2,119,101,41.2
14785,female,24,184.9,56.2,54,157,39.3
14786,female,63,176.0,63.2,36,79,39.7
14787,male,65,182.0,57.0,56,149,37.7
14788,female,39,163.5,53.5,78,125,38.2
14789,female,65,160.8,51.6,63,120,39.8
14790,male,56,167.8,95.9,110,71,39.5
14791,male,27,165.1,82.9,98,179,39.0
14792,female,38,162.1,91.4,87,100,40.2
14793,male,23,178.2,91.2,61,176,38.1
14794,male,66,184.2,90.0,110,150,40.1
14795,male,18,174.7,66.4,35,183,37.8
14796,female,51,164.3,65.0,112,101,39.2
14797,female,31,152.6,63.6,58,134,37.5
14798,male,53,179.5,103.9,88,104,39.3
14799,male,44,164.1,88.4,8,142,40.7
14800,male,26,170.1,72.5,24,81,39.2
14801,female,23,149.9,58.8,77,65,38.5
14802,male,48,174.3,67.9,48,108,37.6
14803,male,34,176.5,61.3,30,130,38.6
14804,female,60,154.2,71.4,23,106,40.9
14805,male,53,176.0,68.2,119,109,38.8
14806,female,38,152.2,63.9,95,166,37.8
14807,female,44,158.9,79.4,43,110,41.0
14808,female,58,163.9,67.8,23,177,41.2
14809,male,45,161.4,67.7,100,164,41.3
14810,male,33,176.5,80.7,51,119,39.3
14811,female,52,157.9,70.5,78,178,39.5
14812,male,53,180.4,90.5,40,85,38.4
14813,female,52,158.5,83.3,92,69,38.5
14814,male,62,167.8,56.3,41,148,39.3
14815,female,36,160.0,55.5,40,105,37.7
14816,female,38,164.2,66.6,109,150,41.3
14817,male,50,168.3,92.1,87,104,40.1
14818,male,40,171.2,84.2,109,151,37.2
14819,male,23,185.0,93.5,55,129,38.2
14820,male,49,189.4,62.2,92,77,38.4
14821,female,39,170.3,51.8,18,152,37.0
14822,female,20,158.9,51.2,42,153,41.4
14823,male,52,173.8,69.7,83,171,38.3
14824,male,33,157.6,45.2,57,156,37.2
14825,female,59,164.3,54.4,63,132,40.9
14826,male,42,184.5,85.2,15,87,37.5
14827,male,34,163.5,79.2,112,177,39.1
14828,male,56,176.0,64.6,83,68,38.6
14829,male,30,170.3,71.3,26,104,37.4
14830,female,45,165.5,43.5,8,125,37.1
14831,female,28,176.9,78.3,61,122,38.2
14832,male,27,187.2,69.5,92,162,38.6
14833,female,56,172.2,58.6,30,148,40.4
14834,male,41,181.2,51.3,9,81,40.3
14835,male,55,177.0,96.4,106,94,39.1
14836,male,41,173.9,78.8,67,156,37.9
14837,female,50,165.6,52.8,61,88,40.8
14838,female,34,156.7,72.4,16,176,39.9
14839,female,61,167.2,76.9,56,159,38.6
14840,female,53,159.5,68.8,6,160,40.9
14841,female,52,177.2,63.1,42,102,40.7
14842,male,23,179.4,77.7,61,123,37.0
14843,male,33,180.1,70.9,43,127,40.9
14844,female,62,167.1,67.3,34,157,39.4
14845,female,45,157.8,59.3,32,128,41.2
14846,female,58,167.5,60.5,47,135,40.5
14847,male,49,177.7,71.9,73,116,37.7
14848,female,43,173.1,57.6,45,182,38.5
14849,male,28,174.8,77.4,31,118,38.4
14850,male,69,168.7,63.9,76,79,40.2
14851,female,42,161.7,65.5,45,120,39.4
14852,male,48,175.3,62.5,37,173,38.2
14853,male,38,163.5,98.1,18,134,40.4
14854,female,62,162.9,59.1,48,118,39.9
14855,male,68,177.4,104.1,110,145,40.6
14856,female,20,162.5,60.7,23,161,40.4
14857,male,29,178.4,89.5,96,125,39.8
14858,female,68,153.4,83.3,113,108,37.7
14859,female,57,162.8,63.1,114,65,37.9
14860,male,63,172.0,76.9,104,127,40.5
14861,female,58,172.9,62.5,21,123,40.9
14862,male,42,182.6,95.3,98,67,39.3
14863,male,34,185.8,88.3,119,77,41.4
14864,female,55,172.6,59.2,105,75,38.3
14865,male,53,181.6,92.0,80,125,40.3
14866,female,53,171.0,71.7,75,76,40.0
14867,male,36,186.8,73.2,101,146,40.4
14868,male,61,174.4,72.8,67,168,38.9
14869,female,19,155.3,61.4,90,144,38.1
14870,male,34,159.0,77.1,99,97,38.8
14871,male,47,188.3,72.3,29,105,37.9
14872,male,64,178.8,78.1,92,68,37.5
14873,male,27,179.4,92.9,64,152,40.1
14874,male,52,186.9,88.6,36,164,41.4
14875,male,69,161.8,78.5,27,111,40.0
14876,male,53,172.1,87.3,98,110,37.6
14877,male,50,173.1,83.0,40,118,39.3
14878,female,18,170.0,67.3,45,172,39.7
14879,male,35,169.5,76.4,119,135,40.3
14880,male,21,165.4,81.8,19,73,40.5
14881,female,64,159.9,76.6,55,165,37.9
14882,female,44,158.5,54.1,30,147,38.5
14883,female,42,163.3,74.9,67,157,39.4
14884,male,45,170.6,62.6,11,134,37.0
14885,female,39,163.2,67.4,98,100,37.9
14886,female,59,172.9,74.3,29,122,41.3
14887,male,42,161.4,102.3,27,150,38.6
14888,male,34,162.3,78.1,31,150,40.4
14889,female,61,162.6,60.1,41,102,39.1
14890,female,69,159.7,54.4,99,107,41.5
14891,male,29,173.4,61.0,33,131,41.1
14892,male,33,178.4,61.6,85,89,38.3
14893,male,54,162.1,70.7,75,142,40.6
14894,male,33,162.6,76.0,53,69,39.5
14895,male,34,193.0,77.2,72,82,38.4
14896,female,48,146.4,76.7,113,92,39.3
14897,male,32,181.2,65.2,103,94,38.5
14898,male,30,169.7,91.7,22,164,37.8
14899,male,57,173.1,74.6,44,134,39.1
14900,male,44,175.0,94.2,53,159,38.9
14901,male,38,185.5,67.8,73,183,38.4
14902,female,19,162.9,52.8,37,82,39.8
14903,male,25,179.2,60.0,11,89,37.6
14904,female,59,163.5,63.3,47,98,41.4
14905,male,24,181.3,68.0,55,181,38.0
14906,female,27,156.9,60.8,65,136,39.8
14907,female,21,167.5,69.8,90,156,38.8
14908,male,60,169.1,54.3,112,135,37.0
14909,male,58,174.1,70.6,48,127,38.0
14910,male,53,166.4,99.2,94,162,39.5
14911,male,52,174.7,68.0,95,89,38.6
14912,male,60,175.7,86.1,5,182,40.8
14913,female,20,162.1,58.9,111,129,40.0
14914,male,35,173.2,74.5,17,171,37.7
14915,male,68,165.6,104.5,14,123,41.2
14916,female,63,166.8,66.6,27,130,38.1
14917,male,60,180.1,82.0,80,162,37.3
14918,female,41,171.2,77.6,51,160,39.2
14919,male,49,179.4,98.9,19,127,39.0
14920,female,51,177.8,64.3,16,76,39.2
14921,male,19,173.2,106.9,28,108,37.3
14922,female,19,167.9,84.9,117,118,38.3
14923,female,27,171.1,71.0,36,90,41.1
14924,male,40,186.8,87.4,94,118,40.6
14925,male,32,173.2,77.3,20,150,37.7
14926,male,29,168.3,81.8,103,171,38.3
14927,female,60,173.8,52.9,116,95,40.4
14928,female,34,159.6,65.2,108,161,40.9
14929,female,35,160.9,79.3,84,86,37.6
14930,male,31,162.2,82.7,22,112,39.7
14931,male,34,186.1,81.7,22,72,39.0
14932,female,32,168.7,65.0,58,144,39.2
14933,male,29,181.7,94.0,84,92,40.6
14934,female,33,157.6,75.3,19,142,39.7
14935,male,49,177.2,73.7,91,132,39.5
14936,male,40,170.3,67.0,103,88,38.7
14937,female,55,169.7,56.3,11,147,38.5
14938,male,51,176.1,66.0,12,182,40.3
14939,male,51,163.3,84.1,118,89,41.1
14940,male,33,167.3,89.3,73,111,37.1
14941,male,51,170.7,75.3,97,176,39.1
14942,male,57,169.0,82.8,32,81,39.6
14943,female,24,161.6,81.8,34,164,38.3
14944,male,50,175.1,77.9,105,130,37.4
14945,female,21,150.2,69.5,30,173,37.8
14946,male,60,171.1,80.1,17,155,40.2
14947,male,69,171.0,74.7,45,170,38.0
14948,female,24,156.7,73.6,113,72,38.8
14949,female,35,168.1,77.6,21,126,37.1
14950,male,21,168.5,85.2,50,101,37.8
14951,male,66,181.1,79.1,49,69,40.7
14952,female,28,164.8,76.3,102,110,39.4
14953,female,60,166.3,59.1,97,68,37.4
14954,female,37,155.9,62.7,65,123,37.4
14955,female,28,152.2,57.2,110,134,41.1
14956,male,32,173.3,88.3,11,93,38.7
14957,male,63,179.1,76.9,82,72,40.5
14958,male,34,178.5,81.0,40,112,39.0
14959,male,51,162.4,81.0,20,138,37.6
14960,male,67,173.9,68.6,19,163,39.4
14961,female,65,165.6,59.2,44,125,37.4
14962,female,29,167.4,70.5,75,117,40.9
14963,female,59,167.1,72.9,114,138,37.2
14964,male,45,170.1,78.0,40,174,40.2
14965,female,65,156.7,68.3,101,128,41.4
14966,male,52,158.1,89.0,49,80,41.0
14967,male,25,182.8,94.1,62,140,41.1
14968,male,44,180.7,79.9,47,89,38.2
14969,female,39,166.1,58.2,74,143,39.1
14970,male,41,186.9,88.7,5,128,38.0
14971,male,19,165.2,106.4,91,142,40.1
14972,female,48,173.4,64.8,68,124,39.9
14973,male,39,186.8,76.7,39,134,38.3
14974,female,18,165.9,76.8,43,164,38.8
14975,male,31,173.6,89.6,10,131,38.7
14976,female,42,161.5,62.9,14,173,40.1
14977,male,53,181.8,95.8,19,91,37.1
14978,male,53,155.8,66.4,73,81,41.2
14979,female,58,162.0,64.3,16,153,37.6
14980,male,20,174.1,85.5,36,180,38.4
14981,female,22,173.5,69.8,59,176,37.2
14982,male,18,174.5,73.4,73,99,39.0
14983,female,36,164.5,68.0,46,133,40.3
14984,male,50,156.4,72.0,6,126,40.5
14985,male,59,171.9,71.1,45,158,38.6
14986,male,47,181.8,86.2,101,146,38.7
14987,female,29,164.2,69.8,46,148,38.5
14988,female,27,156.9,57.1,10,91,38.0
14989,female,51,176.9,60.3,30,108,40.2
14990,female,33,163.2,68.2,94,145,41.0
14991,female,57,169.2,78.9,76,127,38.8
14992,male,63,162.8,84.1,93,162,40.2
14993,male,46,179.9,66.8,27,120,39.2
14994,male,32,183.9,93.8,42,72,37.6
14995,male,65,192.0,81.2,21,121,39.3
14996,male,28,163.2,103.0,62,140,38.2
14997,female,61,159.3,58.9,55,125,40.0
14998,male,51,181.7,93.9,84,163,39.0
14999,female,53,167.1,66.7,49,67,40.0
15000,male,47,167.7,77.2,114,111,39.2
